{"content":[{"type":"paragraph","crDate":1686651780420,"chDate":1686652055328,"text":"Autovervollständigung ist kein neues Thema. Im VSCode z.B. werkelt <i>IntelliSense</i> und versucht, den nächsten Befehl zu erraten.\nAI geht hier einen deutlichen Schritt weiter: Eine AI versucht, ganze Codeabschnitte, Funktionen und Blöcke zu erraten."},{"type":"subheader","crDate":1686652062699,"chDate":1686652207205,"text":"Tabnine"},{"type":"paragraph","crDate":1686652209965,"chDate":1693484092880,"text":"Tabnine beobachtet den Code, den der Benutzer schreibt und lernt daraus. \nDaraus erzeugt es dann Code-Vorschläge, die im Laufe der Zeit immer besser werden."},{"type":"links","crDate":1686652236667,"chDate":1686652236667,"links":[{"title":"VSCode Extension","url":"https://marketplace.visualstudio.com/items?itemName=TabNine.tabnine-vscode"}]},{"type":"subheader","crDate":1686652167168,"chDate":1686652177558,"text":"GitHub Copilot"},{"type":"paragraph","crDate":1686652461497,"chDate":1686652929997,"text":"Github Copilot ist eine Extension für VSCode und andere Editoren, die ganze Codeabschnitte zu erraten versucht.\nDie Trainingsdaten für Copilot stammen aus Github. Es wird also der Code anderer Entwickler:innen genommne, um die Codevorschläge zu erzeugen.\nCopilot erfordert einen Login bei Github und kostet 10€/Monat."},{"type":"links","crDate":1686652562355,"chDate":1686652562355,"links":[{"title":"Github Docs","url":"https://docs.github.com/de/copilot/getting-started-with-github-copilot?tool=vscode"},{"title":"IntelliSense Integration","url":"https://devblogs.microsoft.com/visualstudio/github-copilot-visual-studio-intellisense/"}]}]}