{"content":[{"type":"paragraph","crDate":1715344377369,"chDate":1715344605104,"text":"Eine häufig wiederkehrende Anforderung ist das Mischen von Arrays.\nDieser eigentlich einfache Wunsch kann für Anfänger eine Herausforderung sein.\nIn diesem Code wird das Array iteriert. Für jeden Slot wird in zufälliger anderer Slot ausgewürfelt und die beiden tauschen dann ihre Inhalt."},{"type":"code","crDate":1715345099364,"chDate":1715345143630,"text":"let arr = [1, 2, 3, 4, 5, 6, 7, 8, 9];\n\narr.forEach((val, index) => {\n let rndIndex = ~~(Math.random() * (arr.length - 1));\n [arr[index], arr[rndIndex]] = [arr[rndIndex], arr[index]];\n})\n\nconsole.log(arr.join(' '));"}]}