{"content":[{"type":"paragraph","crDate":1725870802197,"chDate":1725872013146,"text":"Snippets (a.k.a. <i>Benutzercodeschnipsel</i>) sind kleine, wiederverwendbare Codeblöcke, die schnell und effizient in eine Datei eingefügt werden kann. Sie beschleunigen den Programmierprozess, indem sie das wiederholte Tippen von Standardcode überflüssig machen.\nSnippets werden in Form von JSON-Dateien abgelegt. Der Ordner, in dem diese JSON-Dateien abgelegt sind, unterscheidet sich von Betriebssystem zu Betriebssystem. Der schnellste Weg, diesen Ordner zu finden ist (Windows-Version):\n<ol>\n<li>Menü File -> Preferences -> Configure User Snippets</li>\n<li></li>\n<li></li>\n<li></li>\n</ol>"},{"type":"image","crDate":1725871814774,"chDate":1725871814774,"filename":"6bd38305969a1c2be07fbbe01.jpg","subtext":"Menü-Eintrag der Snippets"}]}