{"content":[{"type":"paragraph","crDate":1694438718959,"chDate":1694439053892,"text":"Das input-Element mit dem type-Attribut <i>color</i> ermöglicht es dem Benutzer, eine Farbe auszuwählen. Wenn der Benutzer auf das Eingabefeld klickt, wird ein Farbwähler angezeigt, mit dem er eine Farbe auswählen kann. Die ausgewählte Farbe wird dann im Eingabefeld angezeigt.\nDie Darstellung des Farbauswählers unterscheidet sich von Browser zu Browser."},{"type":"code","crDate":1694438952550,"chDate":1723211888436,"text":" &lt;input type=\"color\" name=\"colorPicker\" />"},{"type":"paragraph","crDate":1723211895321,"chDate":1723211900400,"text":"<input type=\"color\" name=\"colorPicker\" />"},{"type":"paragraph","crDate":1694439552081,"chDate":1694439607534,"text":"Der Value eines Color-Elementes wird als Hexadezimal-Wert zurückgegeben."},{"type":"code","crDate":1694439610557,"chDate":1694439654441,"text":"const handleSend = evt => {\n evt.preventDefault();\n let inpColor = document.querySelector('[type=\"color\"]');\n console.log(inpColor.value);  // -> z.B. #123456\n}\n\nconst elForm = document.querySelector('form');\nelForm.addEventListener('submit', handleSend);"},{"type":"paragraph","crDate":1694440182836,"chDate":1694440460397,"text":"Um den Wert zu verändern muss dieser in der Form <i>#RRGGBB</i> vorliegen. Dabei stehen RR, GG und BB für Hexadezimalwert für den Rot-, Grün- und Blaukanal steht."},{"type":"code","crDate":1694440468425,"chDate":1694440510820,"text":"const handleSend = evt => {\n evt.preventDefault();\n let inpColor = document.querySelector('[type=\"color\"]');\n let newColor = ~~(Math.random()*(0xffffff));\n newColor = '#' + newColor.toString(16);\n inpColor.value = newColor;\n}\n\nconst elForm = document.querySelector('form');\nelForm.addEventListener('submit', handleSend);\n"}]}