{"content":[{"type":"paragraph","crDate":1693394526472,"chDate":1693395054835,"text":"Variablen, die in der Vue-App verwendet werden sollen, müssen im App-Objekt abgelegt werden.\nDazu wird in das Objekt, das dem Constructor übergeben wird, ein Attribut namens <i>data</i> eingetragen. \nDa seit Vue2 des Konzept der Komponenten in Vue Einzug gehalten hat, muss das data-Attribut eine Funktion erhalten, welche ein Objekt zurückgibt. Ansonsten würden alle Komponenten, die hier erzeugt werden, die Nutzdaten teilen."},{"type":"code","crDate":1693395109704,"chDate":1693395174274,"text":"// eine neue App erzeugen\nconst myApp = createApp({\n data() {\n  return {\n   x: 12,\n   y: 23\n  }\n }\n});  \n          \n// App mit einem DOM-Element verknüpfen\nmyApp.mount('#app');"}]}