{"content":[{"type":"paragraph","crDate":1715941262870,"chDate":1716361973160,"text":"Beim Einsatz von Klassen kann es vorkommen, dass diese Klassen nur unter bestimmten Umständen gewisse Eigenschaften tragen sollen. Sei es, wenn sie in ein bestimmtes Modul geladen wurden oder falls eine Variable einen gewissen Wert enthält.\nIn dem Fall ist es wünschenswert, der Klasse nachträglich diese Eigenschaften zuzuweisen.\nDas Mixin-Pattern besteht aus mehreren Objekten, die Attribute und Methoden enthalten. Anhand einer Fallunterscheidung werden dann der Klasse die Attribute des einen oder anderen Objektes zusätzlich zugewiesen."},{"type":"code","crDate":1715942741410,"chDate":1715942782154,"text":"let numCitizens = 500\n\nclass Settlement {\n constructor(name, founded) {\n  this.name = name;\n  this.founded = founded\n }\n}\n\nconst settingsVillage = {\n hospital: false,\n mall: false,\n}\n\nconst settingsTown = {\n hospital: false,\n mall: true,\n}\n\nconst settingsCity = {\n hospital: true,\n mall: true,\n}\n\nif (numCitizens < 1000)\n Object.assign(Settlement.prototype, settingsVillage);\nelse if (numCitizens < 10000)\n Object.assign(Settlement.prototype, settingsTown);\nelse\n Object.assign(Settlement.prototype, settingsCity);\n\n\nlet mySettlement = new Settlement('Dumperdingen', 1812);\nconsole.log(mySettlement.mall);"}]}