{"content":[{"type":"paragraph","crDate":1694077367212,"chDate":1694077376310,"text":"Das <i>checkbox</i>-Element in HTML wird verwendet, um eine Checkbox zu erstellen, mit der Benutzer eine Option auswählen oder deaktivieren können. Wenn die Checkbox aktiviert ist, wird ein Haken angezeigt, andernfalls bleibt sie leer.\nUm eine Checkbox in HTML zu erstellen, verwenden Sie das input-Element mit dem Attribut type=\"checkbox\". "},{"type":"code","crDate":1694077922837,"chDate":1694078788646,"text":"&lt;form>\n &lt;p>\n  &lt;span>Hamburg&lt;/span>\n  &lt;input type=\"checkbox\" name=\"cbHamburg\" value=\"hamburg\" checked />\n &lt;/p>&lt;p>\n  &lt;span>Berlin&lt;/span>\n  &lt;input type=\"checkbox\" name=\"cbBerlin\" value=\"berlin\" />\n &lt;/p>&lt;p>\n  &lt;span>München&lt;/span>\n  &lt;input type=\"checkbox\" name=\"cbMuenchen\" value=\"munich\" />\n &lt;/p>&lt;p>\n  &lt;span>Köln&lt;/span>\n  &lt;input type=\"checkbox\" name=\"cbKoeln\" value=\"cologne\" />\n &lt;/p>\n &lt;button>send&lt;/button>\n&lt;/form>"},{"type":"paragraph","crDate":1694078351462,"chDate":1694079430896,"text":"Das <i>checked</i>-Attribut bestimmt, ob die Checkbox ausgewählt ist. Die reine Anwesenheit des checked-Attribut genügt, ein Wert ist nicht nötig.\nUm beim Absenden einer Nachricht auszulesen, welche Felder angehakt sind kann der folgende Code verwendet werden."},{"type":"code","crDate":1694078493100,"chDate":1694078521899,"text":"const elCBs = [...document.querySelectorAll('input[type=\"checkbox\"]')];\nconst elForm = document.querySelector('form')\n\nconst handleSend = evt => {\n evt.preventDefault();\n const selected = elCBs\n  .filter(el => el.checked)\n  .map(el => el.value);\n\n console.log(selected);\n}\nelForm.addEventListener('submit', handleSend);"}]}