{"content":[{"type":"subheader","crDate":1706540603603,"chDate":1706540605730,"text":"CRM"},{"type":"paragraph","crDate":1706540490539,"chDate":1706540678259,"text":"<b>Salesforce Einstein</b> ist eine KI-Technologie, die speziell für die Salesforce Customer Success Platform entwickelt wurde. Es handelt sich um ein Paket integrierter KI-Technologien für die CRM-Suite des Cloudanbieters Salesforce.\nEinstein wurde im Frühjahr 2017 freigegeben und gehört inzwischen zum Kernangebot des Unternehmens. Mit Einstein möchte Salesforce Vertriebs- und Marketing-Abteilungen umfassendere und aktuellere Informationen über vorhandene und potenzielle Kunden zur Verfügung stellen."},{"type":"links","crDate":1706540648472,"chDate":1706540648472,"links":[{"title":"Salesforce Einstein","url":"https://www.salesforce.com/de/products/einstein-ai-solutions/"}]}]}