{"content":[{"type":"subheader","crDate":1722252952835,"chDate":1722252955416,"text":"Export"},{"type":"paragraph","crDate":1722252957276,"chDate":1722252958342,"text":"Es gibt zwei verschiedene Wege eines Exports. Der einfachste ist ein default Export, der durch das Schlüsselwort <i>default</i> markiert wird.\nDer Befehl <i>export default</i> bekommt einen beliebigen Wert übergeben, welcher dann an das importierende Script übergeben wird.\nAls Beispiel soll ein Modul angelegt werden, das die Methoden zur Berechnung der Daten eines Kreises liefert."},{"type":"code","crDate":1722252978159,"chDate":1722252979193,"text":"// Exportierendes Script\nconst kreis = {\n flaeche(radius){\n  return radius ** 2 * Math.PI;\n },\n umfang(radius){\n  return radius * 2 * Math.PI;\n },\n}\nexport default kreis;"},{"type":"subheader","crDate":1722253005399,"chDate":1722253009689,"text":"Import"},{"type":"paragraph","crDate":1722253011579,"chDate":1722253013340,"text":"Um den exportieren Code aus dem Modul verwenden zu können, muss dieses in einem anderen Modul importiert werden.\nDazu dient der import-Befehl. Die aus dem Modul exportierten Daten werden in eine Variable mit dem angegebenen Namen geschrieben.\nDann können die Daten verwendet werden."},{"type":"code","crDate":1722253041152,"chDate":1722253043313,"text":"import kreis from './kreis.js';\n\nlet umfang = kreis.flaeche(10);\nconsole.log(umfang);             // -> 314.1592653589793"},{"type":"paragraph","crDate":1722253074290,"chDate":1722253075932,"text":"Aufgrund des copy-by-reference-Verhaltens werden Objekte als Referenz importiert.\nDas hat zur Folge, dass Objekte die in mehreren Modulen importiert werden, dasselbe Objekt sind.\nWird in einem Modul eine Änderung am Objekt vorgenommen, kann die Änderung auch in den anderen Modulen festgestellt werden."},{"type":"code","crDate":1722253118690,"chDate":1722253120513,"text":"// kreis.js\n'use strict';\n\nconst kreis = { radius:10 };\n\nexport default kreis;"},{"type":"code","crDate":1722253137629,"chDate":1722253139385,"text":"// mymodule.js\n'use strict';\n\nimport kreis from './kreis.js';\nkreis.radius *= 2;\nconst myModule = {};\n\nexport default myModule;"},{"type":"code","crDate":1722253093205,"chDate":1722253096808,"text":"// index.js (Hauptdatei)\nimport kreis from './kreis.js';\nimport myModule from './mymodule.js';\n\nconsole.log(kreis.radius);  // -> 20"}]}