{"content":[{"type":"paragraph","crDate":1696407763540,"chDate":1696410316626,"text":"Zur Füllung eines Pfades kann auch ein Bild genommen werden. Dieses Bild wird üblicherweise wiederholt (<i>gekachelt</i>) dargestellt.\nAuf diese Weise lassen sich Füllungen wir Texturen, Raster, etc umsetzen.\nUm ein Pattern zu verwenden, muss das Pattern zunächst mit der <i>createPattern()</i>-Methode angelegt werden. Diesem wird das Bild übergeben, das für die Füllung verwendet werden soll sowie die Art der Wiederholung.\nAls Bild können die folgenden Elemente verwendet werden: img, image (für svg), video, canvas, ImageBitmap, VideoFrame.\nDbei spielt es keine Rolle, ob die Elemente in der Webseite angezeigt werden oder nicht."},{"type":"paragraph","crDate":1696410325914,"chDate":1696410871874,"text":"Im folgenden Beispiel soll ein Canvas verwendet werden, um zunächst einen Pattern für ein Raster zu erzeugen.\nDann wird das Raster verwendet, um in einem anderen Canvas Flächen zu rastern. \nDas neu erzeugte Canvas wird übrigens nicht in der Webseite eingebunden."},{"type":"code","crDate":1696410874778,"chDate":1696410896352,"text":"const c = document.querySelector('#myCanvas');\nconst ctx = c.getContext('2d');\n\nconst cRaster = document.createElement('canvas');\nconst ctxRaster = cRaster.getContext('2d')\ncRaster.width = 5;\ncRaster.height = 5;\n\n// Raster zeichnen\nctxRaster.lineWidth = 1;\nctxRaster.beginPath();\nctxRaster.moveTo(0, 0);\nctxRaster.lineTo(cRaster.width, cRaster.height);\nctxRaster.stroke();\n\n// Gerasterte Box\nlet raster = ctx.createPattern(cRaster, 'repeat');\nctx.fillStyle = raster;\nctx.fillRect(20, 20, c.width - 40, c.height - 40);"},{"type":"image","crDate":1696410908392,"chDate":1696410908392,"filename":"f989d597f0d37b89086a12704.png"},{"type":"subheader","crDate":1696411319435,"chDate":1696411324729,"text":"Transform"},{"type":"paragraph","crDate":1696411327642,"chDate":1696411623679,"text":"Mithilfe einer Matrix kann das Pattern auch transformiert werden, bevor es als Füllung verwendet wird.\nEine Matrix kennt die Methoden scale, rotate und translate, um verändert zu werden.\nDas Beispiel unten verwendet dasselbe Raster-Canvas wie das Beispiel oben, rotiert es aber vor der Verwendung um 45° im Uhrzeigersinn."},{"type":"code","crDate":1696411384206,"chDate":1696411653938,"text":"let raster = ctx.createPattern(cRaster, 'repeat');\nlet matrix = new DOMMatrix();\nmatrix = matrix.rotate(45).scale(3);\nraster.setTransform(matrix);\nctx.fillStyle = raster;\nctx.fillRect(20, 20, c.width - 40, c.height - 40);"},{"type":"image","crDate":1696411474992,"chDate":1696411474992,"filename":"f989d597f0d37b89086a12705.png"}]}