{"content":[{"type":"paragraph","crDate":1685447163810,"chDate":1686046799052,"text":"Ein Wert vom Datentyp <i>Symbol</i> hat keinen echten Inhalt. Es ist nur ein leerer Container.\nDas besondere daran ist, dass ein Symbol immer einmalig ist. Ein Vergleich findet anhand der Identität statt.\nEin Symbol wird mithilfe der <i>Symbol()</i>-Funktion angelegt. Als Parameter kann ein Kommentar angegeben werden, der das Management mehrerer Symbole erleichtert. Dieser Kommentar gehört nicht zum Inhalt (ein Symbold hat keinen Inhalt) sondern dient nur der Übersicht."},{"type":"code","crDate":1685966829978,"chDate":1686141615251,"text":"let mySymbol = Symbol('Dies ist ein Symbol');\nlet yourSymbol = Symbol('Dies ist ein Symbol');\n\nconsole.log(mySymbol);  // -> Symbol(Dies ist ein Symbol)\nconsole.log(yourSymbol);  // -> Symbol(Dies ist ein Symbol)\n\nconsole.log(mySymbol == yourSymbol);  // -> false"}]}