{"content":[{"type":"paragraph","crDate":1716818464752,"chDate":1716819300331,"text":"Das <i>g</i>-Tag steht für Group und erlaubt die logische Untergliederung der Elemente einer Grafik.\nIn einer Gruppe können Attribute für die ganze Gruppe vorgegeben werden."},{"type":"code","crDate":1716818739758,"chDate":1716819312672,"text":"&lt;svg xmlns=\"http://www.w3.org/2000/svg\" width=\"200\" height=\"200\">\n &lt;g fill=\"blue\">\n  &lt;circle cx=\"50\" cy=\"50\" r=\"40\" />\n  &lt;rect x=\"100\" y=\"10\" width=\"80\" height=\"80\" />\n &lt;/g>\n &lt;g fill=\"red\">\n  &lt;circle cx=\"50\" cy=\"150\" r=\"40\" />\n  &lt;rect x=\"100\" y=\"110\" width=\"80\" height=\"80\" />\n &lt;/g>\n&lt;/svg>\n"},{"type":"paragraph","crDate":1716822418743,"chDate":1716822452400,"text":"<svg xmlns=\"http://www.w3.org/2000/svg\" width=\"200\" height=\"200\">\n <g fill=\"blue\">\n  <circle cx=\"50\" cy=\"50\" r=\"40\" />\n  <rect x=\"100\" y=\"10\" width=\"80\" height=\"80\" />\n </g>\n <g fill=\"red\">\n  <circle cx=\"50\" cy=\"150\" r=\"40\" />\n  <rect x=\"100\" y=\"110\" width=\"80\" height=\"80\" />\n </g>\n</svg>\n"},{"type":"subheader","crDate":1716819194687,"chDate":1716819209860,"text":"Gruppen wiederverwenden"},{"type":"paragraph","crDate":1716819188804,"chDate":1716819713491,"text":"Das <i>use</i>-Tag erlaubt die Wiedervewendung von SVG-Strukturen. \nEs bekommt im <i>xlink:href</i>-Attribut einen Selektor übergeben der bestimmt, welcher SVG-Baum kopiert werden soll.\nZusätzlich kann mit den <i>x</i> - und <i>y</i>- Attributen die Positionierung bestimmt werden."},{"type":"code","crDate":1716819214245,"chDate":1716820199425,"text":"&lt;svg xmlns=\"http://www.w3.org/2000/svg\" width=\"200\" height=\"200\">\n &lt;g fill=\"blue\" id=\"myForms\">\n  &lt;circle cx=\"50\" cy=\"50\" r=\"40\" />\n  &lt;rect x=\"100\" y=\"10\" width=\"30\" height=\"30\" />\n  &lt;rect x=\"150\" y=\"10\" width=\"30\" height=\"30\" />\n  &lt;rect x=\"100\" y=\"60\" width=\"30\" height=\"30\" />\n  &lt;rect x=\"150\" y=\"60\" width=\"30\" height=\"30\" />\n &lt;/g>\n &lt;use xlink:href=\"#myForms\" x=\"0\" y=\"100\">&lt;/use>\n&lt;/svg>"},{"type":"paragraph","crDate":1716822351076,"chDate":1716822388544,"text":"<svg xmlns=\"http://www.w3.org/2000/svg\" width=\"200\" height=\"200\">\n <g fill=\"blue\" id=\"myForms\">\n  <circle cx=\"50\" cy=\"50\" r=\"40\" />\n  <rect x=\"100\" y=\"10\" width=\"30\" height=\"30\" />\n  <rect x=\"150\" y=\"10\" width=\"30\" height=\"30\" />\n  <rect x=\"100\" y=\"60\" width=\"30\" height=\"30\" />\n  <rect x=\"150\" y=\"60\" width=\"30\" height=\"30\" />\n </g>\n <use xlink:href=\"#myForms\" x=\"0\" y=\"100\">&lt;/use>\n</svg>"}]}