{"content":[{"type":"paragraph","crDate":1684851329435,"chDate":1684851692839,"text":"Die einfachste Möglichkeit der Dateneingabe ist ein <i>prompt</i>-Fenster. \nDurch den Aufruf der prompt-Funktion wird im Browser ein modales Fenster angezeigt und der Programmablauf solange pausiert, bis einer der Buttons geklickt wird. Hier kann der Benutzer einen Text eingeben.\nDer eingegebene Text wird bei Klick des <i>OK</i>-Buttons zurückgegeben und kann in eine Variable geschrieben werden.\nDiese Rückgabe ist immer ein String."},{"type":"code","crDate":1684851707357,"chDate":1684851741963,"text":"let eingabe = prompt('Ihre Eingabe?');\nconsole.log(eingabe);"},{"type":"subheader","crDate":1684851805543,"chDate":1684851814813,"text":"Default"},{"type":"paragraph","crDate":1684851828612,"chDate":1684851930373,"text":"Als zweites Argument kann an das prompt-Fenster ein Default-Wert übergeben werden.\nDieser Default-Wert wird dann automatisch in das Eingabefeld eingetragen. Falls dieser nicht überschrieben wird, kommt der Default-Wert als Rückgabe."},{"type":"code","crDate":1684851912135,"chDate":1684851921606,"text":"let eingabe = prompt('Ihre Eingabe?', 'Hallo Welt');\nconsole.log(eingabe);"},{"type":"subheader","crDate":1684851946068,"chDate":1684851949252,"text":"Abbrechen"},{"type":"paragraph","crDate":1684851941269,"chDate":1684852030693,"text":"Bei Klick auf den <i>Abbrechen</i>-Button wird das Prompt-Fenster ebenfalls geschlossen und das Programm fortgesetzt.\nAllerdings gibt die Prompt-Funktion dann ein <i>null</i> zurück."},{"type":"code","crDate":1684852045829,"chDate":1684852084442,"text":"let eingabe = prompt('Ihre Eingabe?');\nif(eingabe === null) console.log('Abgebrochen');\nelse console.log(eingabe);"}]}