{"content":[{"type":"paragraph","crDate":1693568311961,"chDate":1722945196228,"text":"Vor der Ausführung einer React-App wird der Code kompiliert und in einen Ordner kopiert. Dabei sollte sichergestellt werden, dass die zu verwendeten Dateien mit kompiliert werden. Der sicherste Weg ist, die Dateien von vornherein im <i>public/</i>-Ordner abzulegen.\nDann müssen die Daten in die App importiert werden, um verwendet werden zu können. \nSo werden sie auch beim Deployment berücksichtigt, exportiert und verwendet."},{"type":"code","crDate":1693568707930,"chDate":1693568762266,"text":"import img from './img/nature_01.png';\n\nconst App = () => {\n return (\n  &lt;>\n   &lt;p>\n    &lt;img src={img} width=\"500\" />\n   &lt;/p>\n  &lt;/>\n )\n}\n"},{"type":"paragraph","crDate":1722944946337,"chDate":1722945108943,"text":"Auf diese Weise können neben <i>Bildern</i> auch <i>JSON</i>- und sogar <i>CSS</i>-Dateien eingebunden werden.\nDie CSS-Dateien müssen nicht mal im public-Ordner stehen.\n"},{"type":"code","crDate":1722945133124,"chDate":1722945135129,"text":"import './App.css';\nimport { useState } from 'react';\nimport poems from './data/pluto.json';\n\nconst App = () => {\n // States\n let [content] = useState(poems.poemsAboutPluto);\n\n // Funktionen\n const createContents = () => content.map(\n  (text, index) => &lt;Absatz content={text} key={index} />\n )\n\n return (\n  &lt;>\n   &lt;Ueberschrift content=\"Pluto\" />\n   {createContents()}\n  &lt;/>\n )\n}\n\nconst Ueberschrift = props => &lt;h2>{props.content}&lt;/h2>\n\nconst Absatz = props => {\n return (\n  &lt;div className=\"Absatz\">\n   &lt;p>{props.content}&lt;/p>\n   &lt;p className=\"charCount\">{String(props.content).length} Chars&lt;/p>\n  &lt;/div>\n )\n}\n\nexport default App;"},{"type":"subheader","crDate":1722945152256,"chDate":1722945160623,"text":"Inhalt der JSON-Datei"},{"type":"code","crDate":1722945147831,"chDate":1722945149973,"text":"{\n \"poemsAboutPluto\": [\n  \"Pluto, small and far, In the darkness, you're a star.\",\n  \"Your voyage, long and wide, Shows us the infinity outside.\",\n  \"Once a planet, now a dwarf star, Your secret, you carry far.\",\n  \"Pluto, born in the night, You have never lost your light.\",\n  \"Frosty, cold, and lonely, Your existence is not ordinary but stony.\",\n  \"Pluto, you wander alone, In the wide starry zone.\",\n  \"In the depth of space, Where light barely leaves a trace,\",\n  \"Pluto dances, quiet and nice, On its own silent ice.\",\n  \"Tiny wanderer, In the darkness, but not a squanderer.\". \n  \"Your story tells of mysteries, and fascinates us with your histories.\"\n ]\n}"}]}