{"content":[{"type":"paragraph","crDate":1685455664093,"chDate":1685456022460,"text":"Javascript bietet die Möglichkeit, eine Quadratwurzel zu ziehen. Allerdings keine dritte, vierte etc. Wurzel.\nDafür müssen wir auf die Tatsache zurückgreifen, dass eine Wurzel über die Potenzierung mit dem Kehrwert ermittel werden kann.\nDie dritte Wurzel kann also bspw. über x<sup>1/3</sup> errechnet werden."},{"type":"code","crDate":1685455906925,"chDate":1685456011893,"text":"let x = 3125;\n\nconsole.log(x**(1/5));  // -> 5"}]}