{"content":[{"type":"paragraph","crDate":1720097846226,"chDate":1720098076578,"text":"Beim Nullish Coalescing geht es darum, durch eine vereinfache Bedingungsabfrage eine Wertübertragung zu steuern. Nur, wenn ein Wert <i>null</i> oder <i>undefined</i> ist, wird eine Aktion ausgeführt.\nEs gibt zwei Situationen, in denen dies genutzt werden kann."},{"type":"subheader","crDate":1720097808836,"chDate":1720097843866,"text":"Nullish Coalescing Operator"},{"type":"paragraph","crDate":1720097805026,"chDate":1720098388049,"text":"Wenn ein Wert <i>null</i> oder <i>undefined</i> ist, dann wird der rechte Teil des <i>??</i>-Operators ausgeführt und das Ergebnis zurückgegeben. Dies wird gern verwendet, um bei einer Wertzuweisung einen Standard-Wert mitzugeben."},{"type":"code","crDate":1720097803360,"chDate":1720098278472,"text":"let standard = 42;\nlet data = {\n x:12,\n}\n\nlet m = data.x ?? standard;\nlet n = data.y ?? standard;\n\nconsole.log(m);\nconsole.log(n);"},{"type":"paragraph","crDate":1720098908123,"chDate":1720098910130,"text":"Natürlich kann statt eines Wertes auch eine Funktion aufgerufen werden. Dadurch lässt sich der Aufruf der Funktion steuen."},{"type":"code","crDate":1720098921323,"chDate":1720098923033,"text":"const defaultFunction = () => {\n console.log('So etwas machen wir hier nicht!');\n}\n\nlet data = {\n x:12,\n y:13\n}\n\ndata.a??defaultFunction();\n"},{"type":"subheader","crDate":1720097819444,"chDate":1720097836098,"text":"Nullish Coalescing Assignment"},{"type":"paragraph","crDate":1720099068239,"chDate":1720099154207,"text":"Das Nullish Coalecent Assignment (??=) weißt einen Wert nur dann zu, wenn die zu beschreibende Variable <i>null</i> oder <i>undefined</i> ist."},{"type":"code","crDate":1720099170904,"chDate":1720099199608,"text":"const a = { duration: 50 };\n\na.speed ??= 25;\nconsole.log(a.speed);  // -> 25\n\na.duration ??= 10;\nconsole.log(a.duration);  // -> 50"}]}