{"content":[{"type":"paragraph","crDate":1716992616150,"chDate":1716992666233,"text":"Es gibt verscheidene Möglichkeiten, um Elemente in einem anderen Element zu referenzieren. Dies dient dazu, Elemente mehrfach zu verwenden und letztlich Code zu sparen. "},{"type":"subheader","crDate":1716992706144,"chDate":1716992708263,"text":"defs"},{"type":"paragraph","crDate":1716992716852,"chDate":1716993050621,"text":"Im <i>defs</i>-Element können mehrere Elemente gespeichert werden, die nicht direkt dargestellt werden. Dies können grafische Objekte sein, aber auch Definitionen. \nZu einem späteren Zeitpunkt können diese dann beliebig oft eingebunden werden.\nUm auf die definierten Elemente zugreifen zu können, müssen diese mit Klassen und/oder IDs markiert werden."},{"type":"code","crDate":1716993360379,"chDate":1716993388138,"text":"&lt;svg class=\"illu\">\n &lt;defs>\n  &lt;g id=\"myRect\">\n   &lt;rect x=\"0\" y=\"0\" width=\"5\" height=\"5\" />\n   &lt;rect x=\"10\" y=\"0\" width=\"5\" height=\"5\" />\n   &lt;rect x=\"0\" y=\"10\" width=\"5\" height=\"5\" />\n   &lt;rect x=\"10\" y=\"10\" width=\"5\" height=\"5\" />\n   &lt;rect x=\"5\" y=\"5\" width=\"5\" height=\"5\" />\n  &lt;/g>\n &lt;/defs>\n&lt;/svg>"},{"type":"paragraph","crDate":1716993420922,"chDate":1716993425548,"text":"<svg class=\"illu\">\n        <defs>\n            <g id=\"myRect\">\n                <rect x=\"0\" y=\"0\" width=\"5\" height=\"5\" />\n                <rect x=\"10\" y=\"0\" width=\"5\" height=\"5\" />\n                <rect x=\"0\" y=\"10\" width=\"5\" height=\"5\" />\n                <rect x=\"10\" y=\"10\" width=\"5\" height=\"5\" />\n                <rect x=\"5\" y=\"5\" width=\"5\" height=\"5\" />\n            </g>\n        </defs>\n    </svg>"},{"type":"subheader","crDate":1716993431646,"chDate":1716993434890,"text":"use"},{"type":"paragraph","crDate":1716993436868,"chDate":1716993872554,"text":"Das <i>use</i>-Element kann beliebige andere Elemente referenzieren und darstellen.\nAttribute, die nicht durch die referenzierten Elemente gesetzt werden, können im use-Element bestimmt werden.\nParameter:\nx: Abstand von der linken Kante\ny: Abstand von der oberen Kante\nwidth: Breite\nheight: Höhe\nhref: Selektor des zu verwendenden Elementes"},{"type":"code","crDate":1716993716834,"chDate":1716993750015,"text":"&lt;svg class=\"illu\">\n &lt;defs>\n  &lt;g id=\"myRect\">\n   &lt;rect x=\"0\" y=\"0\" width=\"5\" height=\"5\" />\n   &lt;rect x=\"10\" y=\"0\" width=\"5\" height=\"5\" />\n   &lt;rect x=\"0\" y=\"10\" width=\"5\" height=\"5\" />\n   &lt;rect x=\"10\" y=\"10\" width=\"5\" height=\"5\" />\n   &lt;rect x=\"5\" y=\"5\" width=\"5\" height=\"5\" />\n  &lt;/g>\n &lt;/defs>\n\n &lt;use href=\"#myRect\" x=\"5\" y=\"5\" fill=\"#f00\" stroke=\"#000\" />\n &lt;use href=\"#myRect\" x=\"35\" y=\"5\" fill=\"#f80\" stroke=\"#00f\" stroke-width=\"3\" />\n &lt;use href=\"#myRect\" x=\"5\" y=\"35\" fill=\"#f08\" />\n &lt;use href=\"#myRect\" x=\"35\" y=\"35\" fill=\"#f88\" />\n &lt;use href=\"#myRect\" x=\"20\" y=\"20\" fill=\"#808\" />\n&lt;/svg>"},{"type":"paragraph","crDate":1716993370482,"chDate":1716993711204,"text":"<svg class=\"illu\">\n        <defs>\n            <g id=\"myRect\">\n                <rect x=\"0\" y=\"0\" width=\"5\" height=\"5\" />\n                <rect x=\"10\" y=\"0\" width=\"5\" height=\"5\" />\n                <rect x=\"0\" y=\"10\" width=\"5\" height=\"5\" />\n                <rect x=\"10\" y=\"10\" width=\"5\" height=\"5\" />\n                <rect x=\"5\" y=\"5\" width=\"5\" height=\"5\" />\n            </g>\n        </defs>\n\n        <use href=\"#myRect\" x=\"5\" y=\"5\" fill=\"#f00\" stroke=\"#000\" />\n        <use href=\"#myRect\" x=\"35\" y=\"5\" fill=\"#f80\" stroke=\"#00f\" stroke-width=\"3\" />\n        <use href=\"#myRect\" x=\"5\" y=\"35\" fill=\"#f08\" />\n        <use href=\"#myRect\" x=\"35\" y=\"35\" fill=\"#f88\" />\n        <use href=\"#myRect\" x=\"20\" y=\"20\" fill=\"#808\" />\n    </svg>"},{"type":"subheader","crDate":1716991541119,"chDate":1716991548420,"text":"Marker"},{"type":"paragraph","crDate":1717164842094,"chDate":1717164976230,"text":"Markers stellen Nodes dar, die am Ende, am Anfang und in der Mitte eines Pfades oder einer Linie gezeichnet werden können.\nIn einem Pfad oder einer Polyline wird der Marker am Ende jedes Teilpfades gezeichnet."},{"type":"code","crDate":1717165650370,"chDate":1717165704347,"text":"&lt;svg class=\"illu\">\n &lt;defs>\n  &lt;marker id=\"marker\" viewBox=\"0 0 10 10\" \n    refX=\"5\" refY=\"5\" markerWidth=\"10\" markerHeight=\"10\">\n   &lt;circle cx=\"5\" cy=\"5\" r=\"3\" fill=\"red\" />\n  &lt;/marker>\n &lt;/defs>\n &lt;polyline \n   points=\"20,20 80,80 120,20 180,80 120,150 80,110 40,150 0,110\" \n   fill=\"none\" stroke=\"black\" stroke-width=\"2\" marker-mid=\"url(#marker)\" />\n&lt;/svg>"},{"type":"paragraph","crDate":1717165563600,"chDate":1717165663092,"text":"<svg class=\"illu\">\n <defs>\n  <marker id=\"marker\" viewBox=\"0 0 10 10\" refX=\"5\" refY=\"5\" markerWidth=\"10\" markerHeight=\"10\">\n   <circle cx=\"5\" cy=\"5\" r=\"3\" fill=\"red\" />\n  </marker>\n </defs>\n <polyline points=\"20,20 80,80 120,20 180,80 120,150 80,110 40,150 0,110\" fill=\"none\" stroke=\"black\" stroke-width=\"2\" marker-mid=\"url(#marker)\" />\n</svg>"},{"type":"subheader","crDate":1716994169726,"chDate":1716994173265,"text":"Symbol"}]}