{"content":[{"type":"paragraph","crDate":1716990191363,"chDate":1716991340124,"text":"Mit dem <i>image</i>-Element können in eine SVG-Grafik auch normale Bilder eingebunden werden. Allerdings werden die Bilder auf ungewohnte Weise angezeigt. Nämlich lässt sich die Größe des Bildes zwar anpassen. Allerdings wird das Bild (standardmäßig) nicht gestreckt sondern im zur Verfügung stehenden Platz unverzerrt dargestellt.\n<i>Parameter:</i>\nwidth: Breite des Bildes\nheight: Höhe des Bildes\nx: Abstand von der linken Kante\ny: Abstand von der Oberkante\nhref: URL zur Bilddatei\npreserveAspectRatio: steuert die Füllung des Rahmens. <a href=\"https://developer.mozilla.org/en-US/docs/Web/SVG/Attribute/preserveAspectRatio\">Mehr dazu hier (Klick)</a>"},{"type":"code","crDate":1716990592295,"chDate":1716990769512,"text":"&lt;svg class=\"illu\">\n &lt;image \n  x=\"10\" y=\"10\" \n  width=\"180\" height=\"180\" \n  href=\"https://picsum.photos/300/200\" \n />\n&lt;/svg>\n"},{"type":"paragraph","crDate":1716990609013,"chDate":1716990777287,"text":" <svg class=\"illu\">\n        <image x=\"10\" y=\"10\" width=\"180\" height=\"180\" href=\"https://picsum.photos/300/200\"         />\n    </svg>\n"}]}