{"content":[{"type":"paragraph","crDate":1688988053110,"chDate":1688988214977,"text":"Objekte können jederzeit verändert werden. Auch dann, wenn sie mit <i>const</i> angelegt wurden.\nUm das zu verhindern, kann ein Objekt mit der <i>Object.freeze()</i>-Methode als unveränderlich markiert werden.\nAb dem Moment, in dem die Methodee aufgerufen wird, kann das Objekt inhaltlich nicht mehr verändert werden."},{"type":"code","crDate":1688988309267,"chDate":1688988343969,"text":"const meinAuto = {\n    marke: 'Hyundai',\n    modell:'i20',\n    leistungKW: 62,\n    farbe: 'braun',\n    leasing: false\n}\nmeinAuto.leistungKW = 100;\n\n// Objekt kann ab hier nicht mehr verändert werden.\nObject.freeze(meinAuto);\nmeinAuto.leistungKW = 123;\nconsole.log(meinAuto.leistungKW);  // -> 100"},{"type":"subheader","crDate":1688988533516,"chDate":1688988549593,"text":"Deep freeze"},{"type":"paragraph","crDate":1688988553664,"chDate":1688989754702,"text":"Falls das Object <i>Collections</i> (Objekte, Arrays, etc.) enthält, dann wird nur das Objekt eingefroren. \nDie Collections, die in dem Objekt gespeichert sind, können weiterhin verändert werden.\nFalls das nicht gewünscht ist, müssen auch die Collection-Attribute rekursiv eingefroren werden."},{"type":"code","crDate":1688988778968,"chDate":1688989153362,"text":"const meinAuto = {\n    marke: 'Hyundai',\n    modell: 'i20',\n    motor: {\n        leistungKW: 62\n    }\n}\n\nObject.freeze(meinAuto);\nmeinAuto.modell = 'Kona';\nmeinAuto.motor.leistungKW = 123;\n\nconsole.log(meinAuto.modell);            // -> i20 (unverändert)\nconsole.log(meinAuto.motor.leistungKW);  // -> 123 (verändert)"},{"type":"subheader","crDate":1688989785381,"chDate":1688989906954,"text":"Status prüfen"},{"type":"paragraph","crDate":1688989792692,"chDate":1688989942737,"text":"Mit der <i>Object.isFrozen()</i>-Methode kann leicht der Status des Objektes geprüft werden."},{"type":"code","crDate":1688989909972,"chDate":1688989927105,"text":"const meinAuto = {\n marke: 'Hyundai',\n modell: 'i20',\n leistungKW: 62\n}\n\nconsole.log(Object.isFrozen(meinAuto));  // -> false\n\nObject.freeze(meinAuto);\nconsole.log(Object.isFrozen(meinAuto));  // -> true"},{"type":"subheader","crDate":1688989165218,"chDate":1688990038793,"text":"Object.seal()"},{"type":"paragraph","crDate":1688989172672,"chDate":1688989506481,"text":"Mit <i>seal()</i> versiegelte Objekte können nicht erweitert oder verkürzt werden. D.h., es können keine Attribute hinzugefügt oder entfernt werden.\nVorhandene Attribute können problemlos verändert werden."},{"type":"code","crDate":1688989315447,"chDate":1688989321743,"text":"const meinAuto = {\n marke: 'Hyundai',\n modell: 'i20',\n leistungKW: 62\n}\n\nObject.seal(meinAuto);\nmeinAuto.leistungKW = 123;\nmeinAuto.farbe = 'weiß';\n\nconsole.log(meinAuto.leistungKW);\nconsole.log(meinAuto.farbe);"}]}