{"content":[{"type":"paragraph","crDate":1714050648754,"chDate":1714051263071,"text":"Manchmal muss einem Element ein Styling gegeben werden, das sich nicht über Klassen steuern lässt.\nZum Beispiel müssen Größen und Abstände berechnet werden, Werte sollen Animiert werden, an andere Elemente angepasst werden, etc.\nIn dem Fall kann das HTML-<i>style</i>-Attribut verwendet werden. Dieses kann über das <i>style-Objekt</i> gesteuert werden.\nDas style-Objekt kann jedes Attribut steuen, das per CSS zugewiesen werden kann. Dabei ist allerdings zu beachten, dass die Namen der CSS-Attribute statt mit Bindestrich, mit <i>innerCaps</i> geschrieben werden."},{"type":"code","crDate":1714051277597,"chDate":1714052775216,"text":"const elements = document.querySelectorAll('.container');\nconst heightAll = 500;\n\nelements.forEach(el => {\n el.style.backgroundColor = `hsl(${~~(Math.random() * 40)}, 100%, 50%)`;\n el.style.height = `${heightAll / elements.length}px`;\n el.style.fontSize = `${heightAll / elements.length / 4}px`;\n})"},{"type":"subheader","crDate":1714052781377,"chDate":1714052788893,"text":"Wert entfernen"},{"type":"paragraph","crDate":1714052792738,"chDate":1714052923691,"text":"Um einen Wert aus dem <i>style</i>-Attribut zu entfernen, kann diesem einfach der Wert <i>null</i> gegeben werden."},{"type":"code","crDate":1714052981852,"chDate":1714052985106,"text":"elements[1].style.backgroundColor = null;"}]}