{"content":[{"type":"paragraph","crDate":1716297910513,"chDate":1716298243557,"text":"Wenn die Inhalte einer Webseite in Javascript erzeugt werden sollen, werden sich einige Elemente wiederhole. \nBspw. hat eine Webseite üblicherweise mehrere Elemente mit Texten, mehrere Überschriften, Störer, Menü-Elemente, etc.\nDiese Elemente können recht komplex sein und es wäre lästig, jedes Element mit einem individuellen Code erzeugen zu müssen.\nHier kann eine DOM-Component helfen. Dabei handelt sich einfach um eine Funktion, welche die Elemente anlegt. \nDadurch kann für ein solches Element einfach die Funktion (a.k.a. Komponente) aufgerufen werden. Außerdem müssen Änderungen nur an einer Stelle gemacht werden.\nDie Komponente hat üblicherweise auch einen Rückgabewert, falls das erzeugte Element anderweitig weiterverwendet werden soll. Bspw. als Parent-.Element anderer DOM-Elemente."},{"type":"code","crDate":1716300212527,"chDate":1716300723683,"text":"// Component \"Abschnitt.js\"\n\nconst Abschnitt = (\n contents = [],\n header = '',\n parent = false\n) => {\n const container = document.createElement('div');\n parent.append(container);\n\n const elHeader = document.createElement('h2');\n elHeader.innerHTML = header;\n container.append(elHeader);\n\n contents.forEach(content => {\n  const elAbsatz = document.createElement('p');\n  elAbsatz.innerHTML = content;\n  container.append(elAbsatz);\n })\n\n return container;\n}\n\nexport default Abschnitt;"},{"type":"code","crDate":1716300593180,"chDate":1716300640900,"text":"// Verwendung der Komponente\n\nimport Absatz from './components/Abschnitt.js';\n\nconst contents = [\n \"Componenten sind wiederverwendbare Bausteine.\",\n \"Komplexe Anwendungen in überschaubare Teile zerlegen.\",\n \"Wiederverwendbarkeit von Code, spart Entwicklungszeit.\",\n \"Klare Struktur in den Code bringen, Lesbarkeit verbessern.\"\n];\n\nconst main = document.querySelector('main');\nconst myAbsatz = Absatz(contents, 'Components', main);"}]}