{"content":[{"type":"subheader","crDate":1706281698641,"chDate":1706281702143,"text":"Mount"},{"type":"paragraph","crDate":1706281612015,"chDate":1706281895409,"text":"Web Components bringen auch ein paar vorbestimmte Methoden mit, um die Arbeit zu erleichtern. Eine davon ist die <i>connectedCallback()</i>-Methode. Diese wird automatisch aufgerufen, wenn das neue Element in das DOM eingebunden wurde.\nIm Beispiel wird das neue Element mit einer zufälligen Zahl gefüllt."},{"type":"code","crDate":1706281613646,"chDate":1706281642452,"text":"'use strict';\n\nconst template = document.createElement('div');\n\nclass Random extends HTMLElement {\n constructor() {\n  super();\n  this.root = this.attachShadow({\n   mode: 'closed'\n  })\n  this.root.append(template.cloneNode(true));\n }\n\n // Eventlistener für Mounting\n connectedCallback() {\n  const elContent = document.createElement('p');\n  elContent.innerHTML = Math.floor(Math.random() * 1000);\n  this.root.append(elContent);\n }\n}\n\ncustomElements.define('rnd-number', Random);"},{"type":"code","crDate":1706281654419,"chDate":1706281664354,"text":"const elRnd = document.createElement('rnd-number');\ndocument.body.append(elRnd);"},{"type":"subheader","crDate":1706281705264,"chDate":1706281709023,"text":"Unmount"},{"type":"paragraph","crDate":1706798944226,"chDate":1706799212109,"text":"Manchmal muss noch nach dem Entfernen einer Komponente etwas erledigt werden. Zum Besipiel müssen Datenstrukturen aktualisert oder ähnliches.\nDazu dient die <i>disconnectedCallback()</i>-Methode, die gefeuert wird, sobald die Komponente entfernt wird."}]}