{"content":[{"type":"paragraph","crDate":1699883475986,"chDate":1699884118156,"text":"ES6-Module sind ein Weg, Code in voneinander unabhängigen Einheiten zu unterteilen. Dadurch wird der Code übersichtlicher, einfacher zu entwickeln, zu verstehen und zu warten.\nUm ES6 Module verwenden zu können, wird dem <i>script</i>-Tag das type-Attribut mit dem Wert module gegeben."},{"type":"code","crDate":1699884331366,"chDate":1699884359004,"text":"&lt;script src=\"./assets/js/index.js\" type=\"module\" defer>&lt;/script>"},{"type":"paragraph","crDate":1699884481650,"chDate":1699884665277,"text":"Jedes auf diese Weise eingebundene Script hat seinen <i>eigenen globalen Scope</i>, andere Scripte können darauf nicht mehr zugreifen.\nDas globale Scope eines anderen Scripts <i>ohne type-Attribut</i> ist auch im Modul ansprechbar."},{"type":"subheader","crDate":1699885073054,"chDate":1699885079721,"text":"Module"},{"type":"paragraph","crDate":1699884736824,"chDate":1699885541247,"text":"Code kann in mehrere Dateien untergliedert werden, diese Dateien stellen die <i>Module</i> dar.\nModule sind in sich abgeschlossen und haben keinen Zugriff auf den <i>global Scope</i> eines anderen Moduls. Um Code eines Moduls in einem anderen Module zugreifbar zu machen, muss ein Export stattfinden. "}]}