{"content":[{"type":"paragraph","crDate":1701702857139,"chDate":1701775618631,"text":"Die Methoden save() und restore() sind dienen dazu, den Zustand des Canvas zu speichern und wiederherzustellen.\nDie save() Methode wird verwendet, um den aktuellen Zustand des Canvas zu speichern. Dies beinhaltet zum Beispiel Stile, Transformationen und andere Einstellungen, die den Zustand des Canvas beeinflussen. \nDie restore() Methode wird verwendet, um den zuletzt gespeicherten Zustand des Canvas wiederherzustellen."},{"type":"code","crDate":1701776358977,"chDate":1701776507942,"text":"const c = document.querySelector('#myCanvas');\nconst ctx = c.getContext('2d');\n\nctx.fillStyle = '#000';\nctx.fillRect(0, 0, c.width, c.height);\n\nctx.fillStyle = '#ff0';\nctx.font = '15px arial';\nctx.fillText('Beschreibung 1:', 30, 20);\n            \nctx.save();\nctx.fillStyle = '#f00';\nctx.font = '10px times';\nctx.fillText('Irgendein Text', 150, 20);\n            \nctx.restore();\nctx.fillText('Beschreibung 2:', 30, 50);\n\nctx.save();\nctx.fillStyle = '#f00';\nctx.font = '10px times';\nctx.fillText('mehr Text', 150, 50);\n            \nctx.restore();\nctx.fillText('Beschreibung 3:', 30, 80);\n\nctx.save();\nctx.fillStyle = '#f00';\nctx.font = '10px times';\nctx.fillText('letzter Text', 150, 80);"},{"type":"image","crDate":1701776363449,"chDate":1701776363449,"filename":"f39d3c3c900c606ad962da800.png"},{"type":"paragraph","crDate":1701776373160,"chDate":1701776403214,"text":"Ein anderes Beispiel, in dem save und Restore verwendet wird, um fraktale Strukturen zu erzeugen"},{"type":"code","crDate":1701702631701,"chDate":1701702792392,"text":"const c = document.querySelector('#myCanvas');\nconst ctx = c.getContext('2d');\n\nlet num = 10;\n\nctx.translate(c.width / 2, c.height / 2);\nfor (let i = 0; i < num; i++) {\n ctx.rotate((2 * Math.PI) / num);\n ctx.save()\n  for (let i = 0; i < 10; i++) {\n   ctx.fillRect(0, 0, 70, 5);\n   ctx.translate(20, 0);\n   ctx.rotate(-.2);\n   ctx.scale(.8, .8)\n  }\n ctx.restore()\n}"},{"type":"image","crDate":1701702621534,"chDate":1701702621534,"filename":"c1c98d6cd015650ab396bcf00.png"},{"type":"paragraph","crDate":1701776538956,"chDate":1701779488704,"text":"Die Speicherpunkte werden mit <i>ctx.save()</i> nacheinander in einem Stack (Stapel) gespeichert und jeder Aufruf von <i>ctx.restore()</i> geht in der Liste einen Schritt weiter zurück. \nDas Konzept nennt sich <i>Last In - First Out</i>"},{"type":"code","crDate":1701779052089,"chDate":1701779304589,"text":"const c = document.querySelector('#myCanvas');\nconst ctx = c.getContext('2d');\nctx.font = '15px arial';\n           \nctx.fillStyle = '#000';\nctx.fillRect(0, 0, c.width, c.height);\n \nctx.fillStyle = '#ff0';\nctx.save();            \nctx.fillStyle = '#f00';\nctx.save();\nctx.fillStyle = '#0f0';\nctx.save();\nctx.fillStyle = '#88f';\nctx.save();\nctx.fillStyle = '#809';\nctx.save();\nctx.fillStyle = '#809';\n\nctx.fillText('Text 1:', 30, 20);\nctx.restore();\nctx.fillText('Text 2', 30, 50);            \nctx.restore();\nctx.fillText('Text 3', 30, 80);            \nctx.restore();\nctx.fillText('Text 4', 30, 110);            \nctx.restore();\nctx.fillText('Text 5', 30, 140);            \nctx.restore();"},{"type":"image","crDate":1701779144321,"chDate":1701779144321,"filename":"f39d3c3c900c606ad962da802.png"}]}