{"content":[{"type":"paragraph","crDate":1685447137685,"chDate":1685964976363,"text":"Null steht für ein <i>absichtliches Fehlen</i> eines Wertes - im Gegensatz zu <i>undefined</i>, was meist unbeabsichtigt ist. \nDer Wert null wird z.B. zurückgegeben, wenn eine <i>document.querySelector()</i>-Operation nichts gefunden hat.\nLeider wird der Datentyp von null als <i>object</i> angezeigt, was mindestens irritierend ist. Manche Entwickler:innen halten das für einen Bug in Javascript."},{"type":"code","crDate":1685965242358,"chDate":1685965253196,"text":"let el = document.querySelector('#gibtsNicht');\nconsole.log(el);  // -> null"}]}