{"content":[{"type":"subheader","crDate":1705071493765,"chDate":1705071497484,"text":"Designmode"},{"type":"paragraph","crDate":1705071500444,"chDate":1705071649441,"text":"Um eine andere Webseite analysieren zu können, wünscht man sich häufig, den Inhalt einer Webseite ändern zu können. Das geht natürlich über den Inspektor, eine viel angenehmere Weise ist allerdings, den folgenden Code in der Console (F12) auszuführen.\nDamit können die Inhalte auf der Webseite markiert und geändert werden."},{"type":"code","crDate":1705071615253,"chDate":1705071627439,"text":"document.designMode = 'on'"}]}