{"content":[{"type":"paragraph","crDate":1717680532027,"chDate":1717681964189,"text":"Da SVG ähnlich wie HTML ein XML-ähnliches Modell ist, kann mit den bekannten Methoden auch SVG-Elemente erzeugt werden.\nAllerdings muss berücksichtigt werden, dass SVG in einem anderen Namespace angelegt ist, weswegen nicht die createElement()-Methode verwendet werden kann. Statt dessen wird die <i>createElementNS()</i>-Methode verwendet, welche bestimmt, für welchen Namespace das erzeugte Element ist.\nAttribute müssen mit dem <i>setAttribute()</i>-Methode registriert werden."},{"type":"code","crDate":1717681740440,"chDate":1717681770262,"text":"let num = 200;\nconst elSvg = document.querySelector('svg');\nconst createNumber = (min, max) => ~~(Math.random() * (max - min + 1) + min);\n\nfor (let i = 0; i < num; i++) {\n let size = createNumber(10, 30);\n let elRect = document.createElementNS(\"http://www.w3.org/2000/svg\", \"rect\");\n \n elRect.setAttribute('x', createNumber(0, 800));\n elRect.setAttribute('y', createNumber(0, 600));\n elRect.setAttribute('width', size);\n elRect.setAttribute('height', size);\n elRect.setAttribute('rx', size / 5);\n elRect.setAttribute('ry', size / 5);\n elRect.setAttribute('fill', `hsl(${createNumber(0, 360)},50%,70%)`);\n elSvg.append(elRect);\n}"}]}