{"content":[{"type":"paragraph","crDate":1684924423735,"chDate":1684927619401,"text":"Bei Ausführung der <i>confirm()</i>-Methode wird das confirm-Fenster angezeigt und bietet dem Benutzer zwei Buttons zum Anklicken: \"OK\" und \"Abbrechen\".\nDie Ausführung des Codes wird unterbrochen, bis einer der Knöpfe geklickt wird. Wird der \"OK\"-Button gedrückt, liefert die Funktion ein \"true\" zurück. Beim \"Abbrechen\"-Button liefert die Funktion ein \"false\" zurück.\nLeider kann der Text-Inhalt der Knöpfe nicht verändert werden.."},{"type":"code","crDate":1684927513249,"chDate":1684927519176,"text":"let eingabe = confirm('Ihre Eingabe?');\n\nif (eingabe) console.log('OK wurde ausgewählt');\nelse console.log('Abgebrochen');"}]}