{"content":[{"type":"subheader","crDate":1726667631973,"chDate":1726667640641,"text":"Erster Promise"},{"type":"paragraph","crDate":1726667643025,"chDate":1726667878198,"text":"Die <i>race()</i>-Methode nimmt einen Array aus Promises an und führt die then()-Methode aus, sobald der erste Promise erfüllt ist. Die Methode bekommt nur das Ergebnis des zuerst erfüllten Promises übergeben."},{"type":"code","crDate":1726667885947,"chDate":1726667895477,"text":"const loadURL = url => {\n return fetch(url).then(\n  res => res.json()\n )\n}\n\nPromise.race([\n loadURL('https://dummyjson.com/products/1'),\n loadURL('https://dummyjson.com/products/2'),\n loadURL('https://dummyjson.com/products/3'),\n loadURL('https://dummyjson.com/products/4'),\n loadURL('https://dummyjson.com/products/5'),\n]).then(\n res => console.log(res)\n).catch(\n err => console.warn(err)\n)"},{"type":"subheader","crDate":1726668360016,"chDate":1726668366554,"text":"Der erstbeste"},{"type":"paragraph","crDate":1726668404322,"chDate":1726668563534,"text":"Die <i>any()</i>-Methode bekommt ein Array aus Promises übergeben und liefert das erste Ergebnis, das kein Fehler ist."},{"type":"code","crDate":1726668757367,"chDate":1726668796077,"text":"const loadURL = url => {\n return fetch(url).then(\n  res => res.json()\n )\n}\n\nPromise.any([\n loadURL('https://dummyjson.com/products/1'),\n loadURL('https://dummyjson.com/blahblah/2'),\n loadURL('https://dummyjson.com/yadda/3'),\n loadURL('https://dummyjson.com/products/4'),\n loadURL('https://dummyjson.com/products/5'),\n]).then(\n res => console.log(res)\n).catch(\n err => console.warn(err)\n)"}]}