{"content":[{"type":"paragraph","crDate":1693314119060,"chDate":1693314120013,"text":"React ist ein Framework zur Erstellung von <i>Single Page Applications</i>. Es wurde von Facebook (heute <i>Meta</i>) entwickelt und ist Open Source. React kann interaktive und dynamische Benutzeroberflächen erstellen, indem Komponenten miteinander verschachtelt werden.\nAnstatt direkt mit dem DOM zu interagieren, arbeitet React mit einer virtuellen Repräsentation des DOM, dem sogenannten <i>Virtual DOM</i> oder <i>ShadowDOM</i>. Dies ermöglicht es React, Änderungen effizient zu verfolgen und nur die Teile der Benutzeroberfläche zu aktualisieren, die sich tatsächlich geändert haben. Dadurch fühlt sich eine React-Webseite schneller an, besonders wenn der Aufbau komplex ist.\nJede Komponente kann ihren eigenen Zustand verwalten und reagiert auf Änderungen, indem sie sich selbst aktualisiert.\nReact hat sich in der Webentwicklung als beliebt erwiesen, da es Entwicklern ermöglicht, komplexe Benutzeroberflächen effizient zu erstellen und zu verwalten. Es wird von vielen großen Unternehmen und Projekten eingesetzt und hat eine große und aktive Entwicklergemeinschaft, die ständig neue Funktionen und Verbesserungen bereitstellt."}]}