{"content":[{"type":"paragraph","crDate":1685447312828,"chDate":1686318620437,"text":"Der Zweck eines Objekts ist die Zusammenfassung relevanter Information über ein real (oder in der Fantasie) existierendes Objekt (Person, Buch, Auto, etc).\nObjekte werden mit einer { } markiert. In dem Objekt werden die Attribute mit eindeutigen Strings oder Symbols bezeichnet. Der Einsatz von Symbols ist eher selten und in diesem Rahmen kein Thema.\nDie Attribute können Werte beliebigen Datentyps enthalten. Als Besonderheit kann ein Objekt auch Funktionen enthalten, die einfach aufgerufen werden können. Diese Funktionen werden Methoden genannt."},{"type":"code","crDate":1686661856950,"chDate":1686662151767,"text":"const meinAuto = {\n marke: 'Hyundai',\n modell: 'i20',\n leasing: false,\n inspektionen: [2021, 2022, 2023],\n motor: {\n  leistungKW: 62,\n  kraftstoff: 'otto'\n }\n}\n\nconsole.log(meinAuto);"},{"type":"subheader","crDate":1686662869535,"chDate":1686662875390,"text":"Bracket-Notation"},{"type":"paragraph","crDate":1686662878727,"chDate":1686663490152,"text":"Die <i>Bracket-Notation</i> oder <i>dynamische Attributnamen</i> mit eckigen Klammern erlaubt es, den Attributnamen abseits der Einschränkungen zu bestimmen.\nDie [ ] erwarten einen beliebigen String als Wert. Dieser kann einfach hineingeschrieben werden, kann als Rückgabewert einer Funktion oder aus sonstwie erzeugt werden."},{"type":"code","crDate":1686663674796,"chDate":1686663777090,"text":"const emojis = ['😁', '😇', '😡', '🥳'];  // -> ganz normales Array\n\nconst meinAuto = {\n    marke: 'Hyundai',\n    modell: 'i20',\n    'leistung in KW': 62,\n    '😁': 'Smile',\n    '😇': 'Holy',\n    '😡': 'Angry',\n    '🥳': 'Party'\n}\n\nconsole.log(meinAuto['leistung in KW']);  // -> 62\n\nemojis.forEach(val => {\n    let emo = meinAuto[val];\n    console.log(emo);  // -> Smile\n                       // -> Holy\n                       // -> Angry\n                       // -> Party\n})"},{"type":"paragraph","crDate":1686662238487,"chDate":1686663833990,"text":"Für die Attributnamen können beliebige Strings verwendet werden. \nFalls die Strings Sonderzeichen enthalten, müssen sie jedoch mit Anführungszeichen umschlossen werden.\nUm auf diese Attribute zuzugreifen, muss die Bracket-Notation verwendet werden."},{"type":"code","crDate":1686662688304,"chDate":1686662690403,"text":"const meinAuto = {\n    marke: 'Hyundai',\n    modell: 'i20',\n    'leistung in KW': 62,\n    '😁': 'Smile'\n}\n\nconsole.log(meinAuto);"},{"type":"subheader","crDate":1686925289431,"chDate":1686925294031,"text":"Kurzsyntax"},{"type":"paragraph","crDate":1686925288140,"chDate":1686925393383,"text":"Es kommt relativ häufig vor, dass in einem Objekt ein Attribut angelegt werden soll, das seinen Wert aus einer Variable gleichen Namens nehmen soll.\nIn der Situation kann der Attributname allein stehen. JS sucht dann eine Variable desselben Namens und entnimmt den Wert von dort."},{"type":"code","crDate":1686925510536,"chDate":1686925515302,"text":"let marke = 'Hyundai';\nlet modell = 'i20';\n\n/* Unnötig lang und umständlich\nlet auto = {\n marke: marke,\n modell: modell\n}\n*/\n\nlet auto = { marke, modell };\n\nconsole.log(auto);  // -> { marke: 'Hyundai', modell: 'i20' }"}]}