{"content":[{"type":"paragraph","crDate":1707478555946,"chDate":1707482862113,"text":"Bei der Übertragung von Daten an einen Server kann es sein, dass <i>zusätzliche Informationen</i> übertragen werden müssen. Z.B. kann über einen Header definiert werden, dass die Daten per JSON formatiert sind.\nDas Header-Objekt wird über den Constructor erzeugt und kann mit verschiedenen Methoden manipuliert werden.\n<ul>\n<li><b>append()</b>: Hängt einen neuen Header an</li>\n<li><b>get():</b> Liest den Inhalt eines Headers</li>\n<li><b>has():</b> Prüft, ob das Objekt den Header enthält</li>\n<li><b>delete():</b> Entfernt einen Header aus dem Objekt</li>\n<li><b>forEach():</b> Iteriert über alle Headers</li>\n</ul>"},{"type":"code","crDate":1707481336331,"chDate":1707481748444,"text":"const myHeaders = new Headers()\nmyHeaders.append('abc', 213);\nmyHeaders.append('xyz', 654);\nconsole.log(myHeaders); // -> Headers { abc → \"213\", xyz → \"654\" }\n            \nmyHeaders.delete('xyz');\nconsole.log(myHeaders); // -> Headers { abc → \"213\"}"}]}