{"content":[{"type":"paragraph","crDate":1702045769049,"chDate":1702047209332,"text":"Webstorage ist die moderne Alternative zu Cookies. Gegenüber jenen hat Webstorage verschiedene Vorteile:\n<ul>\n<li><b>Moderne Syntax</b>\nDie Syntax des Webstorage ist zeitgemäß und arbeitet mit einfachen Methoden.\n</li>\n<li><b>Datenmenge</b>\nWebstorage kann mindestens einen MB speichern. Das erlaubt neue Anwendungen wie das Ablegen von Bilddaten.\n</li>\n<li><b>Datenschutz</b>\nWebstorage hat keine datenschutzrechtlichen Bedenken.\n</li>\n<li><b>Sessions</b>\nWebstorage respektiert Sessions. \n</li>\n<li><b>Pfadunterteilung</b>\nWebstorage wird für jede Domain verwendet. Das vereinfacht den Umgang erheblich.\n</li>\n</ul>\nWebstorage ist unterteilt in Localstorage und Sessionstorage. Beide funktionieren gleich bis auf das Verhalten bzgl. der Session.\nDer Sessionstorage speichert seine Daten nur innerhalb einer Session. D.h. ein anderer hat seinen eigenen Scope und damit eine eigenen Daten. Dadurch sind die Daten eines Sessionstorage nach dem Schließen des Tabs oder Fensters gelöscht."},{"type":"image","crDate":1702299362511,"chDate":1702299362511,"filename":"12cdb304db24d24ab7ad59c00.PNG"},{"type":"subheader","crDate":1702299558504,"chDate":1702299560464,"text":"JSON"},{"type":"paragraph","crDate":1702299449032,"chDate":1702299571071,"text":"Webstorage kann ausschließlich Strings speichern.\nKomplexere Daten müssen also vor der Speicherung in JSON umgewandelt werden."},{"type":"code","crDate":1702299539266,"chDate":1702299549393,"text":"const meinAuto = {\n marke: 'Hyundai',\n modell:'i20',\n leistungKW: 62,\n farbe: 'braun',\n leasing: false\n}\n\nlocalStorage.setItem('meinAuto', JSON.stringify(meinAuto));\n"}]}