{"content":[{"type":"paragraph","crDate":1698149020303,"chDate":1698150266145,"text":"Häufig soll sollen Dateien in einem Projekt aus Git herausgehalten werden. Der <i>node_module</i>-Ordner bspw. belegt nur unnötig Speicher in Git. Persönliche Daten, Notizen, API-Keys, etc. sollen nicht in die Öffentlichkeit getragen werden.\nZu dem Zweck kann die Datei <i>.gitignore </i> angelegt werden. Der Dateiname beginnt mit einem \".\" und trägt keine Dateiendung. In dieser Datei werden Ordner und Dateien hinterlegt, die beim Zusammentragen der <i>Staging Area</i> ignoriert werden.\nMit der Raute <i>#</i> kann ein Kommentar eingetragen werden."},{"type":"code","crDate":1698150193499,"chDate":1698150244906,"text":"# dependencies\n/node_modules\n\n# Privates\nsecrets.txt\n\n# Ordner für kompilierte Dateien\n/build"}]}