{"content":[{"type":"paragraph","crDate":1748260329439,"chDate":1748260401126,"text":"Der <i>SharedArrayBuffer</i> ist ein spezielles JavaScript-Objekt, das es ermöglicht, einen gemeinsam genutzten Speicherbereich zwischen verschiedenen Threads (z. B. dem Hauptthread und Web Workern) zu erstellen. Im Gegensatz zu einem normalen ArrayBuffer, der kopiert oder übertragen wird, erlaubt der SharedArrayBuffer mehreren Threads, denselben Speicherbereich direkt zu lesen und zu schreiben. Dies macht ihn besonders nützlich für Anwendungen, die eine effiziente Datenverarbeitung und -kommunikation zwischen Threads erfordern."},{"type":"paragraph","crDate":1748259899766,"chDate":1748259902001,"text":"https://developer.mozilla.org/de/docs/Web/JavaScript/Reference/Global_Objects/SharedArrayBuffer"}]}