{"content":[{"type":"paragraph","crDate":1693309995155,"chDate":1693310020841,"text":"Es gibt einige Frameworks, die die Arbeit mit React erleichtern.\nHier eine Übersicht."},{"type":"subheader","crDate":1693310022721,"chDate":1693310032099,"text":"NextJS"},{"type":"paragraph","crDate":1693310042005,"chDate":1693310085637,"text":"NextJS ist ein Framework für React, welches das Anlegen von Komponenten, zusätzlichen Funktionalitäten und vielem mehr erleichtert und beschleunigt."},{"type":"links","crDate":1693310088181,"chDate":1693310088181,"links":[{"title":"nextJS","url":"https://nextjs.org"}]}]}