{"content":[{"type":"paragraph","crDate":1717158064663,"chDate":1717158543729,"text":"Das fill-Attribut bestimmt, auf welche Weise das Element gefüllt wird.\nDas Attribut versteht alle Farbsysteme, die auch CSS versteht."},{"type":"code","crDate":1717158474284,"chDate":1717158487392,"text":"&lt;svg class=\"illu\">\n &lt;circle cx=\"60\" cy=\"60\" r=\"50\" fill=\"#f00\">&lt;/circle>\n &lt;circle cx=\"140\" cy=\"140\" r=\"50\" fill=\"purple\">&lt;/circle>\n &lt;circle cx=\"100\" cy=\"100\" r=\"50\" fill=\"hsla(200,100%,50%,.2)\">&lt;/circle>\n&lt;/svg>"},{"type":"paragraph","crDate":1717158483792,"chDate":1717158485367,"text":"<svg class=\"illu\">\n        <circle cx=\"60\" cy=\"60\" r=\"50\" fill=\"#f00\"></circle>\n        <circle cx=\"140\" cy=\"140\" r=\"50\" fill=\"purple\"></circle>\n        <circle cx=\"100\" cy=\"100\" r=\"50\" fill=\"hsla(200,100%,50%,.2)\"></circle>\n    </svg>"},{"type":"paragraph","crDate":1717158110132,"chDate":1717158236055,"text":"Der Wert des fill-Attributes wird übrigens nach unten vererbt. \nDas heißt, wenn eine Gruppe das fill-Attribut trägt, dann wird diese Eigenschaft an die Kind-Elemente weitergegeben. Es sei denn, diese tragen ihrerseits das fill-Attribut, was den vererbten Wert überschreibt."},{"type":"code","crDate":1717159280167,"chDate":1717159484676,"text":"&lt;svg class=\"illu\">\n &lt;defs>\n  &lt;g id=\"circles\">\n   &lt;circle cx=\"40\" cy=\"40\" r=\"30\">&lt;/circle>\n   &lt;circle cx=\"70\" cy=\"40\" r=\"30\">&lt;/circle>\n   &lt;circle cx=\"40\" cy=\"70\" r=\"30\">&lt;/circle>\n   &lt;circle cx=\"70\" cy=\"70\" r=\"30\" fill=\"hsla(0,0%,20%,.2)\">&lt;/circle>\n  &lt;/g>\n &lt;/defs>\n  \n &lt;g fill=\"hsla(20,100%,50%,.2)\">\n  &lt;use href=\"#circles\">&lt;/use>\n &lt;/g>\n &lt;g fill=\"hsla(100,100%,50%,.2)\" transform=\"translate(90, 90)\">\n  &lt;use href=\"#circles\">&lt;/use>\n &lt;/g>\n &lt;g fill=\"hsla(180,100%,50%,.2)\" transform=\"translate(0, 90)\">\n  &lt;use href=\"#circles\">&lt;/use>\n &lt;/g>\n &lt;g fill=\"hsla(260,100%,50%,.2)\" transform=\"translate(90, 0)\">\n  &lt;use href=\"#circles\">&lt;/use>\n &lt;/g>\n&lt;/svg>"},{"type":"paragraph","crDate":1717159283182,"chDate":1717159476971,"text":"<svg class=\"illu\">\n        <defs>\n            <g id=\"circles\">\n                <circle cx=\"40\" cy=\"40\" r=\"30\"></circle>\n                <circle cx=\"70\" cy=\"40\" r=\"30\"></circle>\n                <circle cx=\"40\" cy=\"70\" r=\"30\"></circle>\n                <circle cx=\"70\" cy=\"70\" r=\"30\" fill=\"hsla(0,0%,20%,.2)\"></circle>\n            </g>\n        </defs>\n        <g fill=\"hsla(20,100%,50%,.2)\">\n            <use href=\"#circles\"></use>\n        </g>\n\n        <g fill=\"hsla(100,100%,50%,.2)\" transform=\"translate(90, 90)\">\n            <use href=\"#circles\"></use>\n        </g>\n\n        <g fill=\"hsla(180,100%,50%,.2)\" transform=\"translate(0, 90)\">\n            <use href=\"#circles\"></use>\n        </g>\n\n        <g fill=\"hsla(260,100%,50%,.2)\" transform=\"translate(90, 0)\">\n            <use href=\"#circles\"></use>\n        </g>\n    </svg>"},{"type":"subheader","crDate":1717159789832,"chDate":1717159794425,"text":"Farbverlauf"},{"type":"paragraph","crDate":1716909216772,"chDate":1717159985161,"text":"Zur Füllung kann auch ein Farbverlauf verwendet werden. Hier wird unterschieden zwischen <i>Linear Gradent</i> und  <i>Radial Gradient</i>.\nEin Verlauf wird über ein eigenes Tag erzeugt und kann dann von anderen Elementen als Füllung referenziert werden."},{"type":"paragraph","crDate":1717160073743,"chDate":1717162623222,"text":"<b>Linearer Farbverlauf</b>\nParameter:\n<ul>\n<li>gradientUnits: Methode des Verlaufs. Es erlaubt zwei Optionen:\n<ul>\n<li>userSpaceOnUse: Verlauf wird relativ zum gesamten SVG angewendet</li>\n<li>objectBoundingBox: Jeder Node erhält seinen ganz individuellen Vrlauf, der sich am Begrenzungsrahmen orientiert</li>\n</ul></li>\n<li>x1: X-Koordinate des Startpunktes</li>\n<li>x2: X-Koordinate des Endtpunktes</li>\n<li>Y1: Y-Koordinate des Startpunktes</li>\n<li>Y2: Y-Koordinate des Endpunktes</li>\n<li>gradientTransform: Zusätzliche Transformation</li>\n</ul>"},{"type":"paragraph","crDate":1717161010857,"chDate":1717161765054,"text":"<b>stop</b>\nEin Colorstop definiert eine Farbe im Verlauf. Sie bestimmt, an welcher Position welche Farbe gelten soll. \nParameter:\n<ul>\n<li>offset: Position auf dem Verlauf in %</li>\n<li>stop-color: Farbe an dieser Position. Dieser Parameter versteht jedes Farb-system, das auch CSS versteht.</li>\n<li>stop-opacity: Deckkraft des Stoppunktes</li>\n</ul>"},{"type":"code","crDate":1717161952576,"chDate":1717162310743,"text":"&lt;svg class=\"illu\">\n &lt;linearGradient id=\"myGradient\" \n  gradientTransform=\"rotate(90)\"\n  gradientUnits=\"objectBoundingBox\" >\n  &lt;stop offset=\"5%\" stop-color=\"rgba(0,128,0,.2)\" />\n  &lt;stop offset=\"60%\" stop-color=\"gold\" />\n &lt;/linearGradient>\n &lt;g id=\"circles\" fill=\"url('#myGradient')\" >\n  &lt;circle cx=\"50\" cy=\"50\" r=\"40\">&lt;/circle>\n  &lt;circle cx=\"150\" cy=\"50\" r=\"40\">&lt;/circle>\n  &lt;circle cx=\"100\" cy=\"100\" r=\"60\">&lt;/circle>\n  &lt;circle cx=\"50\" cy=\"150\" r=\"40\">&lt;/circle>\n  &lt;circle cx=\"150\" cy=\"150\" r=\"40\">&lt;/circle>\n &lt;/g>\n&lt;/svg>"},{"type":"paragraph","crDate":1717161954676,"chDate":1717162255191,"text":"<svg class=\"illu\">\n        <linearGradient id=\"myGradient\" gradientTransform=\"rotate(90)\" gradientUnits=\"objectBoundingBox\" >\n            <stop offset=\"5%\" stop-color=\"rgba(0,128,0,.2)\" />\n            <stop offset=\"60%\" stop-color=\"gold\" />\n          </linearGradient>\n        <g id=\"circles\" fill=\"url('#myGradient')\" >\n            <circle cx=\"50\" cy=\"50\" r=\"40\"></circle>\n            <circle cx=\"150\" cy=\"50\" r=\"40\"></circle>\n            <circle cx=\"100\" cy=\"100\" r=\"60\"></circle>\n            <circle cx=\"50\" cy=\"150\" r=\"40\"></circle>\n            <circle cx=\"150\" cy=\"150\" r=\"40\"></circle>\n        </g>\n    </svg>"},{"type":"code","crDate":1717162103706,"chDate":1717162302170,"text":"&lt;svg class=\"illu\">\n &lt;linearGradient id=\"absGradient\" \n  gradientTransform=\"rotate(90)\" \n  gradientUnits=\"userSpaceOnUse\" x1=\"50\" x2=\"150\">\n  &lt;stop offset=\"5%\" stop-color=\"rgba(0,128,0,.2)\" />\n  &lt;stop offset=\"60%\" stop-color=\"gold\" />\n &lt;/linearGradient>\n &lt;g id=\"circles\" fill=\"url('#absGradient')\" >\n  &lt;circle cx=\"50\" cy=\"50\" r=\"40\">&lt;/circle>\n  &lt;circle cx=\"150\" cy=\"50\" r=\"40\">&lt;/circle>\n  &lt;circle cx=\"100\" cy=\"100\" r=\"60\">&lt;/circle>\n  &lt;circle cx=\"50\" cy=\"150\" r=\"40\">&lt;/circle>\n  &lt;circle cx=\"150\" cy=\"150\" r=\"40\">&lt;/circle>\n &lt;/g>\n&lt;/svg>"},{"type":"paragraph","crDate":1717162107792,"chDate":1717162223847,"text":" <svg class=\"illu\">\n        <linearGradient id=\"absGradient\" gradientTransform=\"rotate(90)\" gradientUnits=\"userSpaceOnUse\" x1=\"50\" x2=\"150\">\n            <stop offset=\"5%\" stop-color=\"rgba(0,128,0,.2)\" />\n            <stop offset=\"60%\" stop-color=\"gold\" />\n          </linearGradient>\n        <g id=\"circles\" fill=\"url('#absGradient')\" >\n            <circle cx=\"50\" cy=\"50\" r=\"40\" ></circle>\n            <circle cx=\"150\" cy=\"50\" r=\"40\"></circle>\n            <circle cx=\"100\" cy=\"100\" r=\"60\"></circle>\n            <circle cx=\"50\" cy=\"150\" r=\"40\"></circle>\n            <circle cx=\"150\" cy=\"150\" r=\"40\"></circle>\n        </g>\n    </svg>"},{"type":"paragraph","crDate":1717162360048,"chDate":1717162745020,"text":"<b>radialGradient</b>\nDer radiale Verlauf läuft von einem Mittelpunkt zum Rand.\nDer Verlauf erwartet einen inneren Kreis und einen äußeren Kreis, zwischen denen der Verlauf interpoliert wird.\nParameter:\n<ul>\n<li>gradientUnits: Methode des Verlaufs. Es erlaubt zwei Optionen:\n<ul>\n<li>userSpaceOnUse: Verlauf wird relativ zum gesamten SVG angewendet</li>\n<li>objectBoundingBox: Jeder Node erhält seinen ganz individuellen Vrlauf, der sich am Begrenzungsrahmen orientiert</li>\n</ul></li>\n<li>fx, fy, fr: X-Position, Y-Position und Radius des Startkreises</li>\n<li>cx, cy, r: X-Position, Y-Position und Radius des Endkreises</li>\n<li>gradientTransform: Zusätzliche Transformation</li>\n</ul>"},{"type":"code","crDate":1717162949309,"chDate":1717163149998,"text":"&lt;svg class=\"illu\">\n &lt;radialGradient  id=\"radGradient\" gradientUnits=\"userSpaceOnUse\" \n   fx=\"100\" fy=\"100\" fr=\"30\"\n   cx=\"100\" cy=\"100\" r=\"100\">\n  &lt;stop offset=\"5%\" stop-color=\"rgba(0,128,0,.2)\" />\n  &lt;stop offset=\"70%\" stop-color=\"gold\" />\n &lt;/radialGradient >\n &lt;g id=\"circles\" fill=\"url('#radGradient')\" >\n  &lt;circle cx=\"50\" cy=\"50\" r=\"40\">&lt;/circle>\n  &lt;circle cx=\"150\" cy=\"50\" r=\"40\">&lt;/circle>\n  &lt;circle cx=\"100\" cy=\"100\" r=\"60\">&lt;/circle>\n  &lt;circle cx=\"50\" cy=\"150\" r=\"40\">&lt;/circle>\n  &lt;circle cx=\"150\" cy=\"150\" r=\"40\">&lt;/circle>\n &lt;/g>\n&lt;/svg>"},{"type":"paragraph","crDate":1717162952482,"chDate":1717163078348,"text":"<svg class=\"illu\">\n        <radialGradient  id=\"radGradient\" gradientUnits=\"userSpaceOnUse\"  fx=\"100\" fy=\"100\" fr=\"30\" cx=\"100\" cy=\"100\" r=\"100\" >\n            <stop offset=\"5%\" stop-color=\"rgba(0,128,0,.2)\" />\n            <stop offset=\"70%\" stop-color=\"gold\" />\n        </radialGradient >\n        <g id=\"circles\" fill=\"url('#radGradient')\" >\n            <circle cx=\"50\" cy=\"50\" r=\"40\"></circle>\n            <circle cx=\"150\" cy=\"50\" r=\"40\"></circle>\n            <circle cx=\"100\" cy=\"100\" r=\"60\"></circle>\n            <circle cx=\"50\" cy=\"150\" r=\"40\"></circle>\n            <circle cx=\"150\" cy=\"150\" r=\"40\"></circle>\n        </g>\n    </svg>"},{"type":"subheader","crDate":1717163242571,"chDate":1717163246036,"text":"Pattern"},{"type":"paragraph","crDate":1717163250023,"chDate":1717164480542,"text":"Ein Node lässt sich auch mit einem Muster füllen.\nDas Pattern wird mit SVG-Nodes definiert und kann dann als Füllung verwendet werden. Beim Definieren der Elemente im Muster muss beachtet werden, dass die Nodes innerhalb des Musters liegen.\nParameter:\n<ul>\n<li>x: Linke Kante des Musters</li>\n<li>y: Obere Kante des Musters</li>\n<li>width: Breite des Musters</li>\n<li>height: Höhe des Musters</li>\n<li>patternUnits: Methode des Verlaufs. Es erlaubt zwei Optionen:\n<ul>\n<li>userSpaceOnUse: Verlauf wird relativ zum gesamten SVG angewendet</li>\n<li>objectBoundingBox: Jeder Node erhält seinen ganz individuellen Vrlauf, der sich am Begrenzungsrahmen orientiert</li>\n</ul></li>\n<li></li>\n<li></li>\n</ul>"},{"type":"code","crDate":1717164568240,"chDate":1717164589354,"text":"&lt;svg class=\"illu\">\n &lt;defs>\n  &lt;pattern id=\"pttrn1\" x=\"0\" width=\"20\" height=\"20\" patternUnits=\"userSpaceOnUse\"> \n   &lt;circle cx=\"5\" cy=\"5\" r=\"5\" fill=\"rgba(180,180,0,.5)\">&lt;/circle>\n   &lt;circle cx=\"15\" cy=\"15\" r=\"5\" fill=\"rgba(100,220,0,.5)\">&lt;/circle>\n  &lt;/pattern>\n &lt;/defs>\n &lt;circle cx=\"100\" cy=\"100\" r=\"100\" fill=\"url(#pttrn1)\">&lt;/circle>\n&lt;/svg>"},{"type":"paragraph","crDate":1717164572058,"chDate":1717164573502,"text":"<svg class=\"illu\">\n        <defs>\n            <pattern id=\"pttrn1\" x=\"0\" width=\"20\" height=\"20\" patternUnits=\"userSpaceOnUse\"> \n                <circle cx=\"5\" cy=\"5\" r=\"5\" fill=\"rgba(180,180,0,.5)\"></circle>\n                <circle cx=\"15\" cy=\"15\" r=\"5\" fill=\"rgba(100,220,0,.5)\"></circle>\n            </pattern>\n        </defs>\n\n        <circle cx=\"100\" cy=\"100\" r=\"100\" fill=\"url(#pttrn1)\"></circle>\n    </svg>"}]}