{"content":[{"type":"subheader","crDate":1698067571959,"chDate":1698067580103,"text":"Präsentationen"},{"type":"paragraph","crDate":1698067574104,"chDate":1698067575058,"text":"<ul>\n<li><b>Beautyful.ai</b>\nWandelt einen Prompt in Wordclouds, Diagramme und mehr um.</li>\n<li><b>Decktopus</b> und <b>Magicslides</b>\nErstellt komplette Slideshows auf Basis weniger Benutzereingaben</li>\n</ul>"},{"type":"links","crDate":1698067685504,"chDate":1698067685504,"links":[{"title":"Beautyful.ai","url":"https://www.beautiful.ai/"},{"title":"Decktopus","url":"https://www.decktopus.com/"},{"title":"Magic Slides","url":"https://www.magicslides.app/"}]}]}