{"content":[{"type":"paragraph","crDate":1706873563007,"chDate":1721134251462,"text":"Alle Entwickler:innen in allen Sprachen haben irgendwann einmal angefangen. Das ist normal und es macht keinen Sinn, das verstecken zu wollen.\nAllerdings möchte man den Status als \"Anfänger\" natürlich schnell hinter sich bringen. Einerseits in der Wahrnehmung anderer Entwickler:innen und hat das natürlich Auswirkungen auf die Bezahlung.\nIn diesem Artikel soll beschrieben werden, woran die Arbeit von Anfängern erkannt werden kann. "},{"type":"subheader","crDate":1706873415458,"chDate":1706873429641,"text":"Verräterischer Code"},{"type":"paragraph","crDate":1721134324586,"chDate":1721134858349,"text":"Es gibt einige Patterns im Code, die vermieden werden sollten. Diese Patterns funktionieren zwar, sind aber ungeschickt und zeugen von unvollständigem Verständnis für die Materie."},{"type":"paragraph","crDate":1721134851997,"chDate":1721134855700,"text":"<b>Booleans logisch prüfen</b>\nBedingte Anweisungen erwarten ein <i>Boolean</i>, um zu entscheiden, wie der Code weiter ausgeführt wird. Häufig liegt ein solches Boolean bereits vor. Instinktiv nutzen viele Anfänger eine logische Anweisung in der Steuerung. Dies ist unnötig, da genauso gut einfach das Boolean direkt für die bedingte Anweisung verwendet werden kann."},{"type":"code","crDate":1721135214949,"chDate":1721135318996,"text":"let great = Math.random() > .5;\n// Hier wird eine Boolean unnötigerweise auf \"true\" geprüft.\nif (great == true) console.log(`Groß`);\nelse console.log(`Klein`);\n\n// Besser\nif (great) console.log(`Groß`);\nelse console.log(`Klein`);\n"},{"type":"subheader","crDate":1706873435496,"chDate":1706873471766,"text":"\"Making it work\""},{"type":"paragraph","crDate":1706873445400,"chDate":1706873757489,"text":"<ul>\n<li><b>Lesbarkeit</b>\n\n</li>\n</ul>"},{"type":"subheader","crDate":1706873447216,"chDate":1706873453272,"text":"Zu viel gleichzeitig"},{"type":"subheader","crDate":1706873487596,"chDate":1706873518207,"text":"Unzusammenhängendes Lernen"},{"type":"subheader","crDate":1706873529234,"chDate":1706873536642,"text":"Wenige Commits"},{"type":"subheader","crDate":1706873550761,"chDate":1706873556003,"text":"Kritik vermeiden"}]}