{"content":[{"type":"paragraph","crDate":1706873563007,"chDate":1706873708739,"text":"Alle Entwickler:innen in allen Sprachen haben irgendwann einmal angefangen. Dafür muss man sich nicht schämen.\nAllerdings möchte man den Status als Anfänger:in natürlich schnell hinter sich bringen. Einerseits in der Wahrnehmung anderer Entwickler:innen und natürlich in der Bezahlung."},{"type":"subheader","crDate":1706873415458,"chDate":1706873429641,"text":"Verräterischer Code"},{"type":"subheader","crDate":1706873435496,"chDate":1706873471766,"text":"\"Making it work\""},{"type":"paragraph","crDate":1706873445400,"chDate":1706873757489,"text":"<ul>\n<li><b>Lesbarkeit</b>\n\n</li>\n</ul>"},{"type":"subheader","crDate":1706873447216,"chDate":1706873453272,"text":"Zu viel gleichzeitig"},{"type":"subheader","crDate":1706873487596,"chDate":1706873518207,"text":"Unzusammenhängendes Lernen"},{"type":"subheader","crDate":1706873529234,"chDate":1706873536642,"text":"Wenige Commits"},{"type":"subheader","crDate":1706873550761,"chDate":1706873556003,"text":"Kritik vermeiden"}]}