{"content":[{"type":"paragraph","crDate":1686663913024,"chDate":1686664754605,"text":"Ein Objekt kann alle Datentypen als Attribut enthalten. Dazu gehört natürlich auch eine Funktion.\nEine Funktion innerhalb eines Objektes wird <i>Methode</i> genannt.\nFür das Anlegen einer Methode gibt es eine spezielle Syntax: Die runden Klammern ( ) für Parameter werden direkt hinter den Attributnamen geschrieben. \nDer Codeblock wird in geschweifte Klammern { } gefasst."},{"type":"code","crDate":1686665452378,"chDate":1686665496822,"text":"const meinAuto = {\n    marke: 'Hyundai',\n    modell: 'i20',\n    leistungKW:62,\n    ganzerName() {\n        return `${this.marke} ${this.modell}`\n    },\n    leistungPS(decimals){\n        return (this.leistungKW / .73).toFixed(decimals);\n    }\n}\n\nconsole.log(meinAuto.ganzerName());  // -> Hyundai i20\nconsole.log(meinAuto.leistungPS(2));  // -> 84.93"},{"type":"subheader","crDate":1686056759669,"chDate":1686056781394,"text":"Chaining"},{"type":"subheader","crDate":1686665608302,"chDate":1686665616388,"text":"Getter / Setter"},{"type":"subheader","crDate":1686665618509,"chDate":1686665624053,"text":"Arrow-Funktionen"}]}