{"content":[{"type":"subheader","crDate":1698146931489,"chDate":1698146932888,"text":"Staging Area"},{"type":"paragraph","crDate":1698146840455,"chDate":1698146841480,"text":"Die Staging-Area in Git ist ein Zwischenspeicherbereich, in dem Änderungen an Dateien vorgemerkt werden, bevor sie in einem Commit festgehalten werden. Um die aktuellen Änderungen dort aufzunehmen dient der add-Befehl.\nDer add-Befehlt bekommt den Pfad zu den Dateien, die gespeichert werden sollen. In den meisten Fällen ist die ein <i>.</i> (punkt). Das bedeutet, das aktuelle Verzeichnis wird gespeichert."},{"type":"terminal","crDate":1698146886068,"chDate":1698146889011,"text":"git add ."},{"type":"paragraph","crDate":1698146891251,"chDate":1698146893382,"text":"Falls hier ein Fehler unterlaufen ist, kann die Staging Area wieder zurückgesetzt werden."},{"type":"terminal","crDate":1698146958703,"chDate":1698146960926,"text":"git reset"},{"type":"subheader","crDate":1698147624468,"chDate":1698147630265,"text":"Status"},{"type":"paragraph","crDate":1698148502017,"chDate":1698148530077,"text":"Der status dient dazu, den Status des Arbeitsverzeichnisses und der Staging-Area anzuzeigen. Er zeigt an, welche Dateien geändert, gelöscht oder neu erstellt wurden."},{"type":"terminal","crDate":1698148570731,"chDate":1698148578241,"text":"git status"},{"type":"subheader","crDate":1698147057351,"chDate":1698147063808,"text":"Commit"},{"type":"paragraph","crDate":1698147066206,"chDate":1698147414037,"text":"Wenn alle zu speichernden Elemente in die Staging Area aufgenommen wurden, muss die Version noch endgültig gespeichert werden. Dieser Vorgang wird Commit genannt.\nBeim Commit ist ein Kommentar mit der -m-Option Pflicht. Dieser Kommentar erlaubt es, die Commits auseinanderzuhalten."},{"type":"terminal","crDate":1698147492241,"chDate":1698147517190,"text":"git commit -m \"Hier ein interessanter Kommentar\""},{"type":"subheader","crDate":1698148609615,"chDate":1698148616119,"text":"Log"},{"type":"paragraph","crDate":1698148618687,"chDate":1698148865613,"text":"Um die bisherigen Commits anzuzeigen, kann der log-Befehl verwendet werden.\nAls Rückgabe werden die Commits angezeigt inklusive ihrer ID und dem Kommentar."},{"type":"terminal","crDate":1698148754140,"chDate":1698148757670,"text":"git log"}]}