{"content":[{"type":"paragraph","crDate":1695814600259,"chDate":1696431989917,"text":"Neben dem Zeichnen geometrischer Formen können auch Bildinhalte positionert werden. Dazu kann auf die Inhalte von img-, image-, video- und canvas-Tags zurückgegriffen werden. Dabei spielt es keine Rolle, ob das Element in der Seite angebunden ist oder nicht."},{"type":"subheader","crDate":1696431992456,"chDate":1696431996767,"text":"Positionieren"},{"type":"paragraph","crDate":1696432016698,"chDate":1696433515835,"text":"Im einfachsten Fall wird ein Bild und die gewünschte Position angegeben.\nDaneben kann mit Parameter vier und fünf auch die gewünschte Größe definiert werden.\nSchließlich kann mit neun Parameter der Ausschnitt und das Ziel definiert werden.\nDas ist besonders dann praktisch, wenn aus einem Spritesheet ein bestimmtes Sprite genommen werden soll. Hiermit kann die Position und Größe des Sprites sowie die gewünschte Zeichenposition genau definiert werden.\nDie Parameter sind:"},{"type":"code","crDate":1696432737092,"chDate":1696432741371,"text":"ctx.drawImage(\n source,\n AusschnittX, AusschnittY, AusschnittWidth, AusschnittHeight,\n ZielX, ZielY, ZielWidth, ZielHeight,\n)"},{"type":"code","crDate":1696433383868,"chDate":1696433412450,"text":"const c = document.querySelector('#myCanvas');\nconst ctx = c.getContext('2d');\n\nconst cSource = document.createElement('canvas');\nconst ctxSource = cSource.getContext('2d')\ncSource.width = 100;\ncSource.height = 100;\ndocument.body.append(cSource);\n\n// Quelle zeichnen\nctxSource.lineWidth = 3;\nctxSource.beginPath();\nfor (let i = 10; i < cSource.width / 2; i += 6) {\n ctxSource.moveTo(cSource.width / 2 + i, cSource.height / 2);\n ctxSource.arc(cSource.width / 2, cSource.height / 2, i, 0, 2 * Math.PI);\n}\nctxSource.stroke();\n\n// Bilder zeichnen\nctx.drawImage(cSource, 20, 20);\nctx.drawImage(cSource, 130, 20, 50, 50);\nctx.drawImage(cSource,\n 0, 0, 50, 50,\n 180, 20, 100, 100\n);"},{"type":"image","crDate":1696433424980,"chDate":1696433424980,"filename":"f989d597f0d37b89086a1270a.png"},{"type":"subheader","crDate":1696432003888,"chDate":1696432010510,"text":"Laden und zeichnen"}]}