{"content":[{"type":"subheader","crDate":1726213169812,"chDate":1726213172020,"text":"Index"},{"type":"paragraph","crDate":1726213086187,"chDate":1726213959078,"text":"Um effizient nach einem Datensatz zu suchen, sollte die Datenbank einen Index nach dem gewünschten Attribut enthalten. Daher auch der Name IndexedDB.\nEin Index in einer IndexedDB ist eine Struktur, die den schnellen Zugriff auf Daten ermöglicht, indem sie Daten nach einem bestimmten Attribut organisiert, anstatt nach dem Primärschlüssel.\nDer Index wird im <i>upgradeneeded</i>-Eventhandler angelegt und steht dann zur Verfügung."}]}