{"content":[{"type":"paragraph","crDate":1694073510011,"chDate":1694074247315,"text":"Der <i>range</i>-Input wird verwendet, um einen Schieberegler zu erstellen, mit dem Benutzer einen Wert innerhalb eines bestimmten Bereichs auswählen können. Der range-Input wird häufig in Formularen und Benutzeroberflächen verwendet, in denen ein kontinuierlicher Wertebereich ausgewählt werden muss, z. B. die Auswahl eines Preisbereichs oder das Einstellen eines Lautstärkepegels.\nDer range-Input-Element hat mehrere Attribute, die sein Verhalten anpassen können:\n<b>min</b>\nLegt den minimalen Wert des Bereichs fest.\n<b>max</b>\nLegt den maximalen Wert fest.\n<b>step</b>\nLegt den Inkrement- oder Dekrementwert fest, wenn der Schieberegler verschoben wird\n<b>value</b> \nLegt den anfänglichen Wert des Bereichs fest."},{"type":"code","crDate":1694074287048,"chDate":1694074321653,"text":"&lt;input \n type=\"range\" id=\"volume\" name=\"volume\" \n min=\"0\" max=\"100\" step=\"1\" value=\"50\">"},{"type":"paragraph","crDate":1723211398267,"chDate":1723211407321,"text":"<input type=\"range\" id=\"volume\" name=\"volume\" min=\"0\" max=\"100\" step=\"1\" value=\"50\">"},{"type":"paragraph","crDate":1694074418481,"chDate":1694075151866,"text":"Der übliche Eventlistener, um auf Änderungen zu reagieren ist <i>input</i>. Dieser reagiert auf jede Verschiebung des Reglers.\nDer <i>change</i>-Eventlistener reagiert erst, wenn die Maustaste losgelassen wird.\nAlle Werte können gelesen und geändert werden."}]}