{"content":[{"type":"paragraph","crDate":1684930995987,"chDate":1684931499879,"text":"Hier soll eine Übersicht über die wichtigsten Tastaturkürzel in VSCode.\nStrg s: Aktuelle Datei speichern\nStrg k -> s: Alle geöffneten Dateien speichern\nAlt l -> Alt O: In Live-Server öffnen (Vorausgesetzt, der Live-Server von Ritwick Dey ist installiert)\nAlt up: Zeile nach oben verschieben\nAlt down: Zeile nach unten verschieben\nAlt Shift up: Zeile nach oben duplizieren\nAlt Shift down: Zeile nach unten duplizieren\nShift Alt f: Dokument formatieren\nStrg F2: Alle Funde des markierten Textes überschreiben"}]}