{"content":[{"type":"paragraph","crDate":1703158237688,"chDate":1703158745714,"text":"Komponenten werden bei der Veröffentlichung kompiliert und in eine andere Datenstruktur integriert. Daher muss bei der Einbindung bedacht werden, woher die Daten geladen werden können."},{"type":"subheader","crDate":1703158748492,"chDate":1703158751050,"text":"Bilder"},{"type":"paragraph","crDate":1703158806565,"chDate":1703158987753,"text":"Der <i>public</i>-Ordner wird beim <i>Builden</i> in den Ausgabe-Ordner übertragen und die Links angepasst.\nBilder und andere Mediendateien sollten daher in den public-Ordner kopiert werden.\nDann können sie im Code aufgerufen werden, als stünde der Code in der <i>public/index.html</i>"},{"type":"image","crDate":1703159358766,"chDate":1703159358766,"filename":"e6a6e24047d4d973f9aff4700.jpg"},{"type":"code","crDate":1703159019977,"chDate":1703159386077,"text":"&lt;template>\n &lt;h1>Hallo Welt&lt;/h1>\n &lt;img src=\"/img/nature_12.png\" width=\"400\" />\n&lt;/template>"},{"type":"subheader","crDate":1703161397692,"chDate":1703161517611,"text":"Textdateien"},{"type":"paragraph","crDate":1703161393566,"chDate":1703163038753,"text":"Per <i>import</i> eingebundene Dateien werden im Kompilierungsprozess in die JS-Datei integriert. Daher sollten Daten-Dateien nicht per Import eingebunden werden. \nVielmehr empfiehlt sich eine Einbindung per <i>fetch()</i>.\nDie Daten-Datei sollte im <i>public/</i>-Ordner liegen. Sobald die Datei geladen ist, werden die Daten in die Vue-Struktur geschrieben."},{"type":"image","crDate":1703163531784,"chDate":1703163531784,"filename":"e6a6e24047d4d973f9aff4701.jpg"},{"type":"code","crDate":1703163546514,"chDate":1703164178908,"text":"export default {\n data() {\n  return {\n   contents: [],\n  };\n },\n created() {\n  fetch('/data.json')\n   .then(response => response.json())\n   .then(data => {\n    this.contents = data;\n  });\n },\n};\n</script>"}]}