{"content":[{"type":"paragraph","crDate":1715775278145,"chDate":1715775891166,"text":"Design Patterns (a.k.a. Coding Patterns) sind Lösungsansätze für häufig wiederkehrende Programmierwünsche und -probleme. Es kann vorteilhaft sein, einige dieser Patterns zu kennen, falls eines dieser Probleme oder Wünsche auftaucht. \nAllerdings wäre es ein Fehler, sich auf einzelne Patterns zu versteifen und diese immer anwenden zu wollen. Denn nicht jedes Projekt ist gleich und manchmal ist ein Pattern, das in einem Projekt gut funktioniert hat, in einem anderen Projekt nicht hilfreich."},{"type":"paragraph","crDate":1715775917853,"chDate":1715776634178,"text":"Im folgenden werden einige Design Patterns vorgestellt. Diese Auswahl bezieht sich natürlich auf Javascript.\nAndere Programmiersprachen kennen andere Design Patterns oder dieselben Patterns werden anders eingesetzt. Das liegt einfach daran, dass viele Probleme in Javascript aufgrund der Flexibilität nicht existieren."}]}