{"content":[{"type":"subheader","crDate":1714048945513,"chDate":1714048951241,"text":"Einzelne Klassen"},{"type":"paragraph","crDate":1714048955339,"chDate":1714049527258,"text":"Jedes DOM-Element trägt eine Klassenliste. Dies ist ein Array-ähnliches Element, das alle Klassen des Elementes enthält sowie Methoden, um diese Liste zu manipulieren."},{"type":"paragraph","crDate":1714049525225,"chDate":1714049934212,"text":"Um einem Dom-Element neue Klassen zuzuweisen, kann die <i>add()</a>-Methode verwendet werden. Diese nimmt beliebig viele Strings als Klassennamen an."},{"type":"code","crDate":1714049688658,"chDate":1714049967104,"text":"const element = document.querySelector('#container');\nelement.classList.add('oneClass', 'secondClass');"},{"type":"paragraph","crDate":1714049897826,"chDate":1714049926898,"text":"Mit der <i>remove()</i>-Methode können Klassen entfernt werden."},{"type":"code","crDate":1714049939006,"chDate":1714049962703,"text":"const element = document.querySelector('#container');\nelement.classList.remove('oneClass', 'secondClass');"},{"type":"paragraph","crDate":1714049972662,"chDate":1714050056795,"text":"Die <i>toggle()</i>-Methode schaltet Klassen um. Eine Klasse wird hinzugefügt, wenn es sie noch nicht gibt. Eine existierende Klasse wird entfernt."},{"type":"code","crDate":1714050064705,"chDate":1714050074624,"text":"const element = document.querySelector('#container');\nelement.classList.toggle('oneClass', 'secondClass');"},{"type":"paragraph","crDate":1714050129804,"chDate":1714050227915,"text":"Die <i>contains()</i>-Methode prüft, ob ein Element eine Klasse enthält oder nicht.\nDie gibt ein Boolean zurück"},{"type":"code","crDate":1714050233705,"chDate":1714050276164,"text":"const element = document.querySelector('#container'); \nconsole.log ( element.classList.contains('oneClass') );  // -> true oder false"},{"type":"subheader","crDate":1714050291206,"chDate":1714050308607,"text":"Alle Klassen"},{"type":"paragraph","crDate":1714050310939,"chDate":1714050530167,"text":"Mithilfe des <i<className</i>-Attributes kann das gesamte <i>class</i>-Attribut des DOM-Elementes mit einem beliebigen String überschrieben werden."},{"type":"code","crDate":1714050535736,"chDate":1714050577288,"text":"const element = document.querySelector('#container');\nelement.className = 'eineKlasse nochNeKlasse dritteKlasse';"}]}