{"content":[{"type":"paragraph","crDate":1701443048335,"chDate":1701960232768,"text":"Webcomponents ist der native Weg, mit Komponenten zu arbeiten.\nSie sind relativ neu und daher noch nicht so ausgereift wie React, Angular oder Vue. Dafür ist es in modernen Browsern flächendeckend ohne zusätzliche Software einsetzbar.\nWebcomponents basieren auf vier grundlegenden Spezifikationen: Custom Elements, Shadow DOM, ES Modules, HTML Template."},{"type":"subheader","crDate":1701960134962,"chDate":1701960151734,"text":"Custom Elements"},{"type":"paragraph","crDate":1701960083298,"chDate":1701960183078,"text":"Hiermit können neue Elemente entworfen und verwendet werden."},{"type":"subheader","crDate":1701960186635,"chDate":1701960192075,"text":"Shadow DOM"},{"type":"paragraph","crDate":1701960195179,"chDate":1701960319402,"text":"Beschreibt, wie Styles und Elemente innerhalb einer Komponenten verwendet werden."},{"type":"subheader","crDate":1701960321747,"chDate":1701960326930,"text":"ES Modules"},{"type":"paragraph","crDate":1701960329297,"chDate":1701960384229,"text":"Hiermit können Komponenten unkludiert und wiederverwendet werden."},{"type":"subheader","crDate":1701960388068,"chDate":1701960397692,"text":"HTML Templates"},{"type":"paragraph","crDate":1701960400293,"chDate":1701960472142,"text":"Diese Spezifikation beschreibt Vorlagen für Bestandteile, die zusammengefügt werden können."},{"type":"links","crDate":1701443306159,"chDate":1701443306159,"links":[{"title":"Offizielle Webseite","url":"https://www.webcomponents.org/"},{"title":"Auf MDN","url":"https://developer.mozilla.org/en-US/docs/Web/API/Web_components"}]},{"type":"subheader","crDate":1701443404742,"chDate":1701443407415,"text":"Polymer"},{"type":"paragraph","crDate":1701443410377,"chDate":1701443435084,"text":"Polymer ist die meistverwendete Library, um mit Webcomponents zu arbeiten."},{"type":"links","crDate":1701443439468,"chDate":1701443439468,"links":[{"title":"Offizielle Webseite","url":"https://polymer-library.polymer-project.org/"}]}]}