{"content":[{"type":"paragraph","crDate":1717766899019,"chDate":1717767081726,"text":"Der <i>animateMotion</i>-Node ermöglicht es, ein Element an einem Pfad entlang zu bewegen.\nAttribute:\n<ul>\n<li><b>path</b>: Definition des Pfades, an dem das Element entlang bewegt werden soll Die Syntax entspricht der des Pfad-Elementes..</li>\n<li><b>dur</b>: Dauer eines Animationsframes</li>\n<li><b>repeatCount</b>: Anzahl der Wiederholungen. <i>indefinate</i>bestimmt, dass die Animation nicht endet.</li>\n</ul>"},{"type":"code","crDate":1717766606039,"chDate":1720613281128,"text":"&lt;svg>\n &lt;rect fill=\"#abc\" x=\"20\" y=\"20\" width=\"10\" height=\"10\">\n  &lt;animateMotion \n   dur=\"4s\" repeatCount=\"indefinite\" \n   path=\"\n    M 20, 20\n    L 150,170\n    L 150,20\n    L 20,170\n    Z\n   \">&lt;/animateMotion>\n &lt;/rect>\n&lt;/svg>"},{"type":"paragraph","crDate":1717766610321,"chDate":1720613259214,"text":"<svg class=\"illu\">\n <rect fill=\"#abc\" x=\"20\" y=\"20\" width=\"10\" height=\"10\">\n  <animateMotion dur=\"4s\" repeatCount=\"indefinite\" path=\"M 20, 20 L 150,170 L 150,20 L 20,170 Z\"></animateMotion>\n </rect>\n</svg>"}]}