{"content":[{"type":"paragraph","crDate":1695901149680,"chDate":1695902971438,"text":"Ein wichtiger Weg, Inhalte auf einen Context zu bringen, ist das zeichnen geometrischer Formen. Das Canvas bietet hierzu eine Auswahl verschiedener Methoden. \nAlle diese Methode basieren auf sogenannten Pfaden. Dies sind Listen von Punkten, die beim Zeichnen nacheinander abgefahren werden.\nEinige Methoden wie <i>arc()</i> oder <i>bezierCurveTo()</i> zeichnen gebogene Linien. Diese bestehen ihrerseits aus vielen Punkten, die durch die Methode erzeugt und in den Pfad eingetragen werden.\nAlle Koordinatenangaben erfolgen in Pixel. Der Startpunkt (0,0) ist die obere linke Ecke.\nGrundsätzlich funktioniert das Zeichnen geometrischer Formen immer folgendermaßen:\n<ul>\n<li>Pfadbeschreibung beginnen</li>\n<li>Pfad beschreiben</li>\n<li>Pfad zeichnen</li>\n</ul>\nIm Beispiel-Code wird ein großes Kreuz über den gesamten Canvas gezeichnet."},{"type":"paragraph","crDate":1695901397231,"chDate":1695901508606,"text":"Alle Methoden ändern nur die Pixeldaten. Das heißt, es werden die Pixel auf dem Canvas in der Farbe verändert. Nach der Ausführung der Methoden sind nur die Pixel verändert, die gezeichneten Kreise, Rechtecke, etc können nicht selektiert werden."},{"type":"code","crDate":1695902001995,"chDate":1695902132193,"text":"ctx.beginPath();\n\nctx.moveTo(0, 0);\nctx.lineTo(c.width, c.height);\nctx.moveTo(0, c.height);\nctx.lineTo(c.width, 0);\n\nctx.stroke();"},{"type":"image","crDate":1695902202725,"chDate":1695902202725,"filename":"6cfa60c5472fb34fd081a0800.png"},{"type":"paragraph","crDate":1695906394545,"chDate":1695908131593,"text":"Ein Pfad kann immer gefüllt oder als Outline gezeichnet werden. \nZum Füllen dient die <i>fill()</i>-Methode. Die Outline wird durch <i>stroke()</i> gezeichnet.\nOptional kann ein Pfad auch mit <i>closePath()</i> geschlossen werden. Dadurch wird eine Line zum ersten Punkt des Pfades gezogen."},{"type":"code","crDate":1695907985182,"chDate":1695908138044,"text":"ctx.beginPath();\nctx.moveTo(150,30);\nctx.lineTo(220, 120);\nctx.lineTo(80, 120);\nctx.closePath();\nctx.stroke();"},{"type":"image","crDate":1695908140195,"chDate":1695908140195,"filename":"6cfa60c5472fb34fd081a0802.png"},{"type":"code","crDate":1695908188168,"chDate":1695908196774,"text":"ctx.beginPath();\nctx.moveTo(150,30);\nctx.lineTo(220, 120);\nctx.lineTo(80, 120);\nctx.fill();"},{"type":"image","crDate":1695908222846,"chDate":1695908222846,"filename":"6cfa60c5472fb34fd081a0803.png"}]}