{"content":[{"type":"paragraph","crDate":1688644107357,"chDate":1688645287235,"text":"Wenn die Standard-Module nicht mehr ausreichen, kann auf die umfangreiche Modulsammlung unter npmjs.com zurückgegriffen werden.\nHier finden sich über eine Million Module, die über das Terminal installiert werden können."},{"type":"links","crDate":1688644081366,"chDate":1688644081366,"links":[{"title":"npmjs.com","url":"https://www.npmjs.com/"}]},{"type":"paragraph","crDate":1688644854500,"chDate":1688645402115,"text":"Um ein Modul mit zu installieren, öffne das Terminal und wechsle in das Verzeichnis deines Projekts, in dem das Modul installiert werden soll. Anschließend führe den Befehl <i>npm install <Modul-Name></i> aus und drücke die Enter-Taste. npm wird das Modul herunterladen und in den Unterordner <i>node_modules</i> im Verzeichnis deines Projekts installieren.\nAlle Abhängigkeiten werden automatisch aufgelöst und ggf notwendige Module werden automatisch installiert.\nEs können auch mehrere Module gleichzeitig installiert werden.\nMit der remove-Option können installierte Module wieder entfernt werden."},{"type":"terminal","crDate":1688645144974,"chDate":1688645410290,"text":"npm install modul1 modul2 modul3\nnpm remove modul2"},{"type":"paragraph","crDate":1688645306290,"chDate":1688645526376,"text":"Jedes installierte Modul kann dann einfach ins Projekt eingebunden werden."}]}