{"content":[{"type":"paragraph","crDate":1716820319945,"chDate":1716822549080,"text":"Einzelne Zeichen-Elemente können als <i>Link</i> benutzt werden. Die Syntax ist identisch mit HTML-Links, inklusive des target#Attributes.\nIm Bild unten wird der Kreis als Link zu Google benutzt,"},{"type":"code","crDate":1716820413308,"chDate":1716822515951,"text":"&lt;svg class=\"illu\">\n &lt;g fill=\"blue\" id=\"myForms\">\n  &lt;a href=\"http://google.de\" target=\"_blank\">\n   &lt;circle cx=\"50\" cy=\"50\" r=\"40\" />\n  &lt;/a>\n  &lt;rect x=\"100\" y=\"10\" width=\"30\" height=\"30\" />\n  &lt;rect x=\"150\" y=\"10\" width=\"30\" height=\"30\" />\n  &lt;rect x=\"100\" y=\"60\" width=\"30\" height=\"30\" />\n  &lt;rect x=\"150\" y=\"60\" width=\"30\" height=\"30\" />\n &lt;/g>\n&lt;/svg>"},{"type":"paragraph","crDate":1716822480030,"chDate":1716822505176,"text":"<svg class=\"illu\">\n <g fill=\"blue\" id=\"myForms\">\n  <a href=\"http://google.de\" target=\"_blank\">\n   <circle cx=\"50\" cy=\"50\" r=\"40\" />\n  </a>\n  <rect x=\"100\" y=\"10\" width=\"30\" height=\"30\" />\n  <rect x=\"150\" y=\"10\" width=\"30\" height=\"30\" />\n  <rect x=\"100\" y=\"60\" width=\"30\" height=\"30\" />\n  <rect x=\"150\" y=\"60\" width=\"30\" height=\"30\" />\n </g>\n</svg>"}]}