{"content":[{"type":"paragraph","crDate":1736169781921,"chDate":1736169798281,"text":"<i>Apache Avro</i> ist ein Datenserialisierungsformat, das häufig in verteilten Systemen verwendet wird. Es bietet eine effiziente Möglichkeit, Daten zu serialisieren und zu deserialisieren, und unterstützt Schema-Evolution, was besonders nützlich in <i>Microservices</i>-Architekturen ist."},{"type":"paragraph","crDate":1736169808495,"chDate":1736169809517,"text":"Die Module sind hauptsächlich für Node entworfen. Einfach zu verwendende Module für einen Client stehen nicht wirklich zur Verfügung.\nMit dem Projekt <i>Browserify</i> sollte sich das Modul auch im Browser starten lassen."},{"type":"links","crDate":1736169813535,"chDate":1736169813535,"links":[{"title":"Projektseite auf npm","url":"https://github.com/apache/avro"},{"title":"Browserify","url":"https://browserify.org/"}]}]}