{"content":[{"type":"paragraph","crDate":1686724201756,"chDate":1686725759551,"text":"Auf ein Objekt kann die Spread-Syntax angewendet werden. Dabei werden die Attribute des Objektes in eine Liste von Werten umgewandelt werden.\nAllerdings kann das Spread nicht so flexibel eingesetzt werden wie bei einem Array, da ein Objekt nicht iterierbar ist.\nDer einzige Einsatzzweck der Spreadsyntax ist das echte Kopieren eines Objektes."},{"type":"code","crDate":1686725392188,"chDate":1686726368913,"text":"const meinAuto = {\n marke: 'Hyundai',\n modell:'i20',\n leistungKW: 62,\n}\n\nconst newCar = {...meinAuto};\n\nmeinAuto.leistungKW = 100;\n\nconsole.log(meinAuto);  // -> { marke: 'Hyundai', modell: 'i20', leistungKW: 100 }\nconsole.log(newCar);    // -> { marke: 'Hyundai', modell: 'i20', leistungKW: 62 }"},{"type":"paragraph","crDate":1686725497283,"chDate":1686725836625,"text":"Während des Kopiervorgangs können auch neue Attribute hinzugefügt oder mehrere Objekte zusammengefügt werden."},{"type":"code","crDate":1686726220781,"chDate":1686726340261,"text":"const meinAuto = {\n marke: 'Hyundai',\n modell:'i20',\n leistungKW: 62,\n}\n\nconst luxusFeatures = {\n farbe: 'Perlgrau',\n klima: true    \n}\n\nconst newCar = {...meinAuto, ...luxusFeatures, baujahr: 2020};\n\nconsole.log(newCar);  // -> {\n                      // ->  marke: 'Hyundai',\n                      // ->  modell: 'i20',\n                      // ->  leistungKW: 62,\n                      // ->  farbe: 'Perlgrau',\n                      // ->  klima: true,\n                      // ->  baujahr: 2020\n                      // -> }"}]}