{"content":[{"type":"subheader","crDate":1770385681899,"chDate":1770385697172,"text":"Vermeide impure functions"},{"type":"paragraph","crDate":1770385760709,"chDate":1770386125478,"text":"React erwartet eine <i>Pure Function</i> als Komponente. Das bedeutet, dass die Funktion bei gleicher Eingabe immer das gleiche Ergebnis hat. Dem widersprechen die Verwendung von z.B. <i>Math.random()</i> oder <i>Date.now()</i> im Renderprozess.\nAber auch das Lesen des Localstorage kann Seiteneffekte haben, welche in einer Pure Function unerwünscht sind. Daher sind diese Dinge zu vermeiden."},{"type":"subheader","crDate":1770385700806,"chDate":1770385727306,"text":"Verwende Debouncer in Formularen"}]}