{"content":[{"type":"paragraph","crDate":1693488167461,"chDate":1693489157570,"text":"Häufig muss an ein DOM-Element eine Information aus dem Vue-Objekt übergeben. Bspw. soll über Vue der Bildinhalt oder ein Linkziel gesteuert werden.\nDazu kann die <i>v-bind</i>-Direktive eingesetzt werden. An die Direktive wird mit einem Doppelpunkt das <i>Attribut</i> angehängt, dessen Inhalt gesteuert werden soll.\nAls Parameter wird beliebiger JS-Code, eine Vue-Variable, eine Vue-Methode, etc. eingesetzt."},{"type":"code","crDate":1693489462770,"chDate":1693489476080,"text":"// JS\ndata() {\n return {\n  imgUrl: 'url.to.image.jpg'\n }\n}"},{"type":"code","crDate":1693489478785,"chDate":1693489622245,"text":"<!-- HTML -->\n&lt;img v-bind:src=\"imgUrl\" />"},{"type":"subheader","crDate":1693489660386,"chDate":1693489665418,"text":"Kurzsyntax"},{"type":"paragraph","crDate":1693489772423,"chDate":1693489932206,"text":"Die Kurzsyntax fürs Data-Binding ist einfach ein Doppelpunkt"},{"type":"code","crDate":1693489939711,"chDate":1693489946182,"text":"<!-- HTML -->\n&lt;img :src=\"imgUrl\" />"},{"type":"subheader","crDate":1693490424181,"chDate":1693490433602,"text":"Iteration"},{"type":"paragraph","crDate":1693490419053,"chDate":1693490692131,"text":"Databinding ist auch bei der Iteration wichtig, damit die Attribute mit wechselnden Inhalten gefüllt werden können."},{"type":"code","crDate":1693490980202,"chDate":1693491022426,"text":"// JS\ndata() {\n return {\n  urls: [\n   { url: 'https://www.svz.io/' },\n   { url: 'https://www.wayside.studio/' },\n   { url: 'https://www.vouschurch.com/' },\n   { url: 'https://ready.so/' }\n  ]\n }\n}"},{"type":"code","crDate":1693491043464,"chDate":1693491123947,"text":"// HTML\n&lt;p v-for=\"(link, index) in urls\" :key=\"index\">\n &lt;a :href=\"link.url\" target=\"_blank\">Link</a>\n&lt;/p>"}]}