{"content":[{"type":"paragraph","crDate":1693564464452,"chDate":1693564916592,"text":"Eine Expression kann in JSX verwendet werden, um den Rückgabewert ausführbaren JS-Codes auszugeben.\nDie Expression wird mit geschweiften Klammern markiert und kann im Content ebenso angewendet werden wie für Parameter."},{"type":"code","crDate":1693564793369,"chDate":1693564891019,"text":"const App = () => {\n const myFunction = () => {\n  alert('Ich bin die Callback-Funktion');\n }\n return (\n  &lt;>\n   &lt;Btn callback={myFunction} content=\"Click Me\" />\n   &lt;p>{~~(Math.random()*100)}</p>\n  &lt;/>\n )\n}\n\nconst Btn = props => {\n return (\n  &lt;>\n   &lt;p>\n    &lt;button onClick={props.callback}>\n     {props.content}\n    &lt;/button> \n   &lt;/p>\n  &lt;/>\n )\n}"},{"type":"subheader","crDate":1770385089782,"chDate":1770385098587,"text":"Sichtbarkeit von Components"},{"type":"paragraph","crDate":1770385101967,"chDate":1770386781386,"text":"Mithilfe einer Expression lässt sich einfach und elegant die Sichtbarkeit einer Komponente steuern."},{"type":"code","crDate":1770386714925,"chDate":1770386881009,"text":"import {useState} from 'react';\n\nconst Showable = () => {\n const [value, setValue] = useState(20);\n\n const handleChange = evt => {\n  setValue(evt.target.value)\n };\n\n return (\n  &lt;>\n   &lt;div>\n    &lt;input value={value} type=\"range\" onChange={handleChange}/>\n    {(value > 80) && &lt;p>Over 80&lt;/p>}\n    {(value &lt;= 80) && &lt;p>Under 80&lt;/p>}\n   &lt;/div>\n  &lt;/>\n );\n};\n\nexport default Showable;"}]}