{"content":[{"type":"paragraph","crDate":1714749362226,"chDate":1714749623243,"text":"Ein Canvas kann relativ einfach als Bild gespeichert werden, indem der Inhalt als DataURL extrahiert wird.\nEin Button, der nicht in der Webseite eingebunden werden muss, erhält die <i>DataURL</i> als zu ladende Datei. Daraufhin wird der Button durch die <I>click()</i>-Methode gefeuert."},{"type":"code","crDate":1714749326277,"chDate":1714749349653,"text":"const c = document.querySelector('canvas');\n          \nconst dataURL = c.toDataURL('image/png');\nconst link = document.createElement('a');\nlink.href = dataURL;\nlink.download = 'canvas_image.png';\nlink.click();\n"}]}