{"content":[{"type":"paragraph","crDate":1714484122942,"chDate":1716817952529,"text":"SVG ist neben Canvas eine weitere Methode, um mittels Code Grafiken zu erstellen.\nSVG steht für <i>Scalable Vector Graphics</i>, es ist also ein Vectorformat und funktioniert rein deskriptiv. Ähnlich wie in <i>HTML</i> bzw. <i>XML</i> wird eine Grafik aus Tags aufgebaut, welche die zu zeichnenden Formen beschreiben.\nEine einfache SVG-Grafik kann also direkt in HTML geschrieben werden. Sie besteht aus einem <i>&lt;svg>&lt;/svg></i>-Tag und einigen Tags, welche die zu zeichnenden Formen beschreibt."},{"type":"subheader","crDate":1714484695295,"chDate":1714485793420,"text":"Größe"},{"type":"paragraph","crDate":1714484770343,"chDate":1714486003588,"text":"Die Größe einer SVG-Grafik wird über das <i>width</i>- und das <i>height</i>-Attribut gesteuert.\nDiese definieren den zur Verfügung stehenden Platz. Die Position und Größe der Elemente im Inneren werden in Pixeln angegeben."},{"type":"code","crDate":1714485303645,"chDate":1714488113683,"text":"&lt;svg width=\"300\" height=\"300\">\n &lt;rect \n  x=\"100\" y=\"100\" \n  width=\"130\" height=\"100\" \n  stroke=\"#000\" fill=\"transparent\" \n >\n&lt;/svg>  "},{"type":"image","crDate":1714486148244,"chDate":1714486148244,"filename":"da5f86c17e52e20453cc75f03.PNG"},{"type":"paragraph","crDate":1714486006249,"chDate":1716818012307,"text":"Es spielt übrigens - im Gegensatz zum <i>Canvas</i> - keine Rolle, ob die Größe per Attribut oder per CSS verändert wird. Die Grafik im Inneren wird immer in absolute Pixeln gerechnet, also ohne skaliert zu werden."},{"type":"code","crDate":1714486016187,"chDate":1714487775709,"text":"/* CSS */\nsvg {\n border: 1px solid #000;\n width:200px;\n height:200px;\n}"},{"type":"code","crDate":1714486179441,"chDate":1714488094306,"text":"&lt;svg>\n &lt;rect \n  x=\"150\" y=\"150\" \n  width=\"100\" height=\"100\" \n  stroke=\"#000\" fill=\"transparent\"\n >\n&lt;/svg> "},{"type":"image","crDate":1714487784288,"chDate":1714487784288,"filename":"da5f86c17e52e20453cc75f04.PNG"}]}