{"content":[{"type":"subheader","crDate":1693391203126,"chDate":1693391210413,"text":"CDN"},{"type":"paragraph","crDate":1693391212245,"chDate":1693391295110,"text":"Ein <i>Content Delivery Network</i> (CDN) ist ein Netzwerk aus Servern, die über das Internet verteilt sind. CDNs werden verwendet, um Inhalte, wie z. B. HTML-Seiten, Bilder, Videos und Dateien, schnell und zuverlässig an Benutzer zu liefern.\nCDNs arbeiten, indem sie Kopien der Inhalte an verschiedenen Standorten im Netzwerk speichern. Wenn ein Benutzer eine Website besucht, die von einem CDN gehostet wird, wird die Anfrage an den CDN-Server gesendet, der am nächsten am Benutzer liegt. Dies führt zu einer schnelleren Ladezeit für die Website, da die Inhalte nicht von einem entfernten Server heruntergeladen werden müssen.\nCDNs bieten eine Reihe von Vorteilen, darunter:\n<ul>\n<li>Verbesserte Leistung: CDNs können die Ladezeit von Websites und Anwendungen erheblich verbessern, indem sie Inhalte an Benutzer ausliefern, die sich in der Nähe befinden.</li>\n<li>Erhöhte Zuverlässigkeit: CDNs können die Zuverlässigkeit von Websites und Anwendungen verbessern, indem sie Inhalte auf mehrere Server verteilen.</li>\n<li>Verbesserte Sicherheit: CDNs können die Sicherheit von Websites und Anwendungen verbessern, indem sie Angriffe auf die ursprünglichen Server abschwächen.</li>\n</ul>"},{"type":"subheader","crDate":1693568387842,"chDate":1693568395352,"text":"Deploy / Deployment"},{"type":"paragraph","crDate":1693568401816,"chDate":1693568570444,"text":"Das Deployment einer Webseite ist der Prozess, der eine Website auf einem Webserver bereitstellt, damit sie von Benutzern aufgerufen werden kann. Es ist der letzte Schritt im Entwicklungsprozess einer Website.\nEs gibt verschiedene Möglichkeiten, eine Website zu deployen. Eine Möglichkeit ist, die Website-Dateien manuell auf einen Webserver hochzuladen. Eine andere Möglichkeit ist, ein Deployment-Tool zu verwenden. Das sind Programme, die den Prozess des Hochladens einer Webseite auf einen Webserver automatisieren."},{"type":"subheader","crDate":1771335066473,"chDate":1771335072300,"text":"Service"},{"type":"paragraph","crDate":1771335077166,"chDate":1771335263080,"text":"Ein Service ist ein Helfer, der eine spezifische Aufgabe übernimmt und diese Aufgabe kapselt. Das heißt, von außen ist weder ersichtlich noch relevant, wie die Aufgabe erledigt wird. Der Service bekommt einfach die Rahmenbedingungen (Parameter) und liefert ein Ergebnis zurück.\nBeispiele:<ul>\n<li>API-Service: Holt Daten von einem Server</li>\n<li>Auth-Service: Verwaltet Login/Logout </li>\n<li>Storage-Service: Speichert Daten lokal </li>\n<li>Logging-Service: Schreibt Fehler in die Konsole </li>\n</ul>"},{"type":"subheader","crDate":1771335276534,"chDate":1771335284586,"text":"Dependency Injection"},{"type":"paragraph","crDate":1771335286908,"chDate":1771335286908,"text":""}]}