{"content":[{"type":"paragraph","crDate":1692281939535,"chDate":1692283417731,"text":"Constructors sind der klassische Weg, um das erzeugen vieler Objekte zu erleichtern.\nTatsächlich sind Klassen nichts anderes als eine andere Schreibweise für Constructors.\nTechnisch ist ein Constructor eine ganz normale klassische Funktion. Erst dadurch, dass sie mit dem Schlüsselwort <i>new</i> aufgerufen wird, verhält sie sich als Constructor: In das <i>this</i>-Element wird ein leeres Objekt geschrieben, das in der Funktion mit neuen Attributen gefüllt werden kann. Dieses Objekt wird am Ende der Funktion automatisch zurückgegeben. "},{"type":"code","crDate":1692283605708,"chDate":1697107542546,"text":"function Auto(marke, modell, farbe, leistungKW){\n Object.assign(this, {marke, modell, farbe, leistungKW});\n this.leistungPS = function () {\n  return Math.round(this.leistungKW / .73);\n }\n}\n\nconst myAuto = new Auto('VW', 'ID3', 'Weiß', 100);\n\nconsole.log(myAuto);  // -> farbe: \"Weiß\"\n                      // -> ​leistungKW: 100\n                      // -> ​marke: \"VW\"\n                      // -> ​modell: \"ID3\""},{"type":"paragraph","crDate":1697107683823,"chDate":1697107787904,"text":"Das Anlegen eines Getters ist in einem klassischen Constructor nicht so einfach möglich und muss über die defineProperty()-Methode erledigt werden."},{"type":"code","crDate":1697107499398,"chDate":1697107674625,"text":"function Auto(marke, modell, leistungKW) {\n Object.assign(this, { marke, modell, leistungKW });\n\n Object.defineProperty(this, 'leistungPS', {\n  get: function () {\n   return Math.round(this.leistungKW / .73);\n  }\n });\n\n}\n\nconst myCar = new Auto('VW', 'id4', 140);\n\nconsole.log(myCar);\nconsole.log(myCar.leistungPS);"}]}