{"content":[{"type":"subheader","crDate":1695992799945,"chDate":1695992809116,"text":"Bezierkurve"},{"type":"paragraph","crDate":1695992822764,"chDate":1695995833083,"text":"Die <i>bezierCurveTo()</i>-Methode zeichnet eine sog. kubische Bezierkurve.\nDer Startpunkt der Bezierkurve ist der zuletzt im Pfad eingetragene Punkt.\nDie Kurve wird durch drei Punkte definiert:\n<ul>\n<li>Erster Stützpunkt</li>\n<li>Zweiter Stützpunkt</li>\n<li>Endpunkt</li>\n</ul>"},{"type":"code","crDate":1695995393200,"chDate":1695995419386,"text":"// Punkte definieren\nlet x1 = 20, y1 = 20;\nlet x2 = c.width - 20, y2 = 20;\nlet xEnd = c.width - 20, yEnd = c.height - 20;\n\n// Zeichnen\nctx.beginPath();\nctx.moveTo(20, c.height - 20);\nctx.bezierCurveTo(\n x1, y1,\n x2, y2,\n xEnd, yEnd\n)\nctx.stroke();\n\n// Stützpunkte zeichnen\nctx.fillStyle = '#f00';\nctx.fillRect(x1 - 2, y1 - 2, 4, 4);\nctx.fillRect(x2 - 2, y2 - 2, 4, 4);\nctx.fillStyle = '#0f0';\nctx.fillRect(xEnd - 2, yEnd - 2, 4, 4);"},{"type":"image","crDate":1695995455831,"chDate":1695995455831,"filename":"3cd3d0fd8b99a9319adec4d06.png","subtext":""},{"type":"image","crDate":1695995500659,"chDate":1695995500659,"filename":"3cd3d0fd8b99a9319adec4d08.png","subtext":"Anderes Beispiel"},{"type":"image","crDate":1695995609891,"chDate":1695995609891,"filename":"3cd3d0fd8b99a9319adec4d09.png","subtext":"Weiteres Beispiel"},{"type":"subheader","crDate":1695992813589,"chDate":1695992820324,"text":"Quadratische Kurve"},{"type":"paragraph","crDate":1695992824757,"chDate":1695995881832,"text":"Die <i>quadraticCurveTo()</i>-Methode zeichnet eine sog. quadratische Bezierkurve.\nDer Startpunkt der Bezierkurve ist der zuletzt im Pfad eingetragene Punkt.\nDie Kurve wird durch zwei Punkte definiert:\n<ul>\n<li>Stützpunkt</li>\n<li>Endpunkt</li>\n</ul>"},{"type":"code","crDate":1695996005159,"chDate":1695996027821,"text":"// Punkte definieren\nlet x1 = c.width / 2, y1 = 20;\nlet xEnd = c.width - 20, yEnd = c.height - 20;\n\n// Zeichnen\nctx.beginPath();\nctx.moveTo(20, c.height - 20);\nctx.quadraticCurveTo(\n x1, y1,\n xEnd, yEnd\n)\nctx.stroke();\n\n// Stützpunkte zeichnen\nctx.fillStyle = '#f00';\nctx.fillRect(x1 - 2, y1 - 2, 4, 4);\nctx.fillStyle = '#0f0';\nctx.fillRect(xEnd - 2, yEnd - 2, 4, 4);"},{"type":"image","crDate":1695996046165,"chDate":1695996046165,"filename":"3cd3d0fd8b99a9319adec4d0a.png"},{"type":"links","crDate":1695992847954,"chDate":1695992847954,"links":[{"title":"Beschreibung Bezier","url":"https://developer.mozilla.org/en-US/docs/Glossary/Bezier_curve"}]}]}