{"content":[{"type":"paragraph","crDate":1715171389938,"chDate":1715172025741,"text":"Ein immer wiederkehrender Wunsch in der Webentwicklung ist der, einen String als Datei speichern zu können. Da der Browser nicht auf das lokale Dateisystem zugreifen kann/darf, muss auf einen kleinen Trick zurückgegriffen werden.\nDer String wird in eine als Textdatei schreibbare Form gebracht. Dann wird ein <i>a</i>-tag erzeugt (ohne diesen in der Webseite anzuzeigen). Schließlich wird der Button virtuell angeklickt. \nDadurch wird die Datei zum Download angeboten und kann vom Benutzer an die gewünschte Stelle im Dateisystem geschrieben."},{"type":"code","crDate":1715172247875,"chDate":1715172266324,"text":"const content = \"Der Inhalt, der in die Datei geschrieben werden soll\";\nconst filename = \"datei.txt\";\n\nconst blob = new Blob([content], { type: \"text/plain\" });\nconst url = URL.createObjectURL(blob);\n\nconst link = document.createElement(\"a\");\nlink.href = url;\nlink.download = filename;\nlink.click();\n\nURL.revokeObjectURL(url);"}]}