{"content":[{"type":"paragraph","crDate":1693982881861,"chDate":1693983497369,"text":"Das Terminal / die Eingabeaufforderung ist die Umgebung, in der Node läuft. Daher sollten JS-Entwickler:innen natürlich mit dieser Umgebung umgeben können.\nDer einfachste Weg, ein Terminalfenster zu öffnen ist, im Explorer/Finder den gewünschten Ordner zu öffnen. Dann kann in die Addressleiste der Befehl <i>cmd</i> eingegeben werden und ."},{"type":"image","crDate":1693984130619,"chDate":1693984130619,"filename":"475c923528d49360fec7a3101.jpg","subtext":"Aufruf des Terminalfensters vom Explorer-Fenster (Windows 10)"},{"type":"paragraph","crDate":1693984197757,"chDate":1693986594886,"text":"Im geöffneten Terminalfenster kann nun alles gemacht werden, um mit den Dateien und Ordner umzugehen.\n<table>\n<tr>\n<th width=\"10%\">Befehl</th><th width=\"50%\">Wirkung</th><th width=\"40%\">Beispiel</th>\n<tr>\n\n<tr>\n<td>cd</td><td>In ein Verzeichnis wechseln, kann einen relativen oder absoluten Dateipfad annehmen.</td><td>cd ..<br />cd C:\\path\\to\\files</td>\n<tr>\n\n<tr>\n<td>node</td><td>Starten des Programmes <i>node</i>. Dem Programm wird der Pfad zum JS-File gegeben, sodass dieses gestartet wird.</td><td></td>\n<tr>\n\n<tr>\n<td>echo</td><td>Ausgabe im Terminal. Ausgabe kann in eine Datei umgeleitet werden, was dazu führt, dass die Datei ggf. angelegt wird.</td><td>echo hello > newfile.txt</td>\n<tr>\n\n<tr>\n<td>code</td><td>Starten des Programmes Visual Studio Code. Kann den zu öffnenden Pfad als Parameter annehmen.</td><td>code .<br />code /path/to/folder</td>\n<tr>\n\n<tr>\n<td>npm</td><td>Installation von Modulen.</td><td>npm i name_des_moduls</td>\n<tr>\n\n<tr>\n<td>ctrl c</td><td>Abbrechen eines laufenden Programmes</td><td></td>\n<tr>\n\n</table>\nNatürlich ist das Anlegen, Entfernen, Umbenennen etc im Explorer/Finder wesentlich einfacher. Daher empfiehlt sich eine kombinierte Arbeitsweise.\nNur das Nötige wird im Terminal gemacht, alles andere im Explorer/Finder."}]}