{"content":[{"type":"paragraph","crDate":1771332884398,"chDate":1771334227598,"text":"Bei der Einbindung einer Komponenten in eine andere Komponente werden bekanntermaßen die Attribute übegeben. Diese werden zu einem Objekt zusammengefasst, welches an die Kind-Komponente übergeben wird. Beispiel:<code>\n&lt;Absatz content=\"blah\" counter={0}/>\n</code>\nübergibt das folgende Argument:<code>\n{ content: \"blah\", counter: 0 }\n</code>\nNicht ganz so bekannt ist: Falls in der Eltern-Komponente Kinder in den Komponentenaufruf verschachtelt sind, werden diese in einem eigenen Attribut namens <i>children</i> ebenfalls übergeben."},{"type":"code","crDate":1771333498906,"chDate":1771333645363,"text":"&lt;Absatz count={0} desc=\"Dies sind Planeten\">\n &lt;h2>Planeten&lt;/h2>\n &lt;p>Merkur&lt;/p>\n &lt;p>Mars&lt;/p>\n&lt;/Absatz>"},{"type":"paragraph","crDate":1771333695965,"chDate":1771334258247,"text":"Der Aufruf übergibt an die Kind-Komponente <i>Absatz</i> das folgende Objekt:"},{"type":"code","crDate":1771333727588,"chDate":1771333730041,"text":"{ count: 0, desc: \"Dies sind Planeten\", children: (3) […] }"},{"type":"paragraph","crDate":1771333874504,"chDate":1771334090848,"text":"Die im Aufruf verschachtelten Komponenten werden also in einem eigenen Array übergeben.\nDie Objekte können problemlos von React verarbeitet und beispielsweise in die Komponente eingehängt werden."},{"type":"code","crDate":1771334109463,"chDate":1771334200823,"text":"const Absatz = props => {\n return (\n  &lt;>\n   {props.children}\n  &lt;/>\n )\n}\n\nexport default Absatz;"}]}