{"content":[{"type":"paragraph","crDate":1685447036891,"chDate":1685965352895,"text":"Undefined ist kein wirklicher Datentyp, kann aber als solcher behandelt werden.\nVielmehr wird der Wert <i>undefined</i> zurückgegeben, wenn eine Variable oder eine Rückgabe keinen Wert enthält. \nEin nicht vorhandener Wert kann auch keinen Datentyp haben. Dieser wird damit also als undefined angezeigt."},{"type":"code","crDate":1685965752180,"chDate":1685965781320,"text":"let myValue;\n\nconsole.log(myValue);  // -> undefined\nconsole.log(typeof myValue);  // -> undefined\n\nconst myFunction = () => {\n // Hier passiert irgendwas ohne Rückgabewert\n}\n\nconsole.log(myFunction());  // -> undefined"}]}