{"content":[{"type":"paragraph","crDate":1692959288837,"chDate":1692976051348,"text":"Mit Hilfe von Modulen lässt sich in Node problemlos auf dei verschiedensten Datenbanken zugreifen. Alle gängigen Datenbanken und einige exotische können somit von Node verwendet werden.\nGrundsätzlich gibt es viele verschiedene Arten von Datenbanken, einige Beispiele: <i>Relationale Datenbanken</i>, <i>No-SQL-Datenbanken</i>, <i>Objektorientierte Datenbanken</i>, <i<Verteilte Datenbanken</i>, <i>Data Warehouses</i>, <i>Diagrammdatenbanken</i>. Vermutlich gibt es noch mehr und wird in Zukunft noch weitere Typen geben."},{"type":"paragraph","crDate":1692976023653,"chDate":1692976035483,"text":"Für jeden Zweck gibt es die richtige Art von Datenbank. In den letzten Jahren haben sich dabei die <b>NO-SQL-Datenbanken</b> als besonders interessant für Webprojekte herausgestellt. Die Gründe dafür sind:\n<b>Skalierbarkeit</b>\nNoSQL-Datenbanken sind in der Regel horizontal skalierbar, was bedeutet, dass sie mit zunehmender Datenmenge und Benutzerlast leicht erweitert werden können. Dies ist besonders wichtig für Webprojekte, die häufig mit großen Datenmengen und hohem Datenverkehr umgehen müssen.\n<b>Flexibilität</b>\nIm Gegensatz zu relationalen Datenbanken erfordern NoSQL-Datenbanken kein festes Schema. Dies ermöglicht es den Entwicklern, die Datenstruktur flexibler anzupassen und schnell Änderungen vorzunehmen, ohne das gesamte Schema zu ändern. Dies ist besonders vorteilhaft in agilen Entwicklungsumgebungen.\n<b>Schnelle und einfache Datenzugriffe</b>\nNoSQL-Datenbanken sind aufgrund ihrer speziellen Datenmodellierung oft schneller als relationale Datenbanken. Sie verwenden verschiedene Datenmodelle wie Key-Value, Dokumenten, Spaltenfamilien oder Graphen, um den Zugriff auf die Daten zu optimieren. Dies ist wichtig für Webprojekte, die schnelle und effiziente Datenzugriffe erfordern.\n<b>Skalierung der Benutzerbasis</b>\nNoSQL-Datenbanken ermöglichen es Webprojekten, mit einer wachsenden Benutzerbasis umzugehen, da sie aufgrund ihrer horizontalen Skalierbarkeit leichter mit der steigenden Anzahl von Benutzern zurechtkommen können. Dies ist wichtig für Webprojekte, die ein hohes Maß an Benutzerinteraktion erfordern.\n<b>Unterstützung für unstrukturierte und halbstrukturierte Daten</b>\nNoSQL-Datenbanken sind gut geeignet, um unstrukturierte und halbstrukturierte Daten zu speichern, wie sie in Webprojekten häufig vorkommen. Dies ermöglicht es den Entwicklern, Daten in ihrer natürlichen Form zu speichern, ohne sie in ein starres Tabellenformat umwandeln zu müssen."},{"type":"subheader","crDate":1692962223964,"chDate":1692962230300,"text":"NO-SQL-Datenbanken"},{"type":"paragraph","crDate":1692962238316,"chDate":1692962825929,"text":"Der Name <i>NO-SQL</i>-Datenbank rührt einfach daher, dass für die Verwendung der Datenbank die SQL-Sprache (Simple Query Language) nicht benutzt wird. Dadurch unterscheidet sich eine NO-SQL-Datenbank von den Branchengrößen wir mySQL, MariaDB, Oracle, MS-SQL und anderen.\nEine No-SQL-Datenbank ist prinzipiell sehr einfach aufgebaut. Sie besteht aus einer Sammlung sog. <i>Documents</i>. Ein Dokument ist eine <i>JSON-Datei</i>, die einen Datensatzes darstellt. Technisch sind die Datensätze häufig nicht in einzelnen Dateien abgelegt, diese Vorstellung vereinfacht aber den Umgang damit.\nDie JSON-Dateien müssen keiner bestimmten Struktur folgen. Jede Datei kann vollkommen anders aufgebaut sein. Das ist zwar in den meisten Fällen nicht empfehlenswert, aber durchaus möglich."}]}