{"content":[{"type":"paragraph","crDate":1707317400425,"chDate":1707317869164,"text":"Der <i>FormData()</i>-Constructor dient dazu, Daten in einem formdata-Format zusammenzutragen.\nDieses Format ist der Standard bei der Übertragung von Daten per Ajax und kann am einfachsten aus einem existierenden Formular extrahiert werden.\nDer FormData()-Constructor berücksichtigt nur die Formular-Elemente, die ein <i>name</i>-Attribut tragen.\nDie Inhalte der Formular-Elemente werden in Form von Key-Value-Paaren übertragen, der <i>key</i> ist der Inhalt des name-Attributes."},{"type":"code","crDate":1707317642125,"chDate":1707317684986,"text":"&lt;!-- HTML-Formular -->\n&lt;form>\n &lt;p>\n  &lt;!-- Dieses Element wird übertragen -->\n  &lt;input type=\"text\" name=\"myText\" />\n &lt;/p>\n &lt;p>\n  &lt;!-- Dieses Element wird nicht übertragen -->\n  &lt;input type=\"text\" />\n &lt;/p>\n &lt;p>\n  &lt;input type=\"radio\" name=\"city\" value=\"HH\" />&lt;br>\n  &lt;input type=\"radio\" name=\"city\" value=\"B\" />&lt;br>\n  &lt;input type=\"radio\" name=\"city\" value=\"K\" />&lt;br>\n  &lt;input type=\"radio\" name=\"city\" value=\"M\" />&lt;br>\n &lt;/p>\n &lt;button>Absenden&lt;/button>\n&lt;/form>"},{"type":"code","crDate":1707317882538,"chDate":1707317983294,"text":"const handleSubmit = evt => {\n evt.preventDefault();\n let data = new FormData(myForm);\n console.log(data);  // -> FormData { myText → \"Hallo\", city → \"B\" }\n}\n\nconst myForm = document.querySelector('form');\nmyForm.addEventListener('submit', handleSubmit);\n"},{"type":"subheader","crDate":1707318189608,"chDate":1707318223800,"text":"Methoden"},{"type":"paragraph","crDate":1707318187140,"chDate":1707318633206,"text":"Ein bestehendes Form-Data-Objekt kann auch mit zusätzlichen Attributen gefüllt werden, die Daten können ausgelesen werden, etc.\nAuf diese Weise kann ein FormData-Objekt auch vollständig ohne Formular erzeugt werden.\nDas FormData-Objekt kann mit einer for-of-Schleife iteriert werden. Die of-Variable erhält dann ein Key-Value-Paar als Array."},{"type":"code","crDate":1707318406980,"chDate":1707318735441,"text":"const handler = evt => {\n let data = new FormData();\n data.set('Hallo', 'Welt');\n data.set('rnd', ~~(Math.random()*100));\n\n console.log(data.get('rnd'));  // -> 71\n console.log(data.has('rnd'));  // -> true\n console.log(data); // -> FormData { Hallo → \"Welt\", rnd → \"71\" }\n\n for(let el of data ) {\n  console.log(el); // -> [\"Hallo\",\"Welt\"]\n                   // -> [ \"rnd\", \"71\" ]\n }\n}\nconst myBtn = document.querySelector('button');\nmyBtn.addEventListener('click', handler);\n\n"}]}