{"content":[{"type":"paragraph","crDate":1764588491370,"chDate":1764588513287,"text":"Hier eine Zusammenfassung der in Typescript bekannten Datentypen. "},{"type":"subheader","crDate":1764588517416,"chDate":1764588974623,"text":"Primitive Datentypen"},{"type":"paragraph","crDate":1764588524835,"chDate":1764588965251,"text":"Für die entsprechenden primitiven Datentypen.\nnumber, string, boolean, bigint, symbol, null, undefined"},{"type":"code","crDate":1764588539841,"chDate":1764588920917,"text":"let age: number = 25;\nlet name: string = \"Anna\";\nlet isActive: boolean = true;\nlet big: bigint = 12345678901234567890n;\nlet sym: symbol = Symbol(\"id\");\nlet nothing: null = null;\nlet notAssigned: undefined = undefined;"},{"type":"header","crDate":1764588571822,"chDate":1764589013652,"text":"Spezielle Datentypen"},{"type":"subheader","crDate":1764589038690,"chDate":1764589045932,"text":"any"},{"type":"paragraph","crDate":1764589017714,"chDate":1764589055371,"text":"Kann jeden beliebigen Wert aufnehmen. Wird verwendet, wenn der Typ nicht bekannt ist oder beliebig sein soll."},{"type":"code","crDate":1764589066111,"chDate":1764589068143,"text":"let anything: any = 5; anything = \"Hallo\";"},{"type":"subheader","crDate":1764589070049,"chDate":1764589083159,"text":"unknown"},{"type":"paragraph","crDate":1764589090937,"chDate":1764589093218,"text":"Wie any, aber sicherer – muss vor der Verwendung geprüft werden."},{"type":"code","crDate":1764589101160,"chDate":1764589103399,"text":"let value: unknown = 30;"},{"type":"subheader","crDate":1764589118400,"chDate":1764589120567,"text":"never"},{"type":"paragraph","crDate":1764589114098,"chDate":1764589127323,"text":"Für Werte, die nie auftreten (z.B. Funktionen, die immer eine Exception werfen oder nie zurückkehren)."},{"type":"code","crDate":1764589132735,"chDate":1764589206617,"text":"const throwError = (): never => { \n throw new Error(\"Fehler!\"); \n};"},{"type":"subheader","crDate":1764591576093,"chDate":1764591581913,"text":"void"},{"type":"paragraph","crDate":1764591583178,"chDate":1764591589339,"text":"Wird meist als Rückgabetyp für Funktionen verwendet, die keinen Wert zurückgeben."},{"type":"code","crDate":1764591591771,"chDate":1764591644197,"text":"const log = (): void => { \n console.log('Ich bin eine Funktion'); \n};\n"},{"type":"header","crDate":1764589224194,"chDate":1764589231072,"text":"Komplexe Datentypen"},{"type":"subheader","crDate":1764591542253,"chDate":1764591723012,"text":"object"},{"type":"paragraph","crDate":1764591727301,"chDate":1764591933401,"text":"Für alle nicht-primitiven Werte (Objekte, Arrays, Funktionen)..\nObjekte sollten aber eigentlich über Interfaces typisisert werden."},{"type":"code","crDate":1764591749036,"chDate":1764591818916,"text":"let person: object = {\n name: \"Anna\", \n age: 25 \n};"},{"type":"subheader","crDate":1764591936902,"chDate":1764591942696,"text":"Array"},{"type":"paragraph","crDate":1764591945863,"chDate":1764592000144,"text":"Für Arrays, die mit bestimmten Datentypen gefüllt werden müssen."},{"type":"code","crDate":1764592004066,"chDate":1764592072644,"text":"let numbers: number[] = [1, 2, 3];\nlet dings: any[] = [1, 'abc', 2];"},{"type":"subheader","crDate":1764592079204,"chDate":1764592087051,"text":"Tuple"},{"type":"paragraph","crDate":1764592089261,"chDate":1764592099811,"text":"Für Arrays mit fester Länge und festgelegten Typen pro Position"},{"type":"code","crDate":1764592103535,"chDate":1764592111403,"text":"let tuple: [string, number] = [\"Anna\", 25];"},{"type":"subheader","crDate":1764592128796,"chDate":1764592134726,"text":"enum"},{"type":"paragraph","crDate":1764592137939,"chDate":1764592146231,"text":"Für Aufzählungstypen, die eine feste Menge von benannten Werten definieren."},{"type":"code","crDate":1764592164338,"chDate":1764592166418,"text":"enum Color { Red, Green, Blue }\nlet c: Color = Color.Green;"},{"type":"header","crDate":1764592268230,"chDate":1764592273158,"text":"DOM-Elemente"},{"type":"subheader","crDate":1764592275544,"chDate":1764592282939,"text":"HTMLElement"},{"type":"paragraph","crDate":1764592287702,"chDate":1764592295226,"text":"Verwendet für allgemeine HTML-Elemente wie <div>, <span>, etc."},{"type":"code","crDate":1764592297913,"chDate":1764592586555,"text":"const el: HTMLElement | null = document.querySelector(\"div\");"},{"type":"subheader","crDate":1764592662447,"chDate":1764592664797,"text":"HTMLInputElement"},{"type":"paragraph","crDate":1764592666666,"chDate":1764592681204,"text":"Für <input>-Elemente, um direkt auf spezifische Eigenschaften wie .value zugreifen zu können."}]}