{"content":[{"type":"paragraph","crDate":1757509114779,"chDate":1757511883511,"text":"Fehler gehören zum täglichen Brot eines Softwareentwicklers / einer Softwareentwicklerin.\nTippfehler, Missverständnisse, Falscheingaben, Systemprobleme und mehr kann zu Fehlern führen. \nDer Umgang mit Fehlern ist eine Kernkompetenz für Entwickler:innen, da sie die Zuverlässigkeit und Wartbarkeit von Software maßgeblich beeinflussen.\nGrundsätzlich sollte Software niemals als Fehlerfrei angesehen werden."},{"type":"subheader","crDate":1757509603443,"chDate":1757509614292,"text":"Error oder Exception?"},{"type":"paragraph","crDate":1757509623500,"chDate":1757511493267,"text":"Gern werden alle Probleme als Fehler bezeichnet, allerdings muss unterschieden werden zwischen Fehlern (Errors) und Ausnahmen (Exceptions).\n<i>Fehler</i> sind Probleme, die entweder von außen auf das Programm einwirken (z.B. Hardwaredefekte, Netzwerkprobleme, fehlende Dateien) oder direkt im Code verankert sind, wie etwa fehlerhafter Code oder logische Irrtümer. Sie können meist nicht abgefangen werden und bringen das Programm zum Absturz bzw. verhindern den Start.\n<i>Ausnahmen</i> hingegen sind Ereignisse, die während der Ausführung eines ansonsten korrekt geschriebenen Programms auftreten. Sie entstehen also im laufenden Programm, wenn unerwartete Situationen auftreten, wie etwa Zugriff auf leere Variablen, falsche Benutzereingaben oder das Öffnen einer nicht existierenden Datei. Ausnahmen sind also typische Laufzeitfehler, die das Programm unterbrechen können, aber gezielt abgefangen und behandelt werden können."}]}