{"content":[{"type":"subheader","crDate":1688646495987,"chDate":1688646499376,"text":"Lokale Module"},{"type":"paragraph","crDate":1688646490818,"chDate":1688646492003,"text":"Module können grundsätzlich in lokale und globale Module kategorisiert werden.\nLokale Module liegen im Ordner <i>node_modules</i> Dieser befindet sich entweder im Projekt-Ordner oder in dessen Eltern-Ordner oder in dessen Eltern-Ordner oder etc.\nDer genaue Pfad zu den lokalen Modulen kann mit dem folgenden Befehl ausgelesen werden.\nnpm root"},{"type":"subheader","crDate":1688646522831,"chDate":1688646527637,"text":"Globale Module"},{"type":"paragraph","crDate":1688646520806,"chDate":1688646521631,"text":"Ein globales Modul ist kein normales Modul sondern vielmehr ein zusätzliches Programm, das durch einen Terminal-Befehl aufgerufen werden kann.\nBeispielsweise gibt es Module wie\n<ul>\n<li>Processmanager (PM2)</li>\n<li>Automatischer Neustart (nodemon)</li>\n</ul>\nEin globales Modul wird mit der <i>-g</i> Option installiert."},{"type":"terminal","crDate":1688646548718,"chDate":1688646551205,"text":"npm install -g nodemon"},{"type":"paragraph","crDate":1688646609529,"chDate":1688646610977,"text":"Nun kann nodemon jederzeit im Terminal verwendet werden\nDer Speicherort der globalen Module lässt sich mit diesem Befehl auslesen:"},{"type":"terminal","crDate":1688646633471,"chDate":1688646634760,"text":"npm root -g"}]}