{"content":[{"type":"paragraph","crDate":1691417195935,"chDate":1691418154885,"text":"Das DOM (<i>Document Object Model</i>) ist die Struktur einer Webseite und bietet eine Schnittstelle zur Programmierung von Webdokumenten. Es repräsentiert die Seite, sodass per JS das Dokument verändern werden kann. Das DOM definiert die logische Struktur von Dokumenten und ermöglicht das Erstellen, Ändern oder Entfernen von Elementen.\nDas Arbeiten mit dem DOM in JavaScript ermöglicht es, die Webseite dynamisch zu verändern und mit den Elementen auf der Seite zu interagieren."},{"type":"paragraph","crDate":1691418991377,"chDate":1691419210250,"text":"Die wichtigsten Methoden für den Umgang mit dem DOM stecken in dem <i>document</i>-Objekt."},{"type":"paragraph","crDate":1691484857827,"chDate":1691484949796,"text":"Auf den folgenden Seiten wird, wenn nicht anders angegeben mit diesem HTML-Code gearbeitet:"},{"type":"code","crDate":1691484953549,"chDate":1691561568641,"text":"&lt;!DOCTYPE html>\n&lt;html lang=\"de\">\n &lt;head>\n  &lt;meta charset=\"UTF-8\">\n  &lt;meta name=\"viewport\" content=\"width=device-width, initial-scale=1.0\">\n  &lt;meta http-equiv=\"X-UA-Compatible\" content=\"ie=edge\">\n  &lt;title>Titel&lt;/title>\n  &lt;link rel=\"stylesheet\" href=\"./styles.css\" />\n        \n  &lt;script src=\"./index.js\" defer>&lt;/script>\n &lt;/head>\n &lt;body>\n  &lt;header>\n   &lt;h1>JavaScript&lt;/h1>\n  &lt;/header>\n  &lt;main>\n   &lt;section id=\"first\">\n    &lt;h2>Was ist JavaScript?&lt;/h2>\n    &lt;p>JavaScript ist eine Skriptsprache, die zum Erstellen \n     interaktiver Web-Seiten verwendet wird. Sie kann verwendet \n     werden, um Animationen, Eingabefelder, Schaltflächen und \n     andere Elemente zu erstellen, die Benutzerinteraktion \n     ermöglichen.&lt;/p>\n   &lt;/section>\n   &lt;section id=\"second\">\n    &lt;h2>Wie funktioniert JavaScript?&lt;/h2>\n    &lt;p>JavaScript wird in der Browser-Engine eines Web-Browsers \n     ausgeführt. Wenn eine Web-Seite geladen wird, wird der \n     JavaScript-Code in der Seite vom Browser ausgeführt.&lt;/p>\n    &lt;p>JavaScript-Code kann in der HTML-Seite selbst eingebettet \n     oder in einer separaten Datei \n     gespeichert werden.&lt;/p>\n    &lt;/section>\n   &lt;section id=\"third\">\n    &lt;h2>Was kann man mit JavaScript machen?&lt;/h2>\n    &lt;p>Mit JavaScript kann man Folgendes tun:&lt;/p>\n    &lt;ul>\n     &lt;li>Animationen erstellen&lt;/li>\n     &lt;li>Eingabefelder erstellen&lt;/li>\n     &lt;li>Schaltflächen erstellen&lt;/li>\n     &lt;li>Benutzerinteraktion ermöglichen&lt;/li>\n     &lt;li>Web-Seiten personalisieren&lt;/li>\n     &lt;li>Web-Seiten interaktiver machen&lt;/li>\n    &lt;/ul>\n   &lt;/section>\n  &lt;/main>\n  &lt;footer>\n   &lt;p>Copyright &copy; 2023&lt;/p>\n  &lt;/footer>\n &lt;/body>\n&lt;/html>"}]}