{"content":[{"type":"subheader","crDate":1716822628434,"chDate":1716822635086,"text":"desc"},{"type":"paragraph","crDate":1716822626514,"chDate":1716822667567,"text":"Das <i>desc</i>-Tag erwartet eine Beschreibung des Bildes oder eines Teiles davon"},{"type":"code","crDate":1716822769355,"chDate":1716822804944,"text":"&lt;svg class=\"illu\">\n &lt;g fill=\"blue\" id=\"myForms\">\n  &lt;desc>\n   Diese Grafik dient als Illustration \n   für die verschiedensten Themen bzgl. SVG\n  &lt;/desc>\n  &lt;a href=\"http://google.de\" target=\"_blank\">\n   &lt;circle cx=\"50\" cy=\"50\" r=\"40\" />\n  &lt;/a>\n  &lt;rect x=\"100\" y=\"10\" width=\"30\" height=\"30\" />\n  &lt;rect x=\"150\" y=\"10\" width=\"30\" height=\"30\" />\n  &lt;rect x=\"100\" y=\"60\" width=\"30\" height=\"30\" />\n  &lt;rect x=\"150\" y=\"60\" width=\"30\" height=\"30\" />\n &lt;/g>\n&lt;/svg>"},{"type":"paragraph","crDate":1716822773360,"chDate":1716822775119,"text":"<svg class=\"illu\">\n        <g fill=\"blue\" id=\"myForms\">\n            <desc>\n                Diese Grafik dient als Illustration \n                für die verschiedensten Themen bzgl. SVG\n            </desc>\n            <a href=\"http://google.de\" target=\"_blank\">\n                <circle cx=\"50\" cy=\"50\" r=\"40\" />\n            </a>\n            <rect x=\"100\" y=\"10\" width=\"30\" height=\"30\" />\n            <rect x=\"150\" y=\"10\" width=\"30\" height=\"30\" />\n            <rect x=\"100\" y=\"60\" width=\"30\" height=\"30\" />\n            <rect x=\"150\" y=\"60\" width=\"30\" height=\"30\" />\n        </g>\n    </svg>"}]}