{"content":[{"type":"paragraph","crDate":1719491872791,"chDate":1720179416773,"text":"Iteratoren bieten eine Möglichkeit, Datenstrukturen zu iterieren, ohne eine Schleifenstruktur zu verwenden. Der wesentliche Vorteil liegt darin, dass zu einem <i>beliebigen Zeitpunkt</i> (z.B. durch einen Eventlistener, einen Intervall oder einen anderen Trigger) das nächste Element aufgerufen werden kann. So kann zwischen den Iterationsschritten beliebiger anderer Code ausgeführt und sogar die Datensammlung manipuliert werden.\nIm Gegensatz dazu läuft eine \"normale\" Iteration schnellstmöglich durch die Datensammlung.\nEin Iterator wird meistens für eine vorhandene Datensammlung erzeugt, weswegen <i>Arrays, Maps und Sets</i> schon Methoden mitbringen, die einen solchen Iterator erzeugen.\n<ul>\n<li><b>keys()</b>: Erzeugt einen Iterator, der durch die Schlüssel iteriert.</li>\n<li><b>values()</b>: Erzeugt einen Iterator, der durch die Werte iteriert.</li>\n<li><b>entries()</b>: Erzeugt einen Iterator, der jeweils ein 2-stelliges Array aus Key und Value enthält.</li>\n</ul>"},{"type":"code","crDate":1720179449001,"chDate":1720179731700,"text":"const data = [\n { vorname: \"Brad\", nachname: \"Pitt\", geburtsjahr: 1963 },\n { vorname: \"Meryl\", nachname: \"Streep\", geburtsjahr: 1949 },\n { vorname: \"Tom\", nachname: \"Hanks\", geburtsjahr: 1956 },\n { vorname: \"Julia\", nachname: \"Roberts\", geburtsjahr: 1967 },\n { vorname: \"Leonardo\", nachname: \"DiCaprio\", geburtsjahr: 1974 }\n];\n\nlet iterData = data.values();"},{"type":"paragraph","crDate":1719493422495,"chDate":1720179512772,"text":"Die Iteratoren tragen eine <i>next()</i>-Methode, welche den jeweils nächsten Slot aus der Datensammlung liefert. Dieser Slot ist in ein <i>Objekt</i> verpackt, welches neben dem Wert (<i>value</i>) auch die Information enthält, ob keine weiteren Daten vorliegen (<i>done</i>).\nIm Beispiel wird die next()-Methode von einem Eventlistener aufgerufen und gibt einfach den Datensatz aus,"},{"type":"code","crDate":1719493731881,"chDate":1720179840372,"text":"const data = [\n { vorname: \"Brad\", nachname: \"Pitt\", geburtsjahr: 1963 },\n { vorname: \"Meryl\", nachname: \"Streep\", geburtsjahr: 1949 },\n { vorname: \"Tom\", nachname: \"Hanks\", geburtsjahr: 1956 },\n { vorname: \"Julia\", nachname: \"Roberts\", geburtsjahr: 1967 },\n { vorname: \"Leonardo\", nachname: \"DiCaprio\", geburtsjahr: 1974 }\n];\n\nlet iterData = data.values();\n\nconst btn = document.querySelector('#btnNext');\nbtn.addEventListener('click', () => {\n let next = iterData.next();\n console.log(next);\n})"}]}