{"content":[{"type":"paragraph","crDate":1730122633285,"chDate":1730123164500,"text":"Das Entfernen eines Datensatzes funktioniert ganz ähnlich wie das Eintragen eines neuen oder das Lesen eines Datensatzes.\n<ul>\n<li>Verbindung zur Datenbank herstellen.</li>\n<li>Aus der Verbindung eine Transaction erzeugen.</li>\n<li>Aus der Transaction den Objectstore entnehmen.</li>\n<li>Über den Objectstore den Löschen-Request absetzen.</li>\n<li>Auf Erfolg/Misserfolg der Operation reagieren.</li>\n</ul>"},{"type":"code","crDate":1730122700692,"chDate":1730123049779,"text":"const removeDocument = (db, id) => {\n let myTransaction = db.transaction(objStoreName, 'readwrite');\n let myObjectStore = myTransaction.objectStore(objStoreName);\n let myRequest = myObjectStore.delete(id);\n\n myRequest.addEventListener('success', evt => {\n  console.log('success', evt.target);\n })\n\n myRequest.addEventListener('error', evt => {\n  console.log('error', evt);\n })\n}\n\nconst handleSuccess = evt => {\n removeDocument(evt.target.result, 10);\n}\n\nconst init = () => {\n requestDB = window.indexedDB.open(dbName);\n requestDB.addEventListener('success', handleSuccess);\n}\n\ninit();"},{"type":"paragraph","crDate":1730123207972,"chDate":1730123212918,"text":"Oder kürzer:"},{"type":"code","crDate":1730123220301,"chDate":1730123264917,"text":"const removeDocument = (db, id) => {\n let myRequest = db.transaction(objStoreName, 'readwrite')\n  .objectStore(objStoreName)\n  .delete(id);\n}"}]}