{"content":[{"type":"paragraph","crDate":1714481201022,"chDate":1714483350943,"text":"Um die Daten aus einem Formular zu entnehmen, kann der <i>FormData()</i>-Constructor verwendet werden.\nDieser erzeugt einen Datensatz mit allen Eingaben der <i>input</i>-Elemente aus dem Formular.\nDabei werden nur die Elemente berücksichtigt, die ein <i>name</i>-Attribut tragen. \nDie Inhalte der name-Attribute werden als Schlüssel für den Datensatz verwendet. "},{"type":"code","crDate":1714483375350,"chDate":1714483649286,"text":"&lt;html>\n&lt;form>\n &lt;p>\n  &lt;input name=\"text1\">\n  &lt;input name=\"text2\">\n  &lt;input name=\"text3\">\n &lt;/p>\n &lt;p>\n  &lt;input type=\"checkbox\" value=\"HH\" name=\"HH\">\n  &lt;input type=\"checkbox\" value=\"HH\" name=\"B\">\n  &lt;input type=\"checkbox\" value=\"HH\" name=\"K\">\n  &lt;input type=\"checkbox\" value=\"HH\" name=\"M\">\n &lt;/p>\n &lt;p>\n  &lt;input type=\"radio\" name=\"country\" value=\"de\">\n  &lt;input type=\"radio\" name=\"country\" value=\"fr\">\n  &lt;input type=\"radio\" name=\"country\" value=\"tr\">\n  &lt;input type=\"radio\" name=\"country\" value=\"dk\">\n &lt;/p>\n &lt;button>Send&lt;/button>\n&lt;/form>"},{"type":"code","crDate":1714483471165,"chDate":1714483595119,"text":"// Javascript\nconst handleSubmit = evt => {\n evt.preventDefault();\n const data = new FormData(myForm);\n console.log(data);\n}\n\nconst myForm = document.querySelector('form');\nmyForm.addEventListener('submit', handleSubmit);"}]}