{"content":[{"type":"paragraph","crDate":1728034649976,"chDate":1728043424949,"text":"10 Jahr alt, super simpel\n\nJSONServer ist ein leichtgewichtiges und leistungsstarkes Tool, um eine einfache Datenbank ohne großen Aufwand zu benutzen.\nEs sollte erwähnt werden, dass das Modul vor 10 Jahren seine letzte Version gesehen hat. \nEs ist also sehr alt und sollte nicht in operativen Projekten verwendet werden.\nJSONServer besteht aus einem globalen npm-Modul, das zunächst installiert werden muss."},{"type":"code","crDate":1728042278464,"chDate":1728042293441,"text":"npm install -g jsonserver"},{"type":"paragraph","crDate":1728042346430,"chDate":1728042844727,"text":"Der Datenbankserver funktioniert so, dass er seine "}]}