{"content":[{"type":"paragraph","crDate":1686312952725,"chDate":1686316227644,"text":"Destructuring bedeutet, dass Werte aus einer Struktur (Array oder Objekt) entnommen und in einfache Variablen übertragen werden können.\nLinks vom Gleichzeichen werden die Variablen in [ ] geschrieben. Das Destructuring erwartet ein Array und überträgt die Werte aus dem Array in die zur Verfügung stehenden Variablen."},{"type":"code","crDate":1686313288017,"chDate":1686313582154,"text":"let myArray = [21, 54, 87, 32];\n\nlet [a, b, c] = myArray;\n// Der vierte Slot bleibt unberücksichtigt\n\nconsole.log(a);  // -> 21\nconsole.log(b);  // -> 54\nconsole.log(c);  // -> 87"},{"type":"paragraph","crDate":1686316358436,"chDate":1686317053870,"text":"Ein Anwendungsfall für Destructuring von Arrays ist das Austauschen von Variablen-Werten. Die Variablen werden in einem Array zusammengefasst und dieses Array dann in anderer Reihenfolge destrukturiert."},{"type":"code","crDate":1686317065967,"chDate":1686317187525,"text":"let a = 12, b = 23, c = 34, d = 45;\n[b, c, d, a] = [a, b, c, d];\nconsole.log(a, b, c, d);  // -> 45 12 23 34"}]}