{"content":[{"type":"paragraph","crDate":1714023166443,"chDate":1714045332946,"text":"Die Drag and Drop Events tragen eine Eigenschaft namens .<i>dataTransfer</i>. Dieser dient dazu, mit Daten gefüttert zu werden, die an das Ziel übergeben werden. \nLeider kann das dataTransfer-Objekt nur Strings übertragen, was seinen Nutzen einschränkt. \nWenn nur Strings benötigt werden (z.B. als JSON-String), dann genügt das vollauf. Sollten aber Objekte, Maps, Sets, Funktionen oder ähnliches übertragen werden, muss dieses in einer Variablen zwischengespeichert werden."},{"type":"subheader","crDate":1714045335969,"chDate":1714045340720,"text":"Übertragen von Strings"},{"type":"paragraph","crDate":1714045351022,"chDate":1714046554092,"text":"Das Event-Objekt enthält ein eigenes Objekt namens <i>dataTransfer</i>. In dieses kann mithilfe der <i>setData()</i>-Methode ein einziger String übertragen werden.\nMit der <i>getData()</i>-Methode können dieses Daten wieder ausgelesen werden."},{"type":"code","crDate":1714045419720,"chDate":1714046049852,"text":"const handleDrop = (evt, status) => {\n console.log(evt.dataTransfer.getData('text/plain', ));\n}\n\nconst handleStartDrag = (evt, article) => {\n evt.dataTransfer.setData('text/plain', 'Dummy Daten');\n}"},{"type":"subheader","crDate":1714046641186,"chDate":1714046649030,"text":"Non-Strings"},{"type":"paragraph","crDate":1714046651730,"chDate":1714047324311,"text":"Da das dataTransfer-Objekt nur mit Strings arbeiten kann, kann es nicht verwendet werden.\nStatt des dataTransfer-Objektes kann genauso gut eine normale Variable verwendet werden."},{"type":"code","crDate":1714047490171,"chDate":1714047760136,"text":"let someVariable = false;\n\nconst handleDrop = () => {\n console.log( someVariable );\n}\n\nconst handleStartDrag = () => {\n someVariable = {  a: 1, b: 2, c: 3 }\n}"}]}