{"content":[{"type":"paragraph","crDate":1757335826933,"chDate":1757335857765,"text":"WebStorm ist eine integrierte Entwicklungsumgebung (IDE) von JetBrains, die speziell für die Entwicklung von Webtechnologien (HTML, CSS, JS, etc) konzipiert wurde. \nSie unterstützt zahlreiche Frameworks und Bibliotheken wie React, Angular und Vue.js und bietet Entwicklern eine Vielzahl von Werkzeugen, um die Produktivität und Codequalität zu steigern."},{"type":"links","crDate":1757336418623,"chDate":1757336418623,"links":[{"title":"Webseite","url":"https://www.jetbrains.com/webstorm/"}]},{"type":"subheader","crDate":1757335874663,"chDate":1757335877518,"text":"Funktionsumfang"},{"type":"paragraph","crDate":1757335878211,"chDate":1757583330751,"text":"WebStorm bietet viele professionelle Funktionen bereits nach der Installation, während VSCode für vergleichbare Funktionalität meist auf Erweiterungen angewiesen ist. Dazu zählen etwa fortschrittliche Refactoring-Optionen, tiefgehende Framework-Integrationen und ein leistungsfähiges Debugging.\nIn WebStorm sind Tools wie Git-Integration, Terminal, Test-Runner, Datenbank-Tools und v.a. AI Assistancenahtlos eingebunden.\n"},{"type":"subheader","crDate":1757336027656,"chDate":1757336032156,"text":"Kosten"},{"type":"paragraph","crDate":1757336056490,"chDate":1757583601098,"text":"Webstorm ist eine kostenpflichtige IDE und bietet eine Testphase sowie eine freie nicht-kommerzielle Version.\nNeben der Software kann auch eine Lizenz für eine erweiterte AI-Unterstützung gekauft werden."},{"type":"links","crDate":1757336378182,"chDate":1757336378182,"links":[{"title":"Kosten","url":"https://www.jetbrains.com/webstorm/buy/?section=personal&billing=monthly"}]}]}