{"content":[{"type":"paragraph","crDate":1764321749011,"chDate":1764322178593,"text":"Enums (kurz für <i>Enumerations</i>) sind eine spezielle TypeScript-Funktion, mit der eine Gruppe von benannten Konstanten definiert werden kann. \nSie helfen dabei, Werte, die logisch zusammengehören, übersichtlich und typsicher zu verwalten. Anders als viele andere TypeScript-Features existieren Enums auch zur Laufzeit als JavaScript-Objekte.\nEin Enum wird mit dem Schlüsselwort <i>enum</i> deklariert. Standardmäßig sind Enums nummerisch, wobei der erste Wert bei 0 startet und jeder weitere Wert automatisch um 1 erhöht wird.\nAus dem Enum kann dann der jeweils entgegengesetzte Wert abgefragt werden."},{"type":"code","crDate":1764321842795,"chDate":1764321904209,"text":"enum Color {\n Red,\n Green,\n Blue\n}\n\nlet c: Color = Color.Green; // -> c ist 1\nlet colorName: string = Color[2]; // -> colorName ist \"Blue\""},{"type":"subheader","crDate":1764321982577,"chDate":1764321987664,"text":"Eigene Werte"},{"type":"paragraph","crDate":1764321980919,"chDate":1764322029260,"text":"Statt einen Index zu verwenden, kann einem Enum-Mitglied auch ein expliziter Wert zugewiesen werden."},{"type":"code","crDate":1764322039225,"chDate":1764322077776,"text":"enum Status {\n Success = 200,\n NotFound = 404,\n ServerError = 500\n}\n\nconsole.log(Status.Success); // -> 200"},{"type":"subheader","crDate":1764322095551,"chDate":1764322100695,"text":"String Enums"},{"type":"paragraph","crDate":1764322111842,"chDate":1764322114098,"text":"Neben nummerischen Enums gibt es auch String Enums, bei denen jedem Mitglied ein String-Wert zugewiesen wird"},{"type":"code","crDate":1764322103005,"chDate":1764322124061,"text":"enum Direction {\n  Up = \"UP\",\n  Down = \"DOWN\",\n  Left = \"LEFT\",\n  Right = \"RIGHT\"\n}\n"}]}