{"content":[{"type":"subheader","crDate":1770890118455,"chDate":1770890121921,"text":"Server-Port"},{"type":"paragraph","crDate":1770890125687,"chDate":1770890383872,"text":"Der Port des Servers kann einfach über die <i>package.json</i> eingestellt werden. \nDas Attribut <i>-p</i> bei den Script-Angaben stellt den Port ein.\nNatürlich muss dabei beachtet werden, dass der Port nicht schon belegt ist,"},{"type":"code","crDate":1770890296296,"chDate":1770890320729,"text":"\"scripts\": {\n \"dev\": \"next dev -p 4000\",\n \"build\": \"next build\",\n \"start\": \"next start -p 80\"\n},"}]}