{"content":[{"type":"paragraph","crDate":1696254970447,"chDate":1696256386928,"text":"Das Canvas versteht verschiedene Farbverläufe. Alle funktionieren auf eine ähnliche Weise.\nDer Farbverlauf wird mit einem Start- und einem Endpunkt angelegt. Diese Koordinaten gelten immer vom Canvas aus betrachtet.\nDann werden beliebig viele Stopppunkte gesetzt, welche die Farben an bestimmten Positionen des Verlaufes definieren.\nDie Farben der Stopppunkte können mit jedem von CSS unterstützten Farbsystem angegeben werden. Die Stopppunkte werden mit Positionen von 0 bis 1 belegt."},{"type":"subheader","crDate":1696255182279,"chDate":1696255186904,"text":"Linear Gradient"},{"type":"paragraph","crDate":1696256894953,"chDate":1696257106357,"text":"Ein geradliniger Farbverlauf von einem Punkt zu einem anderen."},{"type":"code","crDate":1696256898716,"chDate":1696256938377,"text":"ctx.beginPath();\n\nlet myGradient = ctx.createLinearGradient(100, 0, 200, 0);\nmyGradient.addColorStop(0, '#f00');\nmyGradient.addColorStop(1, '#00f');\nctx.fillStyle = myGradient;\n\nctx.rect(20, 20, 130, 30);\nctx.rect(160, 20, 120, 30);\nctx.rect(40, 60, 220, 70);\n\nctx.fill();"},{"type":"image","crDate":1696257024043,"chDate":1696257024043,"filename":"f0949f98a4f2f9e5bc6586804.png"},{"type":"code","crDate":1696257624671,"chDate":1696402409650,"text":"ctx.beginPath();\n\nlet myGradient = ctx.createLinearGradient(0, 20, 0, c.height);\nmyGradient.addColorStop(0, '#7f81cf');\nmyGradient.addColorStop(.5, '#313277');\nmyGradient.addColorStop(.5, '#ccc');\nmyGradient.addColorStop(1, '#888');\nctx.fillStyle = myGradient;\n\nctx.rect(20, 20, c.width - 40, c.height - 40);\n\nctx.fill();"},{"type":"image","crDate":1696257651862,"chDate":1696257651862,"filename":"f989d597f0d37b89086a12701.png"},{"type":"subheader","crDate":1696255066263,"chDate":1696255085102,"text":"Radial Gradient"},{"type":"paragraph","crDate":1696257783706,"chDate":1696258045331,"text":"Der radiale Verlauf bekommt zwei Kreise mit Mittelpunkt und Radius übergeben. Der Verlauf wird zwischen den Kreisen gezeichnet."},{"type":"code","crDate":1696258616281,"chDate":1696258735168,"text":"ctx.beginPath();\n\nlet myGradient = ctx.createRadialGradient(\n c.width / 2, c.height / 2, 50,\n c.width / 2, c.height / 2, 150\n);\nmyGradient.addColorStop(0, '#f00');\nmyGradient.addColorStop(1, '#00f');\n\nfor (let i = .1; i < .9; i += .1) {\n myGradient.addColorStop(i, '#00f');\n myGradient.addColorStop(i, '#000');\n myGradient.addColorStop(i + .02, '#000');\n myGradient.addColorStop(i + .02, '#00f');\n}\nctx.fillStyle = myGradient;\n\nctx.rect(20, 10, c.width - 40, 40);\nctx.rect(20, 55, c.width - 40, 40);\nctx.rect(20, 100, c.width - 40, 40);\n\nctx.fill();"},{"type":"image","crDate":1696258809035,"chDate":1696258809035,"filename":"f0949f98a4f2f9e5bc6586806.png"},{"type":"subheader","crDate":1696255267481,"chDate":1696255274704,"text":"Conic Gradient"},{"type":"paragraph","crDate":1696258921572,"chDate":1696259045243,"text":"Der konische Verlauf bekommt einen Startwinkel sowie den Mittelpunkt übergeben. \nEr zeichnet einen Verlauf im Uhrzeigersinn um den Mittelpunkt herum."},{"type":"code","crDate":1696259316461,"chDate":1696259353901,"text":"ctx.beginPath();\n\nlet myGradient = ctx.createConicGradient(\n 0,\n c.width / 2, c.height / 2\n);\n\nfor (let i = 0; i < .9; i += .1) {\n myGradient.addColorStop(i, '#000');\n myGradient.addColorStop(i + .05, '#00f');\n myGradient.addColorStop(i + .05, '#000');\n myGradient.addColorStop(i + .06, '#000');\n}\n\nctx.fillStyle = myGradient;\n\nctx.rect(20, 10, c.width - 40, 40);\nctx.rect(20, 55, c.width - 40, 40);\nctx.rect(20, 100, c.width - 40, 40);\n\nctx.fill();"},{"type":"image","crDate":1696259369428,"chDate":1696259369428,"filename":"f0949f98a4f2f9e5bc6586807.png"}]}