{"content":[{"type":"paragraph","crDate":1770370475138,"chDate":1770371773913,"text":"Die Validierung eines Formulares ist ein wichtiger Punkt für jede Webseite. Diese stellt sicher, dass die übertragenen Daten sinnvoll sind und den Vorgaben entsprechen.\nWir starten mit einem einfachen Texteingabefeld und werden schrittweise verschiedene Validierungen einfügen."},{"type":"links","crDate":1770373982690,"chDate":1770373982690,"links":[{"title":"Formik (All-in-One-Lösung für Formulare)","url":"https://formik.org/"},{"title":"React Hook Form (Performance-optimiert)","url":"https://react-hook-form.com/"},{"title":"Yup (Validierungsschema, oft mit Formik kombiniert)","url":"https://github.com/jquense/yup"}]}]}