{"content":[{"type":"paragraph","crDate":1693977111183,"chDate":1693977112001,"text":"Zumindest in Windows und Linux gibt es <i>Umgebungsvariablen</i>, die in Node ausgelesen werden können. Diese werden gern verwendet, um z.B. Benutzernamen und Passwörter zu speichern, ohne diese in Dateien ablegen zu müssen. Ein beliebter und einfacher Weg, um einen Server sicherer zu machen.\nDiese <i>Environment Variables</i> können mit <i>process.env</i> aufgerufen werden und sind in einem Objekt organisiert. Dieses Objekt kann einfach gelesen und verändert werden."},{"type":"code","crDate":1693977121337,"chDate":1693977122192,"text":"process.env.beispiel = 123;\n\nconsole.log(process.env);  // -> {\n                           //     ...\n                           //     beispiel: 123,\n                           //     ...\n                           //    }"}]}