{"content":[{"type":"paragraph","crDate":1694079858810,"chDate":1694080060619,"text":"Die <i>Radiobuttons</i> dienen dazu, dass Benutzer in einer Gruppe von Optionen nur eine einzige Option auswählen können. \nIm Gegensatz zu Checkboxen, ermöglichen Radiobuttons nur die Auswahl einer einzelnen Option.\nRadiobuttons werden oft verwendet, wenn eine Auswahl aus einer begrenzten Anzahl von Optionen erforderlich ist und nur eine Option ausgewählt werden kann. Ein Beispiel ist die Frage nach der Lieblingsfarbe, bei der die Benutzer zwischen verschiedenen Farben wählen können. Hier kann nur eine der Optionen ausgewählt werden, und die anderen Optionen werden automatisch abgewählt, sobald eine Option ausgewählt wird.\nUm Radiobuttons in HTML zu erstellen, verwenden Sie das <i>input</i>-Element mit dem Attribut <i>type=\"radio\"</i>. Jeder Radiobutton in einer Gruppe muss das gleiche name-Attribut haben, damit sie als zusammengehörige Optionen erkannt werden. "},{"type":"code","crDate":1694080550315,"chDate":1723211678104,"text":" &lt;input type=\"radio\" name=\"lieblingsfarbe\" value=\"rot\">\n &lt;label for=\"farbe1\">Rot&lt;/label>\n\n &lt;input type=\"radio\" name=\"lieblingsfarbe\" value=\"blau\">\n &lt;label for=\"farbe2\">Blau&lt;/label>\n\n &lt;input type=\"radio\" name=\"lieblingsfarbe\" value=\"grün\">\n &lt;label for=\"farbe3\">Grün&lt;/label>\n\n &lt;input type=\"radio\" name=\"lieblingsfarbe\" value=\"gelb\">\n &lt;label for=\"farbe4\">Gelb&lt;/label>\n\n &lt;input type=\"radio\" name=\"lieblingsfarbe\" value=\"orange\">\n &lt;label for=\"farbe5\">Orange&lt;/label>"},{"type":"paragraph","crDate":1723211436721,"chDate":1723211655267,"text":"\n <input type=\"radio\" name=\"lieblingsfarbe\" value=\"rot\"> <label for=\"farbe1\">Rot&lt;/label>\n <input type=\"radio\" name=\"lieblingsfarbe\" value=\"blau\"> <label for=\"farbe2\">Blau&lt;/label>\n <input type=\"radio\" name=\"lieblingsfarbe\" value=\"grün\"> <label for=\"farbe3\">Grün&lt;/label>\n <input type=\"radio\" name=\"lieblingsfarbe\" value=\"gelb\"> <label for=\"farbe4\">Gelb&lt;/label>\n <input type=\"radio\" name=\"lieblingsfarbe\" value=\"orange\"> <label for=\"farbe5\">Orange&lt;/label>\n"},{"type":"paragraph","crDate":1694086128402,"chDate":1694086523926,"text":"Das <i>checked</i>-Attribut bestimmt, ob der Radiobutton ausgewählt ist. Die reine Anwesenheit des checked-Attributs genügt, ein Wert ist nicht nötig.\nUm beim Absenden einer Nachricht auszulesen, welcher Button ausgewählt ist, kann der folgende Code verwendet werden."},{"type":"code","crDate":1694086733654,"chDate":1694086756581,"text":"const elRBs = [...document.querySelectorAll('input[type=\"radio\"]')];\nconst elForm = document.querySelector('form')\n\nconst handleSend = evt => {\n evt.preventDefault();\n const selected = elRBs\n  .find(el => el.checked)\n  .value;\nconsole.log(selected);\n}\n\nelForm.addEventListener('submit', handleSend);"}]}