{"content":[{"type":"paragraph","crDate":1759244799338,"chDate":1770803200571,"text":"Static Site Generation (<i>SSG</i>) bedeutet, dass Webseiten bereits beim Build-Prozess als statische HTML-Dateien erzeugt werden. \nDiese Dateien werden dann direkt vom Server oder einem CDN ausgeliefert, ohne dass bei jedem Seitenaufruf serverseitige Logik ausgeführt werden muss. Das sorgt für sehr schnelle Ladezeiten und hohe Sicherheit, da keine dynamische Serververarbeitung nötig ist.\n \nSSG bringt einige Vorteile ggü. statischen HTML-Dateien.\n<ul>\n<li><b>Automatisierung & Skalierung</b>:Webseiten, in denen viele Datensätze visualisiert werden sollen (Nutzerprofile, etc.), können auf diesem Wege sehr viele statische Webseiten automatisch erzeugen.</li>\n<li><b>Komponenten</b>:Statt bei einer Strukturanpassung (Einfügen eines neuen Wrappers, anzeigen zusätzlicher Info, etc) jede Seite manuell ändern zu müssen, muss nur die dazugehörige Komponente geändert werden. Beim nächsten Build-Prozess ist die Darstellung auf allen Seiten aktuell.</li>\n<li><b>Performance + SEO</b>: SSG-Seiten sind genauso schnell wie reine HTML-Dateien, aber mit dem Bonus, dass moderner Optimierungen (z.B. Code-Splitting, Critical CSS). Gleichzeitig lieferst du Suchmaschinen direkt fertiges HTML – besser für SEO als eine SPA, die erst im Browser gerendert wird.</li>\n<li><b>Interaktivität nach Bedarf</b>: Du kannst interaktive Elemente gezielt nachladen („hydrieren“). So bleibt die Seite statisch, aber du kannst trotzdem dynamische Features einbauen..</li>\n</ul>"}]}