{"content":[{"type":"paragraph","crDate":1685447288465,"chDate":1715081546472,"text":"Ein <i>Array</i> ist eine Datenstruktur, die es erlaubt, viele gleichartige Informationen auf einfache Weise zu organisieren.\nIn einem Array sind alle Slots (quasi die im Array organisierten Variablen) in einer <i>nummerierten</i> Liste abgelegt.\nJeder Slot kann mittels eines eindeutigen Index angesprochen werden.\nEin Array in Javascript ist sehr dynamisch und kann jederzeit verlängert oder verkürzt werden.\nIn einem Array können beliebige Datentypen abgelegt werden, auch gemischt.\nEin Array kann mit einer eckigen Klammer [] angelegt werden. Die eckigen Klammern können mit Werten gefüllt werden, die initial in das Array eingetragen werden.\nIn JS gibt es keine assoziativen Arrays, d.h. die Slots eines Arrays können ausschließlich über den Index angesprochen werden."},{"type":"code","crDate":1685969620275,"chDate":1685969985621,"text":"let myArray = [];\nconsole.log(myArray);  // -> []\n\nlet yourArray = [21, 54, 87, 32, 65];\nconsole.log(yourArray);  // -> [21, 54, 87, 32, 65]"},{"type":"paragraph","crDate":1685970360235,"chDate":1685970687962,"text":"Mithilfe der [] und der Indizes kann auf die einzelnen Slots schreibend und lesend direkt zugegriffen werden.\nWird ein Index außerhalb des Array-Bereiches beschrieben, dann bleiben die Slots dazwischen leer."},{"type":"code","crDate":1685970553030,"chDate":1685970791010,"text":"let myArray = [21, 54, 87, 32, 65];\nconsole.log(myArray[2]);  // -> 87\n\nmyArray[2] = 100;\nconsole.log(myArray);  // -> [ 21, 54, 100, 32, 65 ]\n\nmyArray[8] = 100;\nconsole.log(myArray);  // -> [ 21, 54, 100, 32, 65, <3 empty items>, 100 ]"}]}