{"content":[{"type":"paragraph","crDate":1696413747807,"chDate":1696414012273,"text":"Alle Linieneinstellungen werden erst gelesen und interpretiert, wenn der Pfad mit <i>stroke()</i> gezeichnet wird.\nDie Farbeinstellungen werden auf der Seite <a href=\"/?id=gfi60dnoi0o\">Farben definieren</a> beschrieben. "},{"type":"subheader","crDate":1696254424777,"chDate":1696414088069,"text":"Liniendicke"},{"type":"paragraph","crDate":1696414063262,"chDate":1696414244273,"text":"Die Stärke der Linien können mit lineWidth definiert werden. Der Wert kann Kommazahlen verarbeiten, kann also auch Dicken wie 0.5 etc. annehmen.\nDa das Canvas mit Subpixeln umgehen kann, wird eine solch dünne Linie auch dargestellt (als Linie mit geringerer Deckung)."},{"type":"code","crDate":1696414577634,"chDate":1696414602616,"text":"const c = document.querySelector('#myCanvas');\nconst ctx = c.getContext('2d');\n\nctx.lineWidth = 20;\n\nctx.beginPath();\n\nctx.moveTo(80,10);\nctx.lineTo(80,40);\n\nctx.moveTo(220,10);\nctx.lineTo(220,40);\n\nctx.moveTo(40,20);\nctx.lineTo(40,60);\nctx.bezierCurveTo(40,150,260,150,260,60);\nctx.lineTo(260,20);\n\nctx.stroke();"},{"type":"image","crDate":1696414616423,"chDate":1696414616423,"filename":"f989d597f0d37b89086a12706.png"},{"type":"subheader","crDate":1696414802161,"chDate":1696414805801,"text":"Linecaps"},{"type":"paragraph","crDate":1696414808329,"chDate":1696415338075,"text":"Das <i>lineCap()</i>-Attribut kann definieren, wie der Linienanfang und das -ende dargestellt werden.\nEs versteht drei Werte:\n<ul>\n<li><b>butt</b>: Die Linie wird an der Position des letzten Punktes gerade abgeschnitten.</li>\n<li><b>square</b>: Die Linie wird noch um eine Liniendicke weitergezeichnet und dann abgeschnitten.</li>\n<li><b>round</b>: Das Ende der Linie wird abgerundet.</li>\n</ul>"},{"type":"code","crDate":1696415220541,"chDate":1696415243931,"text":"const c = document.querySelector('#myCanvas');\nconst ctx = c.getContext('2d');\n\nctx.lineWidth = 20;\nctx.lineCap = 'round'\n\nctx.beginPath();\nctx.moveTo(80,20);\nctx.lineTo(80,40);\n\nctx.moveTo(220,20);\nctx.lineTo(220,40);\n\nctx.moveTo(40,30);\nctx.lineTo(40,60);\nctx.bezierCurveTo(40,150,260,150,260,60);\nctx.lineTo(260,30);\nctx.stroke();"},{"type":"image","crDate":1696415217571,"chDate":1696415217571,"filename":"f989d597f0d37b89086a12707.png"},{"type":"subheader","crDate":1696254430495,"chDate":1696254437443,"text":"Joints"},{"type":"paragraph","crDate":1696416397337,"chDate":1696418863871,"text":"Die Verbindung zwischen den Pfaden kann auch angepasst werden. Das <i>lineJoint</i>-Attribut kann einen von drei Werten annehmen.\n<ul>\n<li><b>miter</b>: Die Ecken schlagen direkt aneinander und erzeugen spitze Ecken.</li>\n<li><b>round</b>: Die Ecken werden abgerundet. Der Radius wird automatische ermittelt und kann ncht verändert werden.</li>\n<li><b>bevel</b>: Ein Kompromiss zwischen den beiden anderen Werten: Die Ecke wird mit einer geraden Linie abgeschnitten. Damit wird eine bessere Darstellung erreicht, ohne die Performance zu sehr einbrechen zu lassen.</li>\n</ul>"},{"type":"code","crDate":1696416374165,"chDate":1696416391111,"text":"const c = document.querySelector('#myCanvas');\nconst ctx = c.getContext('2d');\n\nctx.lineWidth = 20;\nctx.lineJoin = 'round'\n\nctx.beginPath();\nctx.moveTo(150,20);\nctx.lineTo(245,75);\nctx.lineTo(150,130);\nctx.lineTo(55,75);\nctx.closePath();\n\nctx.stroke();"},{"type":"image","crDate":1696425651658,"chDate":1696425651658,"filename":"f989d597f0d37b89086a12709.png"},{"type":"subheader","crDate":1696406720099,"chDate":1696406725395,"text":"Dashed"},{"type":"paragraph","crDate":1696406728786,"chDate":1696425368726,"text":"Häufig wird in einer Zeichnung eine gestrichelte Linie benötigt. Diese lässt sich in einem Canvas sehr flexibel einrichten.\nDie <i>setLineDash()</i>-Methode bekommt ein Array übergeben, welches die <i>Länge der Striche und Lücken</i> in Pixel bestimmt. Die Werte in diesem Array werden abwechselnd für Strich und Lücke angewendet. \nWenn das Array nur aus einem Wert besteht werden Strich und Lücke immer mit dieser Länge gezeichnet.\nWenn der letzte Wert im Array erreicht ist, so wird es von vorn begonnen."},{"type":"code","crDate":1696425537463,"chDate":1696425561786,"text":"ctx.lineWidth = 1;\nctx.setLineDash([15, 5, 2, 3, 5, 3, 2, 5]); \nctx.strokeRect(20, 20, c.width - 40, c.height - 40); \n            "},{"type":"image","crDate":1696425595887,"chDate":1696425595887,"filename":"f989d597f0d37b89086a12708.png"}]}