{"pages":[{"id":"123","title":"Home","overview":"Erste Seite mit Einführung, krass","crDate":1672518896301,"chDate":1682518896301,"author":"C. Heisch","parent":false,"visible":true,"moveMe":false,"hasChildren":false},{"id":"hf8li0aggqw","author":"","crDate":1693906715354,"chDate":1693906722676,"overview":"","parent":false,"title":"Legal","visible":true,"moveMe":false,"hasChildren":false},{"id":"ndzi38nlsv4","author":"","crDate":1683814451269,"chDate":1683814460892,"overview":"","parent":"123","title":"Alternativen","visible":true,"moveMe":false,"showContentOf":"","hasChildren":false},{"id":"8hre8vttefk","author":"","crDate":1684310816042,"chDate":1684310824177,"overview":"","parent":"123","title":"Stärken","visible":true,"moveMe":false,"showContentOf":"","hasChildren":false},{"id":"lgws4pd974w","author":"","crDate":1683814371790,"chDate":1683814515433,"overview":"","parent":"123","title":"Schwächen","visible":true,"moveMe":false,"hasChildren":false},{"id":"1xhm8fcew3h","author":"","crDate":1683291495000,"chDate":1683291501910,"overview":"","parent":false,"title":"Unklar, was gemeint ist","visible":false,"moveMe":false,"hasChildren":false},{"id":"dm7ikgohrs8","author":"","crDate":1683210290957,"chDate":1683550757256,"overview":"","parent":"123","title":"Einbindung","visible":true,"moveMe":false,"hasChildren":false},{"id":"ov1ktwj884g","author":"","crDate":1683211566024,"chDate":1683552298799,"overview":"","parent":"dm7ikgohrs8","title":"Strict-Modus","visible":true,"moveMe":false,"hasChildren":false},{"id":"13qid6jdvlg","author":"","crDate":1684228800527,"chDate":1684479268958,"overview":"","parent":"dm7ikgohrs8","title":"Script-Attribute","visible":true,"moveMe":false,"hasChildren":false},{"id":"czltk728hz4","author":"","crDate":1683211595212,"chDate":1699884342454,"overview":"","parent":"dm7ikgohrs8","title":"ES6 Modules","visible":true,"moveMe":false,"hasChildren":false},{"id":"61vzsgamr3s","author":"","crDate":1722252912515,"chDate":1722252987593,"overview":"","parent":"czltk728hz4","title":"Default","visible":true,"hasChildren":false,"moveMe":false},{"id":"9ctvy1lg5lg","author":"","crDate":1722253218412,"chDate":1722253225216,"overview":"","parent":"czltk728hz4","title":"Named Export","visible":true,"hasChildren":false,"moveMe":false},{"id":"cz5xvhllpag","author":"","crDate":1722254070710,"chDate":1722254095224,"overview":"","parent":"czltk728hz4","title":"Import-Function","visible":true,"hasChildren":false,"moveMe":false},{"id":"9ale7opwmiw","author":"","crDate":1723195096354,"chDate":1723195104231,"overview":"","parent":"czltk728hz4","title":"Read Only","visible":true,"hasChildren":false,"moveMe":false},{"id":"7cjmrfm6kds","author":"","crDate":1683211624857,"chDate":1697637745331,"overview":"","parent":"dm7ikgohrs8","title":"CommonJS Modules","visible":false,"moveMe":false,"hasChildren":false},{"id":"axinll49dh4","author":"","crDate":1683211434954,"chDate":1683552264038,"overview":"","parent":"123","title":"Ein- und Ausgabe","visible":true,"moveMe":false,"hasChildren":false},{"id":"k02jbq1m9lc","author":"","crDate":1683211446545,"chDate":1684504157756,"overview":"","parent":"axinll49dh4","title":"Alert","visible":true,"moveMe":false,"hasChildren":false},{"id":"8yfk5lb07es","author":"","crDate":1683211485732,"chDate":1684851325076,"overview":"","parent":"axinll49dh4","title":"Prompt","visible":true,"moveMe":false,"hasChildren":false},{"id":"e0qx92ztj0w","author":"","crDate":1683211494346,"chDate":1684924416830,"overview":"","parent":"axinll49dh4","title":"Confirm","visible":true,"moveMe":false,"hasChildren":false},{"id":"gg7bojfst8w","author":"","crDate":1683211455526,"chDate":1684236863834,"overview":"","parent":"axinll49dh4","title":"Console","visible":true,"moveMe":false,"hasChildren":false},{"id":"lzc91hdsp5c","author":"","crDate":1714659326162,"chDate":1714659333698,"overview":"","parent":"axinll49dh4","title":"Dialog","visible":true,"hasChildren":false,"moveMe":false},{"id":"iqi24kjdfug","author":"","crDate":1723210203776,"chDate":1723210212338,"overview":"","parent":"axinll49dh4","title":"Formular","visible":true,"hasChildren":false,"moveMe":false},{"id":"h9un3qghdco","author":"","crDate":1682600633015,"chDate":1684736399959,"overview":"","parent":"123","title":"Datenstrukturen","visible":true,"moveMe":false,"hasChildren":false},{"id":"afv8owqnf9c","author":"","crDate":1683203765424,"chDate":1684763118095,"overview":"","parent":"h9un3qghdco","title":"Variablen","visible":true,"moveMe":false,"hasChildren":false},{"id":"2rc3abyyp16","author":"","crDate":1683205785585,"chDate":1685447844778,"overview":"","parent":"h9un3qghdco","title":"Datentypen","visible":true,"moveMe":false,"hasChildren":false},{"id":"3d9lg86k3os","author":"","crDate":1715091446311,"chDate":1715091461317,"overview":"","parent":"2rc3abyyp16","title":"Datentyp ermitteln","visible":true,"hasChildren":false,"moveMe":false},{"id":"7irj930fi1k","author":"","crDate":1701444116130,"chDate":1707312393818,"overview":"","parent":"h9un3qghdco","title":"Native Constructors","visible":true,"moveMe":false,"hasChildren":false},{"id":"dxjgehojtr4","author":"","crDate":1707491115687,"chDate":1707491122182,"overview":"","parent":"7irj930fi1k","title":"CustomEvent()","visible":false,"hasChildren":false,"moveMe":false},{"id":"fvvlxdysra","author":"","crDate":1685011573419,"chDate":1685011582403,"overview":"","parent":"afv8owqnf9c","title":"Variablennamen","visible":true,"moveMe":false,"hasChildren":false},{"id":"r9wb3x46y1c","author":"","crDate":1683211192147,"chDate":1685447965640,"overview":"","parent":"2rc3abyyp16","title":"Number","visible":true,"moveMe":false,"hasChildren":false},{"id":"g9iuyjfe6jk","author":"","crDate":1683295069101,"chDate":1685626486248,"overview":"","parent":"2rc3abyyp16","title":"BigInt","visible":true,"moveMe":false,"hasChildren":false},{"id":"iyhyloezf2g","author":"","crDate":1683211248260,"chDate":1685628397273,"overview":"","parent":"2rc3abyyp16","title":"String","visible":true,"moveMe":false,"hasChildren":false},{"id":"lgdfmd1wku8","author":"","crDate":1685629667083,"chDate":1685629673098,"overview":"","parent":"iyhyloezf2g","title":"Methoden","visible":true,"moveMe":false,"hasChildren":false},{"id":"qn23zvduvls","author":"","crDate":1683211265424,"chDate":1685964559451,"overview":"","parent":"2rc3abyyp16","title":"Boolean","visible":true,"moveMe":false,"hasChildren":false},{"id":"d1xvc42hcmo","author":"","crDate":1683211275304,"chDate":1685964932120,"overview":"","parent":"2rc3abyyp16","title":"Null","visible":true,"moveMe":false,"hasChildren":false},{"id":"9ll409fabz0","author":"","crDate":1683211282815,"chDate":1685965262263,"overview":"","parent":"2rc3abyyp16","title":"Undefined","visible":true,"moveMe":false,"hasChildren":false},{"id":"7dc2j0v5gc4","author":"","crDate":1683211295373,"chDate":1686046804589,"overview":"","parent":"2rc3abyyp16","title":"Symbol","visible":true,"moveMe":false,"hasChildren":false},{"id":"oc1ux50u1io","author":"","crDate":1683211203363,"chDate":1692366084053,"overview":"","parent":"2rc3abyyp16","title":"Typecasting","visible":true,"moveMe":false,"hasChildren":false},{"id":"o7s3eubj7qo","author":"","crDate":1683211317994,"chDate":1685968953933,"overview":"","parent":"2rc3abyyp16","title":"Array","visible":true,"moveMe":false,"hasChildren":false},{"id":"kgpxsj0z9r4","author":"","crDate":1715081180608,"chDate":1715081188618,"overview":"","parent":"o7s3eubj7qo","title":"Erzeugen","visible":true,"hasChildren":false,"moveMe":false},{"id":"eqb8ohepyns","author":"","crDate":1683211326560,"chDate":1686317270967,"overview":"","parent":"2rc3abyyp16","title":"Object","visible":true,"moveMe":false,"hasChildren":false},{"id":"lf20far1xm8","author":"","crDate":1683211336855,"chDate":1688990201134,"overview":"","parent":"2rc3abyyp16","title":"Map","visible":true,"moveMe":false,"hasChildren":false},{"id":"8t4ity8iesw","author":"","crDate":1683211345446,"chDate":1692372392304,"overview":"","parent":"2rc3abyyp16","title":"Set","visible":true,"moveMe":false,"hasChildren":false},{"id":"2qzwjtag1jy","author":"","crDate":1684936940762,"chDate":1707226858746,"overview":"","parent":"2rc3abyyp16","title":"Function","visible":true,"moveMe":false,"hasChildren":false},{"id":"cvrvogksq9s","author":"","crDate":1683295280680,"chDate":1688980560302,"overview":"","parent":"2rc3abyyp16","title":"Enums","visible":true,"moveMe":false,"hasChildren":false},{"id":"8nk9tohwfm4","author":"","crDate":1683213909196,"chDate":1707229991372,"overview":"","parent":"2rc3abyyp16","title":"Copy by Reference","visible":true,"moveMe":false,"hasChildren":false},{"id":"loc5pirac2o","author":"","crDate":1683213556796,"chDate":1685630854971,"overview":"","parent":"iyhyloezf2g","title":"Template-Literal","visible":true,"moveMe":false,"hasChildren":false},{"id":"q19c3x2wc40","author":"","crDate":1683213632833,"chDate":1683213636951,"overview":"","parent":"2rc3abyyp16","title":"Prototyping","visible":false,"moveMe":false,"hasChildren":false},{"id":"8n7wrv7z36c","author":"","crDate":1701955751242,"chDate":1701955765638,"overview":"","parent":"o7s3eubj7qo","title":"Erweitern, kürzen","visible":true,"hasChildren":false,"moveMe":false},{"id":"msyulsmnskg","author":"","crDate":1683292526361,"chDate":1686047563044,"overview":"","parent":"o7s3eubj7qo","title":"Im Array suchen","visible":true,"moveMe":false,"hasChildren":false},{"id":"blmarst0f8w","author":"","crDate":1686144254648,"chDate":1686147051791,"overview":"","parent":"o7s3eubj7qo","title":"Iterieren","visible":true,"moveMe":false,"hasChildren":false},{"id":"5sl4vbu3kwo","author":"","crDate":1686147034358,"chDate":1686147043095,"overview":"","parent":"o7s3eubj7qo","title":"Umwandeln","visible":true,"moveMe":false,"hasChildren":false},{"id":"ath5boz7bj4","author":"","crDate":1686145258180,"chDate":1686145267226,"overview":"","parent":"o7s3eubj7qo","title":"Sortieren","visible":true,"moveMe":false,"hasChildren":false},{"id":"qkuu44kaq9c","author":"","crDate":1683213878249,"chDate":1686062656773,"overview":"","parent":"o7s3eubj7qo","title":"Mehrdimensionalität","visible":true,"moveMe":false,"hasChildren":false},{"id":"ay2jrod07yg","author":"","crDate":1683213714830,"chDate":1686142025941,"overview":"","parent":"o7s3eubj7qo","title":"Spread","visible":true,"moveMe":false,"hasChildren":false},{"id":"ju1d49qun1c","author":"","crDate":1683213723301,"chDate":1686312937351,"overview":"","parent":"o7s3eubj7qo","title":"Destructuring","visible":true,"moveMe":false,"hasChildren":false},{"id":"l7hg16ykwkg","author":"","crDate":1686056743506,"chDate":1686665531439,"overview":"","parent":"eqb8ohepyns","title":"Methoden","visible":true,"moveMe":false,"hasChildren":false},{"id":"31wudih4pmi","author":"","crDate":1686744499732,"chDate":1686828237716,"overview":"","parent":"eqb8ohepyns","title":"Getter / Setter","visible":true,"moveMe":false,"hasChildren":false},{"id":"nctwqmxjt00","author":"","crDate":1683213667604,"chDate":1686318629194,"overview":"","parent":"eqb8ohepyns","title":"Iterieren","visible":true,"moveMe":false,"hasChildren":false},{"id":"40fyeato070","author":"","crDate":1683213744834,"chDate":1686723973849,"overview":"","parent":"eqb8ohepyns","title":"Spread","visible":true,"moveMe":false,"hasChildren":false},{"id":"dq87qqueszs","author":"","crDate":1683213765048,"chDate":1686726502417,"overview":"","parent":"eqb8ohepyns","title":"Destructuring","visible":true,"moveMe":false,"hasChildren":false},{"id":"nbm7cujri9c","author":"","crDate":1683213615363,"chDate":1688473748808,"overview":"","parent":"eqb8ohepyns","title":"Klassen","visible":true,"moveMe":false,"hasChildren":false},{"id":"j0ixdz49eo0","author":"","crDate":1683213591631,"chDate":1686924120983,"overview":"","parent":"eqb8ohepyns","title":"Factories","visible":true,"moveMe":false,"hasChildren":false},{"id":"7ts61y7d7jg","author":"","crDate":1720096588851,"chDate":1720096599171,"overview":"","parent":"eqb8ohepyns","title":"Optional Chaining","visible":true,"hasChildren":false,"moveMe":false},{"id":"esj1ce8wa6g","author":"","crDate":1683294129859,"chDate":1688474290269,"overview":"","parent":"nbm7cujri9c","title":"Static","visible":true,"moveMe":false,"hasChildren":false},{"id":"mk61qn129kg","author":"","crDate":1683294185404,"chDate":1692278130822,"overview":"","parent":"nbm7cujri9c","title":"(private) Felder","visible":true,"moveMe":false,"hasChildren":false},{"id":"5xdxwu0p8ao","author":"","crDate":1683294237021,"chDate":1688560566128,"overview":"","parent":"nbm7cujri9c","title":"Vererbung","visible":true,"moveMe":false,"hasChildren":false},{"id":"qbb3d5b1klc","author":"","crDate":1683213951797,"chDate":1692279976283,"overview":"","parent":"eqb8ohepyns","title":"Objekte kombinieren","visible":true,"moveMe":false,"hasChildren":false},{"id":"b37rridrwbc","author":"","crDate":1688987989478,"chDate":1688988132512,"overview":"","parent":"eqb8ohepyns","title":"Immutable (freeze)","visible":true,"moveMe":false,"hasChildren":false},{"id":"7pv5if9hmo8","author":"","crDate":1683203355569,"chDate":1685102201793,"overview":"","parent":"123","title":"Programmablauf","visible":true,"moveMe":false,"hasChildren":false},{"id":"hwkdv7pzmzc","author":"","crDate":1683211534116,"chDate":1685105408577,"overview":"","parent":"7pv5if9hmo8","title":"Ausführungsreihenfolge","visible":true,"moveMe":false,"hasChildren":false},{"id":"kkzvlufblw0","author":"","crDate":1683211054150,"chDate":1685110317986,"overview":"","parent":"7pv5if9hmo8","title":"Bedingte Anweisungen","visible":true,"moveMe":false,"hasChildren":false},{"id":"bt02sgj7f48","author":"","crDate":1683211159776,"chDate":1686747583167,"overview":"","parent":"7pv5if9hmo8","title":"Schleifen","visible":true,"moveMe":false,"hasChildren":false},{"id":"e2zsmd4v30g","author":"","crDate":1687353576292,"chDate":1687353581450,"overview":"","parent":"bt02sgj7f48","title":"Fußgesteuert","visible":false,"moveMe":false,"hasChildren":false},{"id":"glerfbez6m0","author":"","crDate":1683292443080,"chDate":1683292447759,"overview":"","parent":"bt02sgj7f48","title":"Schleifensteuerung","visible":false,"moveMe":false,"hasChildren":false},{"id":"beghshki4dk","author":"","crDate":1683205819348,"chDate":1686727272439,"overview":"","parent":"7pv5if9hmo8","title":"Funktionen","visible":true,"moveMe":false,"hasChildren":false},{"id":"pnawq4b7bu","author":"","crDate":1686734104590,"chDate":1687355533400,"overview":"","parent":"beghshki4dk","title":"Klassische Funktion","visible":true,"moveMe":false,"hasChildren":false},{"id":"2ovrrip34v6","author":"","crDate":1683213830278,"chDate":1683213836220,"overview":"","parent":"beghshki4dk","title":"Rest-Parameter","visible":false,"moveMe":false,"hasChildren":false},{"id":"7xn8eknlhzo","author":"","crDate":1683292880446,"chDate":1683292886067,"overview":"","parent":"beghshki4dk","title":"Zeitsteuerung","visible":false,"moveMe":false,"hasChildren":false},{"id":"7blh970d3h4","author":"","crDate":1683213784556,"chDate":1686727277014,"overview":"","parent":"beghshki4dk","title":"Named Arguments","visible":true,"moveMe":false,"hasChildren":false},{"id":"c64y298se3s","author":"","crDate":1683293947428,"chDate":1683293994276,"overview":"","parent":"beghshki4dk","title":"Ausführungsfrequenz einschränken","visible":false,"moveMe":false,"hasChildren":false},{"id":"gtoy523jz6w","author":"","crDate":1683213529726,"chDate":1688388321394,"overview":"","parent":"beghshki4dk","title":"This-Binding","visible":false,"moveMe":false,"hasChildren":false},{"id":"fxvhm7ymam0","author":"","crDate":1683210492001,"chDate":1688731666727,"overview":"","parent":"7pv5if9hmo8","title":"Promises","visible":true,"moveMe":false,"hasChildren":false},{"id":"d18emf9il3c","author":"","crDate":1683293613442,"chDate":1692365986315,"overview":"","parent":"fxvhm7ymam0","title":"Chaining","visible":true,"moveMe":false,"hasChildren":false},{"id":"k8v1ojbhwkw","author":"","crDate":1683293663498,"chDate":1726661613417,"overview":"","parent":"fxvhm7ymam0","title":"Async Await","visible":true,"moveMe":false,"hasChildren":false},{"id":"kmikzts763k","author":"","crDate":1726668880975,"chDate":1726669138437,"overview":"","parent":"fxvhm7ymam0","title":"Statische Methoden","visible":true,"hasChildren":false,"moveMe":false},{"id":"eym9psv2uyg","author":"","crDate":1683211008195,"chDate":1719489343184,"overview":"","parent":"7pv5if9hmo8","title":"Iteratoren","visible":true,"moveMe":false,"hasChildren":false},{"id":"1vdxhkztelf","author":"","crDate":1683211023066,"chDate":1720180134548,"overview":"","parent":"eym9psv2uyg","title":"Generatoren","visible":true,"moveMe":false,"hasChildren":false},{"id":"lvtg0w9r5ww","author":"","crDate":1683210428338,"chDate":1720437316966,"overview":"","parent":"7pv5if9hmo8","title":"Webworker","visible":true,"moveMe":false,"hasChildren":false},{"id":"dzequiayryw","author":"","crDate":1720440623094,"chDate":1720440633435,"overview":"","parent":"lvtg0w9r5ww","title":"Beispiel","visible":true,"hasChildren":false,"moveMe":false},{"id":"l97j1vn62cw","author":"","crDate":1683210417547,"chDate":1683210422154,"overview":"","parent":"7pv5if9hmo8","title":"Serviceworker","visible":false,"moveMe":false,"hasChildren":false},{"id":"3qwrj4yq58e","author":"","crDate":1683213074629,"chDate":1683213083090,"overview":"","parent":"l97j1vn62cw","title":"Push-Notifications","visible":false,"moveMe":false,"hasChildren":false},{"id":"djuud9eltbc","author":"","crDate":1682684253200,"chDate":1691417169801,"overview":"","parent":"123","title":"DOM","visible":true,"moveMe":false,"hasChildren":false},{"id":"l6c3jx05uq8","author":"","crDate":1683293770885,"chDate":1693922437930,"overview":"","parent":"123","title":"Strukturierte Daten","visible":true,"moveMe":false,"hasChildren":false},{"id":"6oa96dgj15s","author":"","crDate":1683210917888,"chDate":1702043978143,"overview":"","parent":"123","title":"Lokal speichern","visible":true,"moveMe":false,"hasChildren":false},{"id":"nwizdxuials","author":"","crDate":1683210931870,"chDate":1702045678142,"overview":"","parent":"6oa96dgj15s","title":"Cookies","visible":true,"moveMe":false,"hasChildren":false},{"id":"7pktk3r5v84","author":"","crDate":1683296104129,"chDate":1683296112055,"overview":"","parent":"nwizdxuials","title":"Cookie-Richtlinien","visible":false,"moveMe":false,"hasChildren":false},{"id":"evmfbmafrdc","author":"","crDate":1683210943188,"chDate":1702045695749,"overview":"","parent":"6oa96dgj15s","title":"Webstorage","visible":true,"moveMe":false,"hasChildren":false},{"id":"hx773up6k6w","author":"","crDate":1702047222915,"chDate":1702298798018,"overview":"","parent":"evmfbmafrdc","title":"Localstorage","visible":true,"hasChildren":false,"moveMe":false},{"id":"393ifc8iee0","author":"","crDate":1702047232602,"chDate":1702298055265,"overview":"","parent":"evmfbmafrdc","title":"Sessionstorage","visible":true,"hasChildren":false,"moveMe":false},{"id":"ntp3ttruysg","author":"","crDate":1683210971752,"chDate":1726057295039,"overview":"","parent":"6oa96dgj15s","title":"Indexed DB","visible":true,"moveMe":false,"hasChildren":false},{"id":"cjtex6ltcvc","author":"","crDate":1726127294260,"chDate":1726127303288,"overview":"","parent":"ntp3ttruysg","title":"Daten schreiben","visible":true,"hasChildren":false,"moveMe":false},{"id":"bmctzorr9s8","author":"","crDate":1726134776320,"chDate":1726134785387,"overview":"","parent":"ntp3ttruysg","title":"Daten lesen","visible":true,"hasChildren":false,"moveMe":false},{"id":"flme05nc08w","author":"","crDate":1730122401184,"chDate":1730122412437,"overview":"","parent":"ntp3ttruysg","title":"Datensatz entfernen","visible":true,"hasChildren":false,"moveMe":false},{"id":"3w1kfelfh7g","author":"","crDate":1730124528961,"chDate":1730124540379,"overview":"","parent":"ntp3ttruysg","title":"Datensatz updaten","visible":true,"hasChildren":false,"moveMe":false},{"id":"m2vzbopk5eo","author":"","crDate":1726213071107,"chDate":1730128059109,"overview":"","parent":"ntp3ttruysg","title":"Datensätze suchen","visible":true,"hasChildren":false,"moveMe":false},{"id":"o38sytot0gw","author":"","crDate":1730125299284,"chDate":1730125329199,"overview":"","parent":"ntp3ttruysg","title":"Libraries","visible":true,"hasChildren":false,"moveMe":false},{"id":"6n27qqlug3k","author":"","crDate":1726126411074,"chDate":1726126416600,"overview":"","parent":"ntp3ttruysg","title":"Relationen","visible":false,"hasChildren":false,"moveMe":false},{"id":"jyps92p2hls","author":"","crDate":1726057297180,"chDate":1726057310811,"overview":"","parent":"6oa96dgj15s","title":"Origin Private File System","visible":false,"hasChildren":false,"moveMe":false},{"id":"ny8i7v72xb4","author":"","crDate":1726057565096,"chDate":1726057571989,"overview":"","parent":"6oa96dgj15s","title":"Storage API","visible":false,"hasChildren":false,"moveMe":false},{"id":"5g7k2blx48o","author":"","crDate":1683210325080,"chDate":1695815561109,"overview":"","parent":"123","title":"Canvas","visible":true,"moveMe":false,"hasChildren":false},{"id":"8gen8h5kt2w","author":"","crDate":1696247168664,"chDate":1714484600214,"overview":"","parent":"123","title":"SVG","visible":true,"moveMe":false,"hasChildren":false},{"id":"hlpt9d88dj4","author":"","crDate":1717157012035,"chDate":1717157018394,"overview":"","parent":"8gen8h5kt2w","title":"Elemente","visible":true,"hasChildren":false,"moveMe":false},{"id":"bbcmvgrmd40","author":"","crDate":1717157060313,"chDate":1717157194027,"overview":"","parent":"8gen8h5kt2w","title":"Style","visible":true,"hasChildren":false,"moveMe":false},{"id":"im2o9d6qodc","author":"","crDate":1717157120730,"chDate":1717157129345,"overview":"","parent":"8gen8h5kt2w","title":"Struktur","visible":true,"hasChildren":false,"moveMe":false},{"id":"137igro3je3","author":"","crDate":1716820244789,"chDate":1716820481960,"overview":"","parent":"8gen8h5kt2w","title":"Links","visible":true,"hasChildren":false,"moveMe":false},{"id":"e86kczd5cnk","author":"","crDate":1716909136767,"chDate":1716909143133,"overview":"","parent":"8gen8h5kt2w","title":"Animations-Node","visible":false,"hasChildren":false,"moveMe":false},{"id":"dznhfem8020","author":"","crDate":1717680521699,"chDate":1717680529860,"overview":"","parent":"8gen8h5kt2w","title":"Erzeugen mit JS","visible":true,"hasChildren":false,"moveMe":false},{"id":"7g8cicwpw2o","author":"","crDate":1717762744950,"chDate":1717762752556,"overview":"","parent":"8gen8h5kt2w","title":"Animation","visible":true,"hasChildren":false,"moveMe":false},{"id":"pik7rdk2tz4","author":"","crDate":1683210348973,"chDate":1692792792145,"overview":"","parent":"123","title":"Ajax (HTTP)","visible":true,"moveMe":false,"hasChildren":false},{"id":"6pjv2qpdi6g","author":"","crDate":1710774228606,"chDate":1710774236091,"overview":"","parent":"pik7rdk2tz4","title":"API","visible":true,"hasChildren":false,"moveMe":false},{"id":"83wpn189hl0","author":"","crDate":1692792281014,"chDate":1692792293654,"overview":"","parent":"pik7rdk2tz4","title":"Fetch()","visible":true,"moveMe":false,"hasChildren":false},{"id":"n8c1qpa06i8","author":"","crDate":1692792330244,"chDate":1692792341119,"overview":"","parent":"pik7rdk2tz4","title":"XMLHttpRequest()","visible":true,"moveMe":false,"hasChildren":false},{"id":"hryykqgi154","author":"","crDate":1692796877070,"chDate":1692796897865,"overview":"","parent":"pik7rdk2tz4","title":"Headers","visible":true,"moveMe":false,"hasChildren":false},{"id":"de1mtpdpl60","author":"","crDate":1710774465473,"chDate":1710774468482,"overview":"","parent":"pik7rdk2tz4","title":"ReST","visible":false,"hasChildren":false,"moveMe":false},{"id":"r4vstnssnu8","author":"","crDate":1683293080673,"chDate":1695901985731,"overview":"","parent":"5g7k2blx48o","title":"Formen","visible":true,"moveMe":false,"hasChildren":false},{"id":"7lg1656ebac","author":"","crDate":1683293322793,"chDate":1696229636788,"overview":"","parent":"5g7k2blx48o","title":"Text schreiben","visible":true,"moveMe":false,"hasChildren":false},{"id":"99u7g2fdtkc","author":"","crDate":1695901214261,"chDate":1695902276526,"overview":"","parent":"r4vstnssnu8","title":"Bewegen und Linien","visible":true,"moveMe":false,"hasChildren":false},{"id":"cusyeabp41c","author":"","crDate":1695903363405,"chDate":1695903390310,"overview":"","parent":"r4vstnssnu8","title":"Rechteck","visible":true,"moveMe":false,"hasChildren":false},{"id":"6jign3fo7og","author":"","crDate":1695908755144,"chDate":1695908767277,"overview":"","parent":"r4vstnssnu8","title":"Kreis / Oval","visible":true,"moveMe":false,"hasChildren":false},{"id":"8y5ile45aw4","author":"","crDate":1695909287009,"chDate":1695992631328,"overview":"","parent":"r4vstnssnu8","title":"Kurven","visible":true,"moveMe":false,"hasChildren":false},{"id":"lmprjwple28","author":"","crDate":1683293106598,"chDate":1696430447461,"overview":"","parent":"5g7k2blx48o","title":"Bilder setzen","visible":true,"moveMe":false,"hasChildren":false},{"id":"ivz8p8166ao","author":"","crDate":1683293149833,"chDate":1696484303610,"overview":"","parent":"5g7k2blx48o","title":"Transformieren","visible":true,"moveMe":false,"hasChildren":false},{"id":"b957kno4f88","author":"","crDate":1683293228278,"chDate":1696505712972,"overview":"","parent":"5g7k2blx48o","title":"Pixelmanipulation","visible":true,"moveMe":false,"hasChildren":false},{"id":"huqarfl8ncg","author":"","crDate":1683293337071,"chDate":1717677136102,"overview":"","parent":"5g7k2blx48o","title":"Animation","visible":true,"moveMe":false,"hasChildren":false},{"id":"d1ba9trlx6w","author":"","crDate":1701700782474,"chDate":1701776447555,"overview":"","parent":"5g7k2blx48o","title":"Save, Restore","visible":true,"hasChildren":false,"moveMe":false},{"id":"d2sko4i57qw","author":"","crDate":1695820023456,"chDate":1696512275552,"overview":"","parent":"5g7k2blx48o","title":"Effekte","visible":true,"moveMe":false,"hasChildren":false},{"id":"1poycfxypn9","author":"","crDate":1709131842970,"chDate":1709131853427,"overview":"","parent":"d2sko4i57qw","title":"Filter","visible":true,"hasChildren":false,"moveMe":false},{"id":"5czehe2nu78","author":"","crDate":1696407174426,"chDate":1696430370348,"overview":"","parent":"5g7k2blx48o","title":"Extras","visible":true,"moveMe":false,"hasChildren":false},{"id":"1pwpq7sme52","author":"","crDate":1696516512650,"chDate":1696516642932,"overview":"","parent":"5g7k2blx48o","title":"Settings","visible":false,"moveMe":false,"hasChildren":false},{"id":"m79v8wqgar4","author":"","crDate":1683205940867,"chDate":1691503907162,"overview":"","parent":"djuud9eltbc","title":"Elemente finden","visible":true,"moveMe":false,"hasChildren":false},{"id":"gkrsglu1c1c","author":"","crDate":1691567522490,"chDate":1691567548932,"overview":"","parent":"djuud9eltbc","title":"Beziehungen","visible":true,"moveMe":false,"hasChildren":false},{"id":"dyxvb9mfax4","author":"","crDate":1683206032383,"chDate":1691499015427,"overview":"","parent":"djuud9eltbc","title":"Elemente erzeugen","visible":true,"moveMe":false,"hasChildren":false},{"id":"ou6g17ee728","author":"","crDate":1683210529180,"chDate":1691562458891,"overview":"","parent":"djuud9eltbc","title":"Kopieren / Verschieben","visible":true,"moveMe":false,"hasChildren":false},{"id":"dg14m2o19nc","author":"","crDate":1691656753700,"chDate":1691656774294,"overview":"","parent":"djuud9eltbc","title":"Löschen","visible":true,"moveMe":false,"hasChildren":false},{"id":"dpf0bwa187k","author":"","crDate":1683295536525,"chDate":1695300812559,"overview":"","parent":"djuud9eltbc","title":"Scrolling","visible":true,"moveMe":false,"hasChildren":false},{"id":"g0r71eljoug","author":"","crDate":1683206060299,"chDate":1691662162070,"overview":"","parent":"djuud9eltbc","title":"Eventlistener","visible":true,"moveMe":false,"hasChildren":false},{"id":"h961ihfyteo","author":"","crDate":1683296062958,"chDate":1692618599259,"overview":"","parent":"djuud9eltbc","title":"Observer","visible":true,"moveMe":false,"hasChildren":false},{"id":"i6kfe6oro9c","author":"","crDate":1683293027137,"chDate":1691675693262,"overview":"","parent":"g0r71eljoug","title":"Liste der Events","visible":true,"moveMe":false,"hasChildren":false},{"id":"l4cb8ygtr00","author":"","crDate":1683293054981,"chDate":1692191522103,"overview":"","parent":"g0r71eljoug","title":"Event-Objekt","visible":true,"moveMe":false,"hasChildren":false},{"id":"4unslwcgjgu","author":"","crDate":1692195934839,"chDate":1692195965840,"overview":"","parent":"g0r71eljoug","title":"Bubbling","visible":true,"moveMe":false,"hasChildren":false},{"id":"qdlsbtioj5s","author":"","crDate":1683213007360,"chDate":1693994745415,"overview":"","parent":"djuud9eltbc","title":"Eingabe","visible":true,"moveMe":false,"hasChildren":false},{"id":"iqwoyr92sqw","author":"","crDate":1693995356932,"chDate":1694009127500,"overview":"","parent":"qdlsbtioj5s","title":"Input","visible":true,"moveMe":false,"hasChildren":false},{"id":"19ngpvaphac","author":"","crDate":1694007270232,"chDate":1694505678760,"overview":"","parent":"qdlsbtioj5s","title":"File","visible":true,"moveMe":false,"hasChildren":false},{"id":"1pu120f1qyg","author":"","crDate":1694007259408,"chDate":1694438530032,"overview":"","parent":"qdlsbtioj5s","title":"Farbe","visible":true,"moveMe":false,"hasChildren":false},{"id":"9vetaaesv0w","author":"","crDate":1694007240625,"chDate":1723211835234,"overview":"","parent":"qdlsbtioj5s","title":"Datum","visible":true,"moveMe":false,"hasChildren":false},{"id":"34wgpzyszco","author":"","crDate":1694003675849,"chDate":1694077086327,"overview":"","parent":"qdlsbtioj5s","title":"Checkbox","visible":true,"moveMe":false,"hasChildren":false},{"id":"ntevg8wzfq8","author":"","crDate":1694003777170,"chDate":1694079763719,"overview":"","parent":"qdlsbtioj5s","title":"Radio","visible":true,"moveMe":false,"hasChildren":false},{"id":"n0pbyop26ps","author":"","crDate":1694007299910,"chDate":1694073327246,"overview":"","parent":"qdlsbtioj5s","title":"Range","visible":true,"moveMe":false,"hasChildren":false},{"id":"o0cpews77g0","author":"","crDate":1723210782391,"chDate":1723210805066,"overview":"","parent":"qdlsbtioj5s","title":"Select","visible":true,"hasChildren":false,"moveMe":false},{"id":"j2nyfaaj3qg","author":"","crDate":1694003588168,"chDate":1694003592279,"overview":"","parent":"qdlsbtioj5s","title":"Buttons","visible":false,"moveMe":false,"hasChildren":false},{"id":"gtx9gyie8qw","author":"","crDate":1694077621834,"chDate":1714481196176,"overview":"","parent":"qdlsbtioj5s","title":"Daten extrahieren","visible":true,"moveMe":false,"hasChildren":false},{"id":"qa1ag04ceuo","author":"","crDate":1683292938127,"chDate":1714048938411,"overview":"","parent":"djuud9eltbc","title":"CSS-Klassen","visible":true,"moveMe":false,"hasChildren":false},{"id":"bl0yvh9k5q8","author":"","crDate":1683292957019,"chDate":1714050644938,"overview":"","parent":"djuud9eltbc","title":"Style","visible":true,"moveMe":false,"hasChildren":false},{"id":"hyiwpuojgx4","author":"","crDate":1683296439172,"chDate":1683296443829,"overview":"","parent":"djuud9eltbc","title":"Matchmedia","visible":false,"moveMe":false,"hasChildren":false},{"id":"kw8aosq03yo","author":"","crDate":1709821643074,"chDate":1709821647586,"overview":"","parent":"djuud9eltbc","title":"dialog","visible":false,"hasChildren":false,"moveMe":false},{"id":"nt3feurni8g","author":"","crDate":1714053052586,"chDate":1714053066078,"overview":"","parent":"dpf0bwa187k","title":"Scrollposition ändern","visible":true,"hasChildren":false,"moveMe":false},{"id":"hldl5di9ze0","author":"","crDate":1683293869247,"chDate":1713948894439,"overview":"","parent":"djuud9eltbc","title":"Drag n Drop","visible":true,"moveMe":false,"hasChildren":false},{"id":"k1qgeq6fxn4","author":"","crDate":1713968253488,"chDate":1714043901605,"overview":"","parent":"hldl5di9ze0","title":"Daten verschieben","visible":true,"hasChildren":false,"moveMe":false},{"id":"g358z46z4ns","author":"","crDate":1685625994660,"chDate":1685626004114,"overview":"","parent":"djuud9eltbc","title":"Mediaqueries","visible":false,"moveMe":false,"hasChildren":false},{"id":"qemkobfhscw","author":"","crDate":1701443029772,"chDate":1706104268102,"overview":"","parent":"djuud9eltbc","title":"Web Components","visible":true,"moveMe":false,"hasChildren":false},{"id":"5oc67xw5ptg","author":"","crDate":1718367516709,"chDate":1718367526437,"overview":"","parent":"qemkobfhscw","title":"HTML-Template","visible":true,"hasChildren":false,"moveMe":false},{"id":"ek6my0nl9qo","author":"","crDate":1683203620197,"chDate":1693309575917,"overview":"","parent":"djuud9eltbc","title":"React","visible":true,"moveMe":false,"hasChildren":false},{"id":"cnvwan3mbnk","author":"","crDate":1683203626291,"chDate":1693388692494,"overview":"","parent":"djuud9eltbc","title":"Vue","visible":true,"moveMe":false,"hasChildren":false},{"id":"79brc3vgato","author":"","crDate":1683203611172,"chDate":1725976273893,"overview":"","parent":"djuud9eltbc","title":"jQuery","visible":true,"moveMe":false,"hasChildren":false},{"id":"19jbt1lfrar","author":"","crDate":1706106761668,"chDate":1706278337660,"overview":"","parent":"qemkobfhscw","title":"Parameter","visible":true,"hasChildren":false,"moveMe":false},{"id":"8si16ugbf3o","author":"","crDate":1713770135768,"chDate":1713770144615,"overview":"","parent":"qemkobfhscw","title":"Werte zurückgeben","visible":true,"hasChildren":false,"moveMe":false},{"id":"1mkj6rgwqhq","author":"","crDate":1707489959373,"chDate":1707489968653,"overview":"","parent":"qemkobfhscw","title":"Eventlistener","visible":true,"hasChildren":false,"moveMe":false},{"id":"c3aehh6xqio","author":"","crDate":1706281344227,"chDate":1706281905193,"overview":"","parent":"qemkobfhscw","title":"Built in Methods","visible":true,"hasChildren":false,"moveMe":false},{"id":"f7mgldjss20","author":"","crDate":1718370625567,"chDate":1718370761715,"overview":"","parent":"qemkobfhscw","title":"Komponente entfernen","visible":true,"hasChildren":false,"moveMe":false},{"id":"ic5q812qu0g","author":"","crDate":1706102098071,"chDate":1706102104807,"overview":"","parent":"qemkobfhscw","title":"Beispiel","visible":true,"hasChildren":false,"moveMe":false},{"id":"d73vniizepk","author":"","crDate":1701960505588,"chDate":1706105249000,"overview":"","parent":"qemkobfhscw","title":"Libraries","visible":true,"hasChildren":false,"moveMe":false},{"id":"pmynxglbp1s","author":"","crDate":1683296141276,"chDate":1692619371932,"overview":"","parent":"h961ihfyteo","title":"Intersection-Observer","visible":true,"moveMe":false,"hasChildren":false},{"id":"1awb94rvoea","author":"","crDate":1683296156649,"chDate":1692623823979,"overview":"","parent":"h961ihfyteo","title":"Mutation-Observer","visible":true,"moveMe":false,"hasChildren":false},{"id":"o8l4uxo5m00","author":"","crDate":1683296171743,"chDate":1692884833100,"overview":"","parent":"h961ihfyteo","title":"Resize-Observer","visible":true,"moveMe":false,"hasChildren":false},{"id":"m95y90m5xo0","author":"","crDate":1692618938245,"chDate":1754401868254,"overview":"","parent":"h961ihfyteo","title":"Eigener Observer","visible":false,"moveMe":false,"hasChildren":false},{"id":"rad5i4een68","author":"","crDate":1683209584973,"chDate":1687864978845,"overview":"","parent":"123","title":"NodeJS","visible":true,"moveMe":false,"hasChildren":false},{"id":"9c67q3yydlg","author":"","crDate":1693982868901,"chDate":1693982878763,"overview":"","parent":"rad5i4een68","title":"Terminalbefehle","visible":true,"moveMe":false,"hasChildren":false},{"id":"nqfm5up5c80","author":"","crDate":1693977090434,"chDate":1693977103500,"overview":"","parent":"rad5i4een68","title":"Environment Variablen","visible":true,"moveMe":false,"hasChildren":false},{"id":"a5v7sv20fds","author":"","crDate":1683203583026,"chDate":1688563077859,"overview":"","parent":"123","title":"Bibliotheken","visible":true,"moveMe":false,"hasChildren":false},{"id":"pud2012p95c","author":"","crDate":1683205850079,"chDate":1715775268872,"overview":"","parent":"123","title":"Design Patterns","visible":true,"moveMe":false,"hasChildren":false},{"id":"qx7mqcfid3k","author":"","crDate":1753965048242,"chDate":1753965063510,"overview":"","parent":"123","title":"Typescript","visible":true,"hasChildren":false,"moveMe":false},{"id":"lqan2z3m6ow","author":"","crDate":1754389080772,"chDate":1754389092149,"overview":"","parent":"qx7mqcfid3k","title":"tsconfig.json","visible":true,"hasChildren":false,"moveMe":false},{"id":"dagrd2kqaqo","author":"","crDate":1753967376066,"chDate":1753967409352,"overview":"","parent":"qx7mqcfid3k","title":"Statische Typisierung","visible":true,"hasChildren":false,"moveMe":false},{"id":"8kicn6nadkc","author":"","crDate":1753968015084,"chDate":1753968270985,"overview":"","parent":"qx7mqcfid3k","title":"Decorators","visible":true,"hasChildren":false,"moveMe":false},{"id":"kpk5h9d1vxc","author":"","crDate":1753968534710,"chDate":1754312146204,"overview":"","parent":"qx7mqcfid3k","title":"Enums","visible":false,"hasChildren":false,"moveMe":false},{"id":"ata8ozgy640","author":"","crDate":1715866884341,"chDate":1716366736204,"overview":"","parent":"pud2012p95c","title":"Verarbeiten","visible":true,"hasChildren":false,"moveMe":false},{"id":"9svg3sp3hxw","author":"","crDate":1718197019705,"chDate":1718197029661,"overview":"","parent":"ata8ozgy640","title":"Named Arguments","visible":true,"hasChildren":false,"moveMe":false},{"id":"37o9pmxbdfo","author":"","crDate":1717574648973,"chDate":1717574656367,"overview":"","parent":"ata8ozgy640","title":"Proxy","visible":true,"hasChildren":false,"showContentOf":"gsx82spilwg","moveMe":false},{"id":"c5l48kr8mgg","author":"","crDate":1715866743656,"chDate":1716366720750,"overview":"","parent":"pud2012p95c","title":"Erzeugen","visible":true,"hasChildren":false,"moveMe":false},{"id":"3vmg6wah0ci","author":"","crDate":1716985361103,"chDate":1716985429032,"overview":"","parent":"c5l48kr8mgg","title":"Conditional Getter/Setter","visible":true,"hasChildren":false,"moveMe":false},{"id":"qcwkd0jf740","author":"","crDate":1715866673559,"chDate":1716366746874,"overview":"","parent":"pud2012p95c","title":"Struktur","visible":true,"hasChildren":false,"moveMe":false},{"id":"6mqkxs5iyp4","author":"","crDate":1683295191423,"chDate":1683295193971,"overview":"","parent":"a5v7sv20fds","title":"Axios","visible":false,"moveMe":false,"hasChildren":false},{"id":"dly917rkzzc","author":"","crDate":1683295183837,"chDate":1683295186307,"overview":"","parent":"a5v7sv20fds","title":"Chance","visible":false,"moveMe":false,"hasChildren":false},{"id":"jj642qw08qo","author":"","crDate":1683294043215,"chDate":1693305894247,"overview":"","parent":"ek6my0nl9qo","title":"Installation","visible":true,"moveMe":false,"hasChildren":false},{"id":"itqk72vfwps","author":"","crDate":1683294065708,"chDate":1693314547923,"overview":"","parent":"ek6my0nl9qo","title":"Components","visible":true,"moveMe":false,"hasChildren":false},{"id":"nb3zt6bvntc","author":"","crDate":1683294476252,"chDate":1683294481835,"overview":"","parent":"ek6my0nl9qo","title":"File Based Components","visible":false,"moveMe":false,"hasChildren":false},{"id":"90a9dw73n9w","author":"","crDate":1693313347238,"chDate":1722944940640,"overview":"","parent":"ek6my0nl9qo","title":"Dateien einbinden","visible":true,"moveMe":false,"hasChildren":false},{"id":"fx9nxb80vyg","author":"","crDate":1722944877764,"chDate":1722945232655,"overview":"","parent":"ek6my0nl9qo","title":"Variablen / State","visible":true,"hasChildren":false,"moveMe":false},{"id":"kx2ranvcq68","author":"","crDate":1722947733332,"chDate":1722947739409,"overview":"","parent":"ek6my0nl9qo","title":"Effekt","visible":true,"hasChildren":false,"moveMe":false},{"id":"hnhmx1n1bsg","author":"","crDate":1722952817781,"chDate":1723036705826,"overview":"","parent":"ek6my0nl9qo","title":"Context","visible":true,"hasChildren":false,"moveMe":false},{"id":"77jrmrci4v0","author":"","crDate":1722952853324,"chDate":1722952856670,"overview":"","parent":"ek6my0nl9qo","title":"Referenz","visible":false,"hasChildren":false,"moveMe":false},{"id":"iplfs39gny0","author":"","crDate":1722952876629,"chDate":1722952880535,"overview":"","parent":"ek6my0nl9qo","title":"Callback","visible":false,"hasChildren":false,"moveMe":false},{"id":"dg4dgq2avmg","author":"","crDate":1722952913979,"chDate":1722952917501,"overview":"","parent":"ek6my0nl9qo","title":"Memo","visible":false,"hasChildren":false,"moveMe":false},{"id":"7q8eyqlykgs","author":"","crDate":1693563078710,"chDate":1693564132869,"overview":"","parent":"ek6my0nl9qo","title":"Expressions","visible":true,"moveMe":false,"hasChildren":false},{"id":"jgss43vqjrk","author":"","crDate":1693314551775,"chDate":1693564977769,"overview":"","parent":"ek6my0nl9qo","title":"Eventlistener","visible":true,"moveMe":false,"hasChildren":false},{"id":"ot3lkam3yhs","author":"","crDate":1683295091610,"chDate":1703072138559,"overview":"","parent":"ek6my0nl9qo","title":"Routing","visible":true,"moveMe":false,"hasChildren":false},{"id":"3va9ex1o51m","author":"","crDate":1693395194729,"chDate":1693395205143,"overview":"","parent":"cnvwan3mbnk","title":"Expressions","visible":true,"moveMe":false,"hasChildren":false},{"id":"2423jhtuv9z","author":"","crDate":1683294594045,"chDate":1693394935866,"overview":"","parent":"cnvwan3mbnk","title":"Lokale Variablen","visible":true,"moveMe":false,"hasChildren":false},{"id":"i4cpkaj0dbc","author":"","crDate":1683294583094,"chDate":1693396703667,"overview":"","parent":"cnvwan3mbnk","title":"Methoden","visible":true,"moveMe":false,"hasChildren":false},{"id":"gs35bu20e34","author":"","crDate":1693396872618,"chDate":1693396880381,"overview":"","parent":"cnvwan3mbnk","title":"Computed","visible":true,"moveMe":false,"hasChildren":false},{"id":"jkbpza2kifc","author":"","crDate":1683294399496,"chDate":1693400494411,"overview":"","parent":"cnvwan3mbnk","title":"Direktiven","visible":true,"moveMe":false,"hasChildren":false},{"id":"3b8j0j3l1qi","author":"","crDate":1703165109351,"chDate":1703165118278,"overview":"","parent":"cnvwan3mbnk","title":"Vue CLI","visible":true,"hasChildren":false,"moveMe":false},{"id":"nzoxlf2e8w0","author":"","crDate":1698246758697,"chDate":1703168624544,"overview":"","parent":"1xjxa6u1sb8","title":"Komponenten verbinden","visible":false,"moveMe":false,"hasChildren":false},{"id":"ozjbrvgxgw0","author":"","crDate":1703158202892,"chDate":1703158231488,"overview":"","parent":"1xjxa6u1sb8","title":"Dateien laden","visible":true,"hasChildren":false,"moveMe":false},{"id":"qhcs8145q0g","author":"","crDate":1683203640830,"chDate":1683292183099,"overview":"","parent":"a5v7sv20fds","title":"Andere","visible":false,"moveMe":false,"hasChildren":false},{"id":"garwjqbwbag","author":"","crDate":1683203630379,"chDate":1688563674470,"overview":"","parent":"a5v7sv20fds","title":"Eigene Bibliothek","visible":true,"moveMe":false,"hasChildren":false},{"id":"b8930wt5hmg","author":"","crDate":1683203372798,"chDate":1683550845908,"overview":"","parent":"123","title":"Anhang","visible":true,"moveMe":false,"hasChildren":false},{"id":"8o0n0uuy7y4","author":"","crDate":1727782926561,"chDate":1727782940211,"overview":"","parent":"b8930wt5hmg","title":"Dateitypen","visible":true,"hasChildren":false,"moveMe":false},{"id":"7knqoa6c68g","author":"","crDate":1727791639560,"chDate":1727791647265,"overview":"","parent":"8o0n0uuy7y4","title":".yaml","visible":true,"hasChildren":false,"moveMe":false},{"id":"egj5ulkkd3s","author":"","crDate":1727783344252,"chDate":1727783351671,"overview":"","parent":"8o0n0uuy7y4","title":".md","visible":true,"hasChildren":false,"moveMe":false},{"id":"fcce6wgq908","author":"","crDate":1698054417436,"chDate":1698054442384,"overview":"","parent":"b8930wt5hmg","title":"GIT","visible":true,"moveMe":false,"hasChildren":false},{"id":"lg4p8tufbow","author":"","crDate":1698146783539,"chDate":1698146833895,"overview":"","parent":"fcce6wgq908","title":"Commit","visible":true,"moveMe":false,"hasChildren":false},{"id":"ftfxtbv77w8","author":"","crDate":1698074225187,"chDate":1698074237863,"overview":"","parent":"fcce6wgq908","title":"gitignore","visible":true,"moveMe":false,"hasChildren":false},{"id":"ptutehb5ouo","author":"","crDate":1698054446250,"chDate":1698054459757,"overview":"","parent":"fcce6wgq908","title":"GitHub / GitLab","visible":true,"moveMe":false,"hasChildren":false},{"id":"f6i8pdu6o3k","author":"","crDate":1686639430482,"chDate":1686639437065,"overview":"","parent":"b8930wt5hmg","title":"AI","visible":true,"moveMe":false,"hasChildren":false},{"id":"fojfljafga","author":"","crDate":1725867970412,"chDate":1725867982234,"overview":"","parent":"b8930wt5hmg","title":"Visual Studio Code","visible":true,"hasChildren":false,"moveMe":false},{"id":"qgpcv59dhow","author":"","crDate":1713356519003,"chDate":1713361554493,"overview":"","parent":"f6i8pdu6o3k","title":"Glaubwürdigkeit","visible":true,"hasChildren":false,"moveMe":false},{"id":"n2o6pmwpkuo","author":"","crDate":1686640181042,"chDate":1686640200777,"overview":"","parent":"f6i8pdu6o3k","title":"Large Language Models","visible":true,"moveMe":false,"hasChildren":false},{"id":"14qjxpf3vzo","author":"","crDate":1686651746946,"chDate":1686651765824,"overview":"","parent":"f6i8pdu6o3k","title":"Autovervollständiger","visible":true,"moveMe":false,"hasChildren":false},{"id":"7xmxbbuzk64","author":"","crDate":1686653098605,"chDate":1698067439464,"overview":"","parent":"f6i8pdu6o3k","title":"Text","visible":true,"moveMe":false,"hasChildren":false},{"id":"qoi29m59wcg","author":"","crDate":1698048527753,"chDate":1698048535488,"overview":"","parent":"f6i8pdu6o3k","title":"Prototyping","visible":true,"moveMe":false,"hasChildren":false},{"id":"7qtb2zmnx8w","author":"","crDate":1698042889101,"chDate":1698042896403,"overview":"","parent":"f6i8pdu6o3k","title":"Bilder","visible":true,"moveMe":false,"hasChildren":false},{"id":"j9c5ma2qrts","author":"","crDate":1698067547602,"chDate":1698067557311,"overview":"","parent":"f6i8pdu6o3k","title":"Präsentationen","visible":true,"moveMe":false,"hasChildren":false},{"id":"m8p2dnl0kq8","author":"","crDate":1693481987415,"chDate":1693481997451,"overview":"","parent":"f6i8pdu6o3k","title":"Audio","visible":true,"moveMe":false,"hasChildren":false},{"id":"e7vsu6tt8aw","author":"","crDate":1706539775978,"chDate":1706539784617,"overview":"","parent":"f6i8pdu6o3k","title":"Webseitenanalyse","visible":true,"hasChildren":false,"moveMe":false},{"id":"468w43cutkw","author":"","crDate":1706540460974,"chDate":1706540469571,"overview":"","parent":"f6i8pdu6o3k","title":"Marketing","visible":true,"hasChildren":false,"moveMe":false},{"id":"c7478jg8lyg","author":"","crDate":1683214045945,"chDate":1725867994176,"overview":"","parent":"b8930wt5hmg","title":"Geschichte von JS","visible":true,"moveMe":false,"hasChildren":false},{"id":"gaxsv70fw9k","author":"","crDate":1683214035251,"chDate":1715167676880,"overview":"","parent":"b8930wt5hmg","title":"ECMA-Script","visible":true,"moveMe":false,"hasChildren":false},{"id":"ifoc75ua6ew","author":"","crDate":1683213232031,"chDate":1685455835684,"overview":"","parent":"b8930wt5hmg","title":"Problemlösungen","visible":true,"moveMe":false,"hasChildren":false},{"id":"9wel6kqurq8","author":"","crDate":1685455633776,"chDate":1725867802939,"overview":"","parent":"ifoc75ua6ew","title":"dritte, vierte ... Wurzel ","visible":true,"moveMe":false,"hasChildren":false},{"id":"2oyuai3agac","author":"","crDate":1683295390745,"chDate":1715088685584,"overview":"","parent":"ifoc75ua6ew","title":"Deep Copy","visible":true,"moveMe":false,"hasChildren":false},{"id":"hwb1gzswgko","author":"","crDate":1683294976299,"chDate":1715175256793,"overview":"","parent":"ifoc75ua6ew","title":"Clipboard","visible":true,"moveMe":false,"hasChildren":false},{"id":"qhyneiwuasw","author":"","crDate":1683213464763,"chDate":1725948653081,"overview":"","parent":"ifoc75ua6ew","title":"Zufall","visible":true,"moveMe":false,"hasChildren":false},{"id":"3e5bkzg90jg","author":"","crDate":1683213488668,"chDate":1697638000010,"overview":"","parent":"ifoc75ua6ew","title":"file-input Dateien anzeigen","visible":true,"moveMe":false,"hasChildren":false},{"id":"80d4ht9y3ks","author":"","crDate":1683296491660,"chDate":1714748497998,"overview":"","parent":"ifoc75ua6ew","title":"Canvas als Bild speichern","visible":true,"moveMe":false,"hasChildren":false},{"id":"92gtzhhodb4","author":"","crDate":1683296505298,"chDate":1715171195085,"overview":"","parent":"ifoc75ua6ew","title":"Text als Datei speichern","visible":true,"moveMe":false,"hasChildren":false},{"id":"8v8mk7p307g","author":"","crDate":1683296537806,"chDate":1715345159683,"overview":"","parent":"ifoc75ua6ew","title":"Mausposition lesen","visible":true,"moveMe":false,"hasChildren":false},{"id":"15zomy7n27n","author":"","crDate":1683296644209,"chDate":1715344374204,"overview":"","parent":"ifoc75ua6ew","title":"Array mischen","visible":true,"moveMe":false,"hasChildren":false},{"id":"jn3a7q8nz5c","author":"","crDate":1706866553481,"chDate":1706870256340,"overview":"","parent":"b8930wt5hmg","title":"Anfänger erkennen","visible":false,"hasChildren":false,"moveMe":false},{"id":"daxadqlzwc0","author":"","crDate":1705071426226,"chDate":1705071437729,"overview":"","parent":"b8930wt5hmg","title":"Browsersteuerung","visible":true,"hasChildren":false,"moveMe":false},{"id":"f0mmj09w448","author":"","crDate":1727179709678,"chDate":1727179719293,"overview":"","parent":"b8930wt5hmg","title":"Mehr als Frontend","visible":false,"hasChildren":false,"moveMe":false},{"id":"6be9edpuh94","author":"","crDate":1683295611436,"chDate":1720704556588,"overview":"","parent":"pud2012p95c","title":"Abstract Factory","visible":false,"moveMe":false,"hasChildren":false},{"id":"fz01zyq55i8","author":"","crDate":1683295699807,"chDate":1683295703925,"overview":"","parent":"pud2012p95c","title":"Bridge","visible":false,"moveMe":false,"hasChildren":false},{"id":"d0rex1sory8","author":"","crDate":1683295758672,"chDate":1683295763709,"overview":"","parent":"pud2012p95c","title":"Composite","visible":false,"moveMe":false,"hasChildren":false},{"id":"k0qs7rvusz4","author":"","crDate":1683295854170,"chDate":1683295859546,"overview":"","parent":"pud2012p95c","title":"Interpreter","visible":false,"moveMe":false,"hasChildren":false},{"id":"cgqu0ptb2ds","author":"","crDate":1721130905500,"chDate":1721131084814,"overview":"","parent":"pud2012p95c","title":"Subscribtion","visible":false,"hasChildren":false,"moveMe":false},{"id":"qumlpvbod7k","author":"","crDate":1683295981338,"chDate":1683295984488,"overview":"","parent":"pud2012p95c","title":"Strategy","visible":false,"moveMe":false,"hasChildren":false},{"id":"dupimbv9nxk","author":"","crDate":1683296020572,"chDate":1683296024059,"overview":"","parent":"pud2012p95c","title":"Visitor","visible":false,"moveMe":false,"hasChildren":false},{"id":"dt2kqpl3aow","author":"","crDate":1683296294558,"chDate":1683296299062,"overview":"","parent":"pud2012p95c","title":"Transducer","visible":false,"moveMe":false,"hasChildren":false},{"id":"1ha4912q67g","author":"","crDate":1683296663357,"chDate":1683296668044,"overview":"","parent":"pud2012p95c","title":"Proxy-Funktion","visible":false,"moveMe":false,"hasChildren":false},{"id":"8h73hnvxo4w","author":"","crDate":1683294831845,"chDate":1683550911084,"overview":"","parent":"b8930wt5hmg","title":"Informationsquellen","visible":false,"moveMe":false,"hasChildren":false},{"id":"1lmixu3u1xk","author":"","crDate":1734438580861,"chDate":1734438588301,"overview":"","parent":"b8930wt5hmg","title":"Basteln","visible":true,"hasChildren":false,"moveMe":false},{"id":"bg713kdg66w","author":"","crDate":1716370560222,"chDate":1716370563955,"overview":"","parent":"b8930wt5hmg","title":"CSS","visible":false,"hasChildren":false,"moveMe":false},{"id":"8okoeps7fw0","author":"","crDate":1683294862928,"chDate":1693391198147,"overview":"","parent":"b8930wt5hmg","title":"Glossar","visible":true,"moveMe":false,"hasChildren":false},{"id":"h5psyc9jtu8","author":"","crDate":1684928027339,"chDate":1684928036113,"overview":"","parent":"b8930wt5hmg","title":"Editoren","visible":true,"moveMe":false,"hasChildren":false},{"id":"qteqty525xs","author":"","crDate":1687263228568,"chDate":1687263234087,"overview":"","parent":"h5psyc9jtu8","title":"Notepad++","visible":false,"moveMe":false,"hasChildren":false},{"id":"8t6qtujxef0","author":"","crDate":1687263217068,"chDate":1687263221497,"overview":"","parent":"h5psyc9jtu8","title":"PHPstorm","visible":false,"moveMe":false,"hasChildren":false},{"id":"ov76qf5bxq8","author":"","crDate":1684927807100,"chDate":1684927820268,"overview":"","parent":"fwv6gy8t41s","title":"Cheatsheet","visible":true,"moveMe":false,"hasChildren":false},{"id":"k4qsmus9hdc","author":"","crDate":1683211730650,"chDate":1687868244632,"overview":"","parent":"rad5i4een68","title":"Module","visible":true,"moveMe":false,"hasChildren":false},{"id":"cduiklllthc","author":"","crDate":1688646459062,"chDate":1688646469863,"overview":"","parent":"k4qsmus9hdc","title":"Lokal vs. Global","visible":true,"moveMe":false,"hasChildren":false},{"id":"k7g7ogjtjc0","author":"","crDate":1683211748688,"chDate":1687959784723,"overview":"","parent":"k4qsmus9hdc","title":"Built-in","visible":true,"moveMe":false,"hasChildren":false},{"id":"r52f70kyj1c","author":"","crDate":1683293905919,"chDate":1688644369586,"overview":"","parent":"k4qsmus9hdc","title":"NPM","visible":true,"moveMe":false,"hasChildren":false},{"id":"j83lbajivqo","author":"","crDate":1688730143359,"chDate":1688730155015,"overview":"","parent":"r52f70kyj1c","title":"Beispiele","visible":true,"moveMe":false,"hasChildren":false},{"id":"cf7m5h4q0a8","author":"","crDate":1683293918856,"chDate":1688647463522,"overview":"","parent":"k4qsmus9hdc","title":"Eigene Module","visible":true,"moveMe":false,"hasChildren":false},{"id":"p67m6wqhdbk","author":"","crDate":1688731469524,"chDate":1689081687986,"overview":"","parent":"k4qsmus9hdc","title":"Express","visible":true,"moveMe":false,"hasChildren":false},{"id":"mhuzaleepnk","author":"","crDate":1693230650496,"chDate":1693230888363,"overview":"","parent":"64jrppodklk","title":"Datenbank-Methoden","visible":true,"moveMe":false,"hasChildren":false},{"id":"7u6denjawn0","author":"","crDate":1695041331724,"chDate":1695041349003,"overview":"","parent":"64jrppodklk","title":"Dokument-Methoden","visible":true,"moveMe":false,"hasChildren":false},{"id":"7z4a9gpljjw","author":"","crDate":1695042545341,"chDate":1695131172642,"overview":"","parent":"64jrppodklk","title":"Views","visible":true,"moveMe":false,"hasChildren":false},{"id":"5sy9z5u7488","author":"","crDate":1695041820993,"chDate":1722943612645,"overview":"","parent":"64jrppodklk","title":"Pagination","visible":true,"moveMe":false,"hasChildren":false},{"id":"ar2ohlh9wdc","author":"","crDate":1695043005724,"chDate":1695043013930,"overview":"","parent":"64jrppodklk","title":"Revision wiederherstellen","visible":false,"moveMe":false,"hasChildren":false},{"id":"et2lger7ubs","author":"","crDate":1692875926589,"chDate":1692875935556,"overview":"","parent":"64jrppodklk","title":"Beispiel","visible":false,"moveMe":false,"hasChildren":false},{"id":"aaiq77dxdds","author":"","crDate":1692875900672,"chDate":1722603777569,"overview":"","parent":"64jrppodklk","title":"Mango Query","visible":true,"moveMe":false,"hasChildren":false},{"id":"2gaxexkuasa","author":"","crDate":1695045977942,"chDate":1695128706815,"overview":"","parent":"64jrppodklk","title":"Indexierung","visible":false,"moveMe":false,"hasChildren":false},{"id":"80vmpbl9rn8","author":"","crDate":1683211065820,"chDate":1685111053117,"overview":"","parent":"kkzvlufblw0","title":"If","visible":true,"moveMe":false,"hasChildren":false},{"id":"okrl4rem2uo","author":"","crDate":1704812670153,"chDate":1704812683208,"overview":"","parent":"kkzvlufblw0","title":"switch-case","visible":true,"hasChildren":false,"moveMe":false},{"id":"60v0cjg5gm8","author":"","crDate":1683292349064,"chDate":1686744840476,"overview":"","parent":"kkzvlufblw0","title":"Ternary","visible":true,"moveMe":false,"hasChildren":false},{"id":"aikfvp5377c","author":"","crDate":1720097722074,"chDate":1720097797089,"overview":"","parent":"kkzvlufblw0","title":"Nullish coalescing","visible":true,"hasChildren":false,"moveMe":false},{"id":"omr1amatilc","author":"","crDate":1683293548691,"chDate":1693834294927,"overview":"","parent":"l6c3jx05uq8","title":"JSON","visible":true,"moveMe":false,"hasChildren":false},{"id":"r02g9ue589s","author":"","crDate":1683293816985,"chDate":1693915993086,"overview":"","parent":"l6c3jx05uq8","title":"XML","visible":true,"moveMe":false,"hasChildren":false},{"id":"ky84irs88qo","author":"","crDate":1736160230074,"chDate":1736160241169,"overview":"","parent":"l6c3jx05uq8","title":"Protocol Buffer","visible":true,"hasChildren":false,"moveMe":false},{"id":"2gkhgcz3ff2","author":"","crDate":1736162956262,"chDate":1736162972351,"overview":"","parent":"l6c3jx05uq8","title":"MessagePack","visible":true,"hasChildren":false,"moveMe":false},{"id":"d00yszaq1qw","author":"","crDate":1683293826373,"chDate":1683293828828,"overview":"","parent":"l6c3jx05uq8","title":"CSV","visible":false,"moveMe":false,"hasChildren":false},{"id":"ckrbcvslrug","author":"","crDate":1706194460771,"chDate":1706194467394,"overview":"","parent":"l6c3jx05uq8","title":"WSV","visible":false,"hasChildren":false,"moveMe":false},{"id":"imzdework34","author":"","crDate":1683293834125,"chDate":1683293837458,"overview":"","parent":"l6c3jx05uq8","title":"SOAP","visible":false,"moveMe":false,"hasChildren":false},{"id":"82ianrmhwds","author":"","crDate":1683294620313,"chDate":1693491194955,"overview":"","parent":"jkbpza2kifc","title":"Eventlistener","visible":true,"moveMe":false,"hasChildren":false},{"id":"7fkkt5tyzc4","author":"","crDate":1683294655453,"chDate":1693488156500,"overview":"","parent":"jkbpza2kifc","title":"Databinding","visible":true,"moveMe":false,"hasChildren":false},{"id":"8a87k2ggygg","author":"","crDate":1683294421380,"chDate":1703078408815,"overview":"","parent":"jkbpza2kifc","title":"Eigene Direktiven","visible":true,"moveMe":false,"hasChildren":false},{"id":"nsadzksx5e8","author":"","crDate":1683294677289,"chDate":1683294681680,"overview":"","parent":"jkbpza2kifc","title":"Klassen vergeben","visible":false,"moveMe":false,"hasChildren":false},{"id":"fwv6gy8t41s","author":"","crDate":1683295149705,"chDate":1684927858068,"overview":"","parent":"h5psyc9jtu8","title":"Visual Studio Code","visible":true,"moveMe":false,"hasChildren":false},{"id":"9y6eisw82x4","author":"","crDate":1684930970224,"chDate":1684930980342,"overview":"","parent":"fwv6gy8t41s","title":"Open Source","visible":false,"moveMe":false,"hasChildren":false},{"id":"m9zfyzweqhs","author":"","crDate":1684929738047,"chDate":1684929852324,"overview":"","parent":"fwv6gy8t41s","title":"Erweiterbarkeit","visible":false,"moveMe":false,"hasChildren":false},{"id":"8se322xwuj0","author":"","crDate":1683213605141,"chDate":1692282920432,"overview":"","parent":"nbm7cujri9c","title":"Constructor","visible":true,"moveMe":false,"hasChildren":false},{"id":"br4ll5az07k","author":"","crDate":1687263243639,"chDate":1687263380700,"overview":"","parent":"h5psyc9jtu8","title":"Brackets","visible":false,"moveMe":false,"hasChildren":false},{"id":"64jrppodklk","author":"","crDate":1683209631199,"chDate":1692962860470,"overview":"","parent":"rad5i4een68","title":"couchDB / nano","visible":true,"moveMe":false,"hasChildren":false},{"id":"a8fmmou5494","author":"","crDate":1683209611080,"chDate":1753957533534,"overview":"","parent":"rad5i4een68","title":"Datenbanken","visible":false,"moveMe":false,"hasChildren":false},{"id":"ltehkzvhu6o","author":"","crDate":1728043386769,"chDate":1728043392905,"overview":"","parent":"a8fmmou5494","title":"Firebase","visible":false,"hasChildren":false,"moveMe":false},{"id":"9hbvpn5gy3g","author":"","crDate":1728043397216,"chDate":1728043402551,"overview":"","parent":"a8fmmou5494","title":"Supabase","visible":false,"hasChildren":false,"moveMe":false},{"id":"qumuydb1ynk","author":"","crDate":1710766386578,"chDate":1710766394209,"overview":"","parent":"rad5i4een68","title":"Websocket","visible":true,"hasChildren":false,"moveMe":false},{"id":"pde3tmgy05c","author":"","crDate":1683213154153,"chDate":1688393181411,"overview":"","parent":"7pv5if9hmo8","title":"Scope","visible":true,"moveMe":false,"hasChildren":false},{"id":"c167zhpbrw8","author":"","crDate":1705071818821,"chDate":1705072538034,"overview":"","parent":"7pv5if9hmo8","title":"Fehlervermeidung","visible":true,"hasChildren":false,"moveMe":false},{"id":"dssiy08acc8","author":"","crDate":1683295449560,"chDate":1689140400164,"overview":"","parent":"p67m6wqhdbk","title":"Middleware","visible":true,"moveMe":false,"hasChildren":false},{"id":"1w990pxsfrp","author":"","crDate":1689237224953,"chDate":1689237318525,"overview":"","parent":"dssiy08acc8","title":"Request","visible":true,"showContentOf":"qmn8w9ark8w","moveMe":false,"hasChildren":false},{"id":"1zm76sufp96","author":"","crDate":1689237247270,"chDate":1689237322493,"overview":"","parent":"dssiy08acc8","title":"Response","visible":true,"showContentOf":"r1qb8mb52v4","moveMe":false,"hasChildren":false},{"id":"byimjdedvkg","author":"","crDate":1683295429965,"chDate":1689146202634,"overview":"","parent":"p67m6wqhdbk","title":"Routen","visible":true,"moveMe":false,"hasChildren":false},{"id":"ldcn5wffzwg","author":"","crDate":1692876027935,"chDate":1692876511385,"overview":"","parent":"byimjdedvkg","title":"Named Route Parameters","visible":true,"moveMe":false,"hasChildren":false},{"id":"ogmmz51w7ow","author":"","crDate":1683210367946,"chDate":1694508481436,"overview":"","parent":"p67m6wqhdbk","title":"Dateiupload","visible":true,"moveMe":false,"hasChildren":false},{"id":"jcjfaf746y8","author":"","crDate":1688998816951,"chDate":1688998819693,"overview":"","parent":"p67m6wqhdbk","title":"CORS","visible":false,"moveMe":false,"hasChildren":false},{"id":"qmn8w9ark8w","author":"","crDate":1689159426363,"chDate":1689163950838,"overview":"","parent":"byimjdedvkg","title":"Request","visible":true,"moveMe":false,"hasChildren":false},{"id":"r1qb8mb52v4","author":"","crDate":1689159448888,"chDate":1689168081271,"overview":"","parent":"byimjdedvkg","title":"Response","visible":true,"moveMe":false,"hasChildren":false},{"id":"4kji14jpamg","author":"","crDate":1683213187726,"chDate":1684927705692,"overview":"","parent":"oc1ux50u1io","title":"Umwandlungstabelle","visible":true,"moveMe":false,"hasChildren":false},{"id":"lw2g8sk3mgg","author":"","crDate":1693906698513,"chDate":1693906710750,"overview":"","parent":"hf8li0aggqw","title":"Impressum","visible":true,"moveMe":false,"hasChildren":false},{"id":"630hwnjuo4c","author":"","crDate":1693906470249,"chDate":1693906485029,"overview":"","parent":"hf8li0aggqw","title":"Datenschutz","visible":true,"moveMe":false,"hasChildren":false},{"id":"gfi60dnoi0o","author":"","crDate":1683293306691,"chDate":1696248157028,"overview":"","parent":"r4vstnssnu8","title":"Farben definieren","visible":true,"moveMe":false,"hasChildren":false},{"id":"l6ony0gqqw0","author":"","crDate":1696254959351,"chDate":1696254965988,"overview":"","parent":"gfi60dnoi0o","title":"Verlauf","visible":true,"moveMe":false,"hasChildren":false},{"id":"6d60aafar3k","author":"","crDate":1696402471678,"chDate":1696407755985,"overview":"","parent":"gfi60dnoi0o","title":"Pattern","visible":true,"moveMe":false,"hasChildren":false},{"id":"p9nieo0jq1s","author":"","crDate":1696254396954,"chDate":1696414006587,"overview":"","parent":"r4vstnssnu8","title":"Linien definieren","visible":true,"moveMe":false,"hasChildren":false},{"id":"dec8jd9nkmo","author":"","crDate":1706513206665,"chDate":1706513996709,"overview":"","parent":"rad5i4een68","title":"Alternativen","visible":true,"hasChildren":false,"moveMe":false},{"id":"4e9gkac6tdq","author":"","crDate":1683294559122,"chDate":1710944305120,"overview":"","parent":"rad5i4een68","title":"Hosting","visible":true,"moveMe":false,"hasChildren":false},{"id":"j25dx4dilt4","author":"","crDate":1701444299380,"chDate":1707315310315,"overview":"","parent":"7irj930fi1k","title":"Date()","visible":true,"hasChildren":false,"moveMe":false},{"id":"2ykn4jz2b3y","author":"","crDate":1708677696171,"chDate":1708677699778,"overview":"","parent":"7irj930fi1k","title":"URL()","visible":false,"hasChildren":false,"moveMe":false},{"id":"76i2wkf3agk","author":"","crDate":1701444310756,"chDate":1707315864316,"overview":"","parent":"7irj930fi1k","title":"Window()","visible":true,"hasChildren":false,"moveMe":false},{"id":"pxnlya7hwds","author":"","crDate":1701444319003,"chDate":1701444349992,"overview":"","parent":"7irj930fi1k","title":"Regexp()","visible":false,"hasChildren":false,"moveMe":false},{"id":"eu0n3cng6zc","author":"","crDate":1707478409246,"chDate":1707478553278,"overview":"","parent":"7irj930fi1k","title":"Headers()","visible":true,"hasChildren":false,"moveMe":false},{"id":"ay4frq8s1hc","author":"","crDate":1701444325442,"chDate":1707316365262,"overview":"","parent":"7irj930fi1k","title":"FormData()","visible":true,"hasChildren":false,"moveMe":false},{"id":"3svz1h6oydo","author":"","crDate":1701444370783,"chDate":1707391028682,"overview":"","parent":"7irj930fi1k","title":"Error()","visible":true,"hasChildren":false,"moveMe":false},{"id":"hhma057hew0","author":"","crDate":1701444436779,"chDate":1707395592867,"overview":"","parent":"7irj930fi1k","title":"Typisierte Arrays","visible":true,"hasChildren":false,"moveMe":false},{"id":"35xwt9v4bfg","author":"","crDate":1701444465961,"chDate":1701444481719,"overview":"","parent":"7irj930fi1k","title":"DataView()","visible":false,"hasChildren":false,"moveMe":false},{"id":"mdotyqw3wow","author":"","crDate":1701444380887,"chDate":1701444384989,"overview":"","parent":"7irj930fi1k","title":"Symbol()","visible":false,"hasChildren":false,"moveMe":false},{"id":"p3f4w34kebk","author":"","crDate":1701444548466,"chDate":1701444590167,"overview":"","parent":"7irj930fi1k","title":"Intl()","visible":false,"hasChildren":false,"moveMe":false},{"id":"pt0ybdm3g40","author":"","crDate":1695815497650,"chDate":1695815507379,"overview":"","parent":"d2sko4i57qw","title":"Blendmodes","visible":true,"moveMe":false,"hasChildren":false},{"id":"i30d43ucxqw","author":"","crDate":1683295367957,"chDate":1683295373211,"overview":"","parent":"c167zhpbrw8","title":"Try-Catch","visible":false,"moveMe":false,"hasChildren":false},{"id":"o6wlw68jx3k","author":"","crDate":1683210470365,"chDate":1710766772528,"overview":"","parent":"qumuydb1ynk","title":"socket.io","visible":false,"moveMe":false,"hasChildren":false},{"id":"1xjxa6u1sb8","author":"","crDate":1683294458264,"chDate":1698235979468,"overview":"","parent":"3b8j0j3l1qi","title":"Komponenten","visible":true,"moveMe":false,"hasChildren":false},{"id":"law2du9oahc","author":"","crDate":1713777989003,"chDate":1713778036682,"overview":"","parent":"3b8j0j3l1qi","title":"Routing","visible":true,"hasChildren":false,"moveMe":false},{"id":"fk99awp9ss0","author":"","crDate":1698042869409,"chDate":1698042876156,"overview":"","parent":"qcwkd0jf740","title":"Domain Driven Design","visible":false,"moveMe":false,"hasChildren":false},{"id":"kadepatq91c","author":"","crDate":1683295588887,"chDate":1715347270130,"overview":"","parent":"qcwkd0jf740","title":"MVC","visible":true,"moveMe":false,"hasChildren":false},{"id":"lmm1mk69keo","author":"","crDate":1715352503350,"chDate":1715352514558,"overview":"","parent":"c5l48kr8mgg","title":"Factory","visible":true,"hasChildren":false,"showContentOf":"j0ixdz49eo0","moveMe":false},{"id":"ny9f49t64a8","author":"","crDate":1683295677314,"chDate":1715863871138,"overview":"","parent":"c5l48kr8mgg","title":"Prototype","visible":true,"moveMe":false,"hasChildren":false},{"id":"88yy5smhrns","author":"","crDate":1683295635785,"chDate":1715774732094,"overview":"","parent":"c5l48kr8mgg","title":"Singleton","visible":true,"moveMe":false,"hasChildren":false},{"id":"h6ociajj7zs","author":"","crDate":1683295998791,"chDate":1715692437812,"overview":"","parent":"c5l48kr8mgg","title":"Template Static","visible":true,"moveMe":false,"hasChildren":false},{"id":"6r9otct71hs","author":"","crDate":1683295598413,"chDate":1715350972875,"overview":"","parent":"ata8ozgy640","title":"Observer","visible":true,"moveMe":false,"hasChildren":false},{"id":"lxvhak3jjwg","author":"","crDate":1721913417496,"chDate":1721914802106,"overview":"","parent":"ata8ozgy640","title":"Attribute Export","visible":true,"hasChildren":false,"moveMe":false},{"id":"n2zbdpdui8g","author":"","crDate":1683295842197,"chDate":1715866076985,"overview":"","parent":"ata8ozgy640","title":"Commander","visible":true,"moveMe":false,"hasChildren":false},{"id":"2ujvdcyxlvo","author":"","crDate":1715779691795,"chDate":1715942798943,"overview":"","parent":"c5l48kr8mgg","title":"Mixin","visible":true,"hasChildren":false,"moveMe":false},{"id":"bn62qagy1ls","author":"","crDate":1715867402277,"chDate":1716297963103,"overview":"","parent":"c5l48kr8mgg","title":"DOM-Component","visible":true,"hasChildren":false,"moveMe":false},{"id":"bwo7yzlio8w","author":"","crDate":1707224284458,"chDate":1716297862507,"overview":"","parent":"qcwkd0jf740","title":"Abstraction of data sources","visible":false,"hasChildren":false,"moveMe":false},{"id":"ooqtye0xtz4","author":"","crDate":1683295877103,"chDate":1716383146952,"overview":"","parent":"qcwkd0jf740","title":"Mediator","visible":true,"moveMe":false,"hasChildren":false},{"id":"5rtaldw7l3g","author":"","crDate":1683295828830,"chDate":1716450838815,"overview":"","parent":"qcwkd0jf740","title":"Responsibility Chain","visible":true,"moveMe":false,"hasChildren":false},{"id":"9wlsufi7lg8","author":"","crDate":1683295749713,"chDate":1716464110634,"overview":"","parent":"ata8ozgy640","title":"Decorator","visible":true,"moveMe":false,"hasChildren":false},{"id":"besz722mavc","author":"","crDate":1683295809969,"chDate":1716560482558,"overview":"","parent":"c5l48kr8mgg","title":"Flyweight","visible":true,"moveMe":false,"hasChildren":false},{"id":"k02yeqmhdcg","author":"","crDate":1716562365409,"chDate":1716562381016,"overview":"","parent":"c5l48kr8mgg","title":"Prototype-Object","visible":true,"hasChildren":false,"moveMe":false},{"id":"eyoagt1k9iw","author":"","crDate":1683295769247,"chDate":1716810651746,"overview":"","parent":"ata8ozgy640","title":"Facade","visible":true,"moveMe":false,"hasChildren":false},{"id":"ev24fq2sabc","author":"","crDate":1683295940120,"chDate":1716815422386,"overview":"","parent":"ata8ozgy640","title":"Memento","visible":true,"moveMe":false,"hasChildren":false},{"id":"9fyanrgs83g","author":"","crDate":1683294099296,"chDate":1688388328648,"overview":"","parent":"ata8ozgy640","title":"Closures","visible":true,"moveMe":false,"hasChildren":false},{"id":"gsx82spilwg","author":"","crDate":1683295793987,"chDate":1716986264318,"overview":"","parent":"7irj930fi1k","title":"Proxy()","visible":true,"moveMe":false,"hasChildren":false},{"id":"css1gdn8izs","author":"","crDate":1736239374597,"chDate":1736239596420,"overview":"","parent":"7irj930fi1k","title":"TextEncoder()","visible":true,"hasChildren":false,"moveMe":false},{"id":"8gdfqkesud0","author":"","crDate":1714488192930,"chDate":1714488202042,"overview":"","parent":"hlpt9d88dj4","title":"Formen","visible":true,"hasChildren":false,"moveMe":false},{"id":"huiqzgqacog","author":"","crDate":1716822866326,"chDate":1716901398505,"overview":"","parent":"hlpt9d88dj4","title":"Pfad","visible":true,"hasChildren":false,"moveMe":false},{"id":"nj1jf66m2bk","author":"","crDate":1716994076560,"chDate":1716994082143,"overview":"","parent":"hlpt9d88dj4","title":"Texte","visible":true,"hasChildren":false,"moveMe":false},{"id":"asm43q3ibwg","author":"","crDate":1716990166889,"chDate":1716990188685,"overview":"","parent":"hlpt9d88dj4","title":"Bilder","visible":true,"hasChildren":false,"moveMe":false},{"id":"j4rqxf2z1nk","author":"","crDate":1716909205657,"chDate":1717158501021,"overview":"","parent":"bbcmvgrmd40","title":"Füllen","visible":true,"hasChildren":false,"moveMe":false},{"id":"6ldwt4pjkxg","author":"","crDate":1716909233805,"chDate":1716909241044,"overview":"","parent":"bbcmvgrmd40","title":"Kanten","visible":false,"hasChildren":false,"moveMe":false},{"id":"n7yq8g29t4g","author":"","crDate":1716909301044,"chDate":1716909305420,"overview":"","parent":"bbcmvgrmd40","title":"Blendmodes","visible":false,"hasChildren":false,"moveMe":false},{"id":"3yst962ce32","author":"","crDate":1717158550200,"chDate":1720614503231,"overview":"","parent":"bbcmvgrmd40","title":"Filter","visible":true,"hasChildren":false,"moveMe":false},{"id":"ac05kxphq9k","author":"","crDate":1716992292446,"chDate":1716992303794,"overview":"","parent":"im2o9d6qodc","title":"Selektoren","visible":true,"hasChildren":false,"moveMe":false},{"id":"7qac94vsqe4","author":"","crDate":1716818454652,"chDate":1716818461726,"overview":"","parent":"im2o9d6qodc","title":"Gruppieren","visible":true,"hasChildren":false,"moveMe":false},{"id":"ey4gq2rxtao","author":"","crDate":1716822614424,"chDate":1716822623012,"overview":"","parent":"im2o9d6qodc","title":"Organisation","visible":true,"hasChildren":false,"moveMe":false},{"id":"algbcsjpfu0","author":"","crDate":1716991520747,"chDate":1716992613725,"overview":"","parent":"im2o9d6qodc","title":"Referenzierung","visible":true,"hasChildren":false,"moveMe":false},{"id":"hc6oe4xg7bk","author":"","crDate":1716909145895,"chDate":1717762973429,"overview":"","parent":"7g8cicwpw2o","title":"Direkte Animation","visible":true,"hasChildren":false,"moveMe":false},{"id":"42vopqhd89c","author":"","crDate":1717764612567,"chDate":1717764620186,"overview":"","parent":"7g8cicwpw2o","title":"animate","visible":true,"hasChildren":false,"moveMe":false},{"id":"r2ygpve2c34","author":"","crDate":1717766244441,"chDate":1717766263433,"overview":"","parent":"7g8cicwpw2o","title":"Pfad folgen","visible":true,"hasChildren":false,"moveMe":false},{"id":"gt4jd0sgnvs","author":"","crDate":1683295625225,"chDate":1718195476073,"overview":"","parent":"c5l48kr8mgg","title":"Builder","visible":true,"moveMe":false,"hasChildren":false},{"id":"q55kavkna3k","author":"","crDate":1683295689792,"chDate":1720699766102,"overview":"","parent":"c5l48kr8mgg","title":"Adapter","visible":true,"moveMe":false,"hasChildren":false},{"id":"nnznroidztc","author":"","crDate":1720767747218,"chDate":1720767756693,"overview":"","parent":"c5l48kr8mgg","title":"Interface","visible":true,"hasChildren":false,"moveMe":false},{"id":"q2wlgx8lv1c","author":"","crDate":1683295866688,"chDate":1719489362235,"overview":"","parent":"qcwkd0jf740","title":"Iterator","visible":true,"moveMe":false,"hasChildren":false,"showContentOf":"eym9psv2uyg"},{"id":"8a6x5xvd9dk","author":"","crDate":1717574559711,"chDate":1721114885274,"overview":"","parent":"ata8ozgy640","title":"Debouncer","visible":true,"hasChildren":false,"moveMe":false},{"id":"apt4xtk37lk","author":"","crDate":1683295954597,"chDate":1721138304052,"overview":"","parent":"ata8ozgy640","title":"State","visible":true,"moveMe":false,"hasChildren":false},{"id":"1b4tdmmnmbd","author":"","crDate":1725872046758,"chDate":1725872054056,"overview":"","parent":"fojfljafga","title":"Snippets","visible":true,"hasChildren":false,"moveMe":false},{"id":"d9ag302fzk8","author":"","crDate":1725868144551,"chDate":1725875195397,"overview":"","parent":"fojfljafga","title":"Spezielle Dateien","visible":true,"hasChildren":false,"moveMe":false},{"id":"bx0f5rgfo1k","author":"","crDate":1726125968539,"chDate":1726125973347,"overview":"","parent":"ntp3ttruysg","title":"Suchen","visible":false,"hasChildren":false,"moveMe":false},{"id":"on31wljx8ts","author":"","crDate":1754400118846,"chDate":1754400127518,"overview":"","parent":"dagrd2kqaqo","title":"Inferenz","visible":true,"hasChildren":false},{"id":"5zsy8k9z39g","author":"","crDate":1753968372917,"chDate":1754389134417,"overview":"","parent":"dagrd2kqaqo","title":"Interfaces","visible":true,"hasChildren":false,"moveMe":false},{"id":"jz9c53x4imo","author":"","crDate":1754399112692,"chDate":1754399123578,"overview":"","parent":"dagrd2kqaqo","title":"Union Types","visible":true,"hasChildren":false},{"id":"d0y4zagddu0","author":"","crDate":1754387657405,"chDate":1754387668155,"overview":"","parent":"dagrd2kqaqo","title":"Type Alias","visible":true,"hasChildren":false,"moveMe":false},{"id":"anqsa49enrs","author":"","crDate":1753968543951,"chDate":1754395398596,"overview":"","parent":"dagrd2kqaqo","title":"Generics","visible":true,"hasChildren":false,"moveMe":false},{"id":"98glmedsgac","author":"","crDate":1754396550138,"chDate":1754396607000,"overview":"","parent":"dagrd2kqaqo","title":"Utility Types","visible":true,"hasChildren":false},{"id":"b6q7n4d56yw","author":"","crDate":1754304213012,"chDate":1754391072665,"overview":"","parent":"dagrd2kqaqo","title":"Access Modifiers","visible":true,"hasChildren":false,"moveMe":false}]}