{"pages":[{"id":"123","title":"Home","overview":"Erste Seite mit Einführung, krass","crDate":1672518896301,"chDate":1682518896301,"author":"C. Heisch","parent":false,"visible":true,"moveMe":false,"hasChildren":false},{"id":"hf8li0aggqw","author":"","crDate":1693906715354,"chDate":1693906722676,"overview":"","parent":false,"title":"Legal","visible":true,"moveMe":false,"hasChildren":false},{"id":"ndzi38nlsv4","author":"","crDate":1683814451269,"chDate":1683814460892,"overview":"","parent":"123","title":"Alternativen","visible":true,"moveMe":false,"showContentOf":"","hasChildren":false},{"id":"8hre8vttefk","author":"","crDate":1684310816042,"chDate":1684310824177,"overview":"","parent":"123","title":"Stärken","visible":true,"moveMe":false,"showContentOf":"","hasChildren":false},{"id":"lgws4pd974w","author":"","crDate":1683814371790,"chDate":1683814515433,"overview":"","parent":"123","title":"Schwächen","visible":true,"moveMe":false,"hasChildren":false},{"id":"1xhm8fcew3h","author":"","crDate":1683291495000,"chDate":1683291501910,"overview":"","parent":false,"title":"Unklar, was gemeint ist","visible":false,"moveMe":false,"hasChildren":false},{"id":"dm7ikgohrs8","author":"","crDate":1683210290957,"chDate":1683550757256,"overview":"","parent":"123","title":"Einbindung","visible":true,"moveMe":false,"hasChildren":false},{"id":"ov1ktwj884g","author":"","crDate":1683211566024,"chDate":1683552298799,"overview":"","parent":"dm7ikgohrs8","title":"Strict-Modus","visible":true,"moveMe":false,"hasChildren":false},{"id":"13qid6jdvlg","author":"","crDate":1684228800527,"chDate":1684479268958,"overview":"","parent":"dm7ikgohrs8","title":"Script-Attribute","visible":true,"moveMe":false,"hasChildren":false},{"id":"czltk728hz4","author":"","crDate":1683211595212,"chDate":1699884342454,"overview":"","parent":"dm7ikgohrs8","title":"ES6 Modules","visible":true,"moveMe":false,"hasChildren":false},{"id":"7cjmrfm6kds","author":"","crDate":1683211624857,"chDate":1697637745331,"overview":"","parent":"dm7ikgohrs8","title":"CommonJS Modules","visible":false,"moveMe":false,"hasChildren":false},{"id":"axinll49dh4","author":"","crDate":1683211434954,"chDate":1683552264038,"overview":"","parent":"123","title":"Ein- und Ausgabe","visible":true,"moveMe":false,"hasChildren":false},{"id":"k02jbq1m9lc","author":"","crDate":1683211446545,"chDate":1684504157756,"overview":"","parent":"axinll49dh4","title":"Alert","visible":true,"moveMe":false,"hasChildren":false},{"id":"8yfk5lb07es","author":"","crDate":1683211485732,"chDate":1684851325076,"overview":"","parent":"axinll49dh4","title":"Prompt","visible":true,"moveMe":false,"hasChildren":false},{"id":"e0qx92ztj0w","author":"","crDate":1683211494346,"chDate":1684924416830,"overview":"","parent":"axinll49dh4","title":"Confirm","visible":true,"moveMe":false,"hasChildren":false},{"id":"gg7bojfst8w","author":"","crDate":1683211455526,"chDate":1684236863834,"overview":"","parent":"axinll49dh4","title":"Console","visible":true,"moveMe":false,"hasChildren":false},{"id":"h9un3qghdco","author":"","crDate":1682600633015,"chDate":1684736399959,"overview":"","parent":"123","title":"Datenstrukturen","visible":true,"moveMe":false,"hasChildren":false},{"id":"afv8owqnf9c","author":"","crDate":1683203765424,"chDate":1684763118095,"overview":"","parent":"h9un3qghdco","title":"Variablen","visible":true,"moveMe":false,"hasChildren":false},{"id":"2rc3abyyp16","author":"","crDate":1683205785585,"chDate":1685447844778,"overview":"","parent":"h9un3qghdco","title":"Datentypen","visible":true,"moveMe":false,"hasChildren":false},{"id":"7irj930fi1k","author":"","crDate":1701444116130,"chDate":1707312393818,"overview":"","parent":"h9un3qghdco","title":"Native Constructors","visible":true,"moveMe":false,"hasChildren":false},{"id":"dxjgehojtr4","author":"","crDate":1707491115687,"chDate":1707491122182,"overview":"","parent":"7irj930fi1k","title":"CustomEvent()","visible":false,"hasChildren":false},{"id":"fvvlxdysra","author":"","crDate":1685011573419,"chDate":1685011582403,"overview":"","parent":"afv8owqnf9c","title":"Variablennamen","visible":true,"moveMe":false,"hasChildren":false},{"id":"r9wb3x46y1c","author":"","crDate":1683211192147,"chDate":1685447965640,"overview":"","parent":"2rc3abyyp16","title":"Number","visible":true,"moveMe":false,"hasChildren":false},{"id":"g9iuyjfe6jk","author":"","crDate":1683295069101,"chDate":1685626486248,"overview":"","parent":"2rc3abyyp16","title":"BigInt","visible":true,"moveMe":false,"hasChildren":false},{"id":"iyhyloezf2g","author":"","crDate":1683211248260,"chDate":1685628397273,"overview":"","parent":"2rc3abyyp16","title":"String","visible":true,"moveMe":false,"hasChildren":false},{"id":"lgdfmd1wku8","author":"","crDate":1685629667083,"chDate":1685629673098,"overview":"","parent":"iyhyloezf2g","title":"Methoden","visible":true,"moveMe":false,"hasChildren":false},{"id":"qn23zvduvls","author":"","crDate":1683211265424,"chDate":1685964559451,"overview":"","parent":"2rc3abyyp16","title":"Boolean","visible":true,"moveMe":false,"hasChildren":false},{"id":"d1xvc42hcmo","author":"","crDate":1683211275304,"chDate":1685964932120,"overview":"","parent":"2rc3abyyp16","title":"Null","visible":true,"moveMe":false,"hasChildren":false},{"id":"9ll409fabz0","author":"","crDate":1683211282815,"chDate":1685965262263,"overview":"","parent":"2rc3abyyp16","title":"Undefined","visible":true,"moveMe":false,"hasChildren":false},{"id":"7dc2j0v5gc4","author":"","crDate":1683211295373,"chDate":1686046804589,"overview":"","parent":"2rc3abyyp16","title":"Symbol","visible":true,"moveMe":false,"hasChildren":false},{"id":"oc1ux50u1io","author":"","crDate":1683211203363,"chDate":1692366084053,"overview":"","parent":"2rc3abyyp16","title":"Typecasting","visible":true,"moveMe":false,"hasChildren":false},{"id":"o7s3eubj7qo","author":"","crDate":1683211317994,"chDate":1685968953933,"overview":"","parent":"2rc3abyyp16","title":"Array","visible":true,"moveMe":false,"hasChildren":false},{"id":"eqb8ohepyns","author":"","crDate":1683211326560,"chDate":1686317270967,"overview":"","parent":"2rc3abyyp16","title":"Object","visible":true,"moveMe":false,"hasChildren":false},{"id":"lf20far1xm8","author":"","crDate":1683211336855,"chDate":1688990201134,"overview":"","parent":"2rc3abyyp16","title":"Map","visible":true,"moveMe":false,"hasChildren":false},{"id":"8t4ity8iesw","author":"","crDate":1683211345446,"chDate":1692372392304,"overview":"","parent":"2rc3abyyp16","title":"Set","visible":true,"moveMe":false,"hasChildren":false},{"id":"2qzwjtag1jy","author":"","crDate":1684936940762,"chDate":1707226858746,"overview":"","parent":"2rc3abyyp16","title":"Function","visible":true,"moveMe":false,"hasChildren":false},{"id":"cvrvogksq9s","author":"","crDate":1683295280680,"chDate":1688980560302,"overview":"","parent":"2rc3abyyp16","title":"Enums","visible":true,"moveMe":false,"hasChildren":false},{"id":"8nk9tohwfm4","author":"","crDate":1683213909196,"chDate":1707229991372,"overview":"","parent":"2rc3abyyp16","title":"Copy by Reference","visible":true,"moveMe":false,"hasChildren":false},{"id":"loc5pirac2o","author":"","crDate":1683213556796,"chDate":1685630854971,"overview":"","parent":"iyhyloezf2g","title":"Template-Literal","visible":true,"moveMe":false,"hasChildren":false},{"id":"q19c3x2wc40","author":"","crDate":1683213632833,"chDate":1683213636951,"overview":"","parent":"2rc3abyyp16","title":"Prototyping","visible":false,"moveMe":false,"hasChildren":false},{"id":"8n7wrv7z36c","author":"","crDate":1701955751242,"chDate":1701955765638,"overview":"","parent":"o7s3eubj7qo","title":"Erweitern, kürzen","visible":true,"hasChildren":false,"moveMe":false},{"id":"msyulsmnskg","author":"","crDate":1683292526361,"chDate":1686047563044,"overview":"","parent":"o7s3eubj7qo","title":"Im Array suchen","visible":true,"moveMe":false,"hasChildren":false},{"id":"blmarst0f8w","author":"","crDate":1686144254648,"chDate":1686147051791,"overview":"","parent":"o7s3eubj7qo","title":"Iterieren","visible":true,"moveMe":false,"hasChildren":false},{"id":"5sl4vbu3kwo","author":"","crDate":1686147034358,"chDate":1686147043095,"overview":"","parent":"o7s3eubj7qo","title":"Umwandeln","visible":true,"moveMe":false,"hasChildren":false},{"id":"ath5boz7bj4","author":"","crDate":1686145258180,"chDate":1686145267226,"overview":"","parent":"o7s3eubj7qo","title":"Sortieren","visible":true,"moveMe":false,"hasChildren":false},{"id":"qkuu44kaq9c","author":"","crDate":1683213878249,"chDate":1686062656773,"overview":"","parent":"o7s3eubj7qo","title":"Mehrdimensionalität","visible":true,"moveMe":false,"hasChildren":false},{"id":"ay2jrod07yg","author":"","crDate":1683213714830,"chDate":1686142025941,"overview":"","parent":"o7s3eubj7qo","title":"Spread","visible":true,"moveMe":false,"hasChildren":false},{"id":"ju1d49qun1c","author":"","crDate":1683213723301,"chDate":1686312937351,"overview":"","parent":"o7s3eubj7qo","title":"Destructuring","visible":true,"moveMe":false,"hasChildren":false},{"id":"l7hg16ykwkg","author":"","crDate":1686056743506,"chDate":1686665531439,"overview":"","parent":"eqb8ohepyns","title":"Methoden","visible":true,"moveMe":false,"hasChildren":false},{"id":"31wudih4pmi","author":"","crDate":1686744499732,"chDate":1686828237716,"overview":"","parent":"eqb8ohepyns","title":"Getter / Setter","visible":true,"moveMe":false,"hasChildren":false},{"id":"nctwqmxjt00","author":"","crDate":1683213667604,"chDate":1686318629194,"overview":"","parent":"eqb8ohepyns","title":"Iterieren","visible":true,"moveMe":false,"hasChildren":false},{"id":"40fyeato070","author":"","crDate":1683213744834,"chDate":1686723973849,"overview":"","parent":"eqb8ohepyns","title":"Spread","visible":true,"moveMe":false,"hasChildren":false},{"id":"dq87qqueszs","author":"","crDate":1683213765048,"chDate":1686726502417,"overview":"","parent":"eqb8ohepyns","title":"Destructuring","visible":true,"moveMe":false,"hasChildren":false},{"id":"nbm7cujri9c","author":"","crDate":1683213615363,"chDate":1688473748808,"overview":"","parent":"eqb8ohepyns","title":"Klassen","visible":true,"moveMe":false,"hasChildren":false},{"id":"j0ixdz49eo0","author":"","crDate":1683213591631,"chDate":1686924120983,"overview":"","parent":"eqb8ohepyns","title":"Factories","visible":true,"moveMe":false,"hasChildren":false},{"id":"esj1ce8wa6g","author":"","crDate":1683294129859,"chDate":1688474290269,"overview":"","parent":"nbm7cujri9c","title":"Static","visible":true,"moveMe":false,"hasChildren":false},{"id":"mk61qn129kg","author":"","crDate":1683294185404,"chDate":1692278130822,"overview":"","parent":"nbm7cujri9c","title":"(private) Felder","visible":true,"moveMe":false,"hasChildren":false},{"id":"5xdxwu0p8ao","author":"","crDate":1683294237021,"chDate":1688560566128,"overview":"","parent":"nbm7cujri9c","title":"Vererbung","visible":true,"moveMe":false,"hasChildren":false},{"id":"qbb3d5b1klc","author":"","crDate":1683213951797,"chDate":1692279976283,"overview":"","parent":"eqb8ohepyns","title":"Objekte kombinieren","visible":true,"moveMe":false,"hasChildren":false},{"id":"b37rridrwbc","author":"","crDate":1688987989478,"chDate":1688988132512,"overview":"","parent":"eqb8ohepyns","title":"Immutable (freeze)","visible":true,"moveMe":false,"hasChildren":false},{"id":"7pv5if9hmo8","author":"","crDate":1683203355569,"chDate":1685102201793,"overview":"","parent":"123","title":"Programmablauf","visible":true,"moveMe":false,"hasChildren":false},{"id":"hwkdv7pzmzc","author":"","crDate":1683211534116,"chDate":1685105408577,"overview":"","parent":"7pv5if9hmo8","title":"Ausführungsreihenfolge","visible":true,"moveMe":false,"hasChildren":false},{"id":"kkzvlufblw0","author":"","crDate":1683211054150,"chDate":1685110317986,"overview":"","parent":"7pv5if9hmo8","title":"Bedingte Anweisungen","visible":true,"moveMe":false,"hasChildren":false},{"id":"bt02sgj7f48","author":"","crDate":1683211159776,"chDate":1686747583167,"overview":"","parent":"7pv5if9hmo8","title":"Schleifen","visible":true,"moveMe":false,"hasChildren":false},{"id":"e2zsmd4v30g","author":"","crDate":1687353576292,"chDate":1687353581450,"overview":"","parent":"bt02sgj7f48","title":"Fußgesteuert","visible":false,"moveMe":false,"hasChildren":false},{"id":"glerfbez6m0","author":"","crDate":1683292443080,"chDate":1683292447759,"overview":"","parent":"bt02sgj7f48","title":"Schleifensteuerung","visible":false,"moveMe":false,"hasChildren":false},{"id":"beghshki4dk","author":"","crDate":1683205819348,"chDate":1686727272439,"overview":"","parent":"7pv5if9hmo8","title":"Funktionen","visible":true,"moveMe":false,"hasChildren":false},{"id":"pnawq4b7bu","author":"","crDate":1686734104590,"chDate":1687355533400,"overview":"","parent":"beghshki4dk","title":"Klassische Funktion","visible":true,"moveMe":false,"hasChildren":false},{"id":"2ovrrip34v6","author":"","crDate":1683213830278,"chDate":1683213836220,"overview":"","parent":"beghshki4dk","title":"Rest-Parameter","visible":false,"moveMe":false,"hasChildren":false},{"id":"7xn8eknlhzo","author":"","crDate":1683292880446,"chDate":1683292886067,"overview":"","parent":"beghshki4dk","title":"Zeitsteuerung","visible":false,"moveMe":false,"hasChildren":false},{"id":"7blh970d3h4","author":"","crDate":1683213784556,"chDate":1686727277014,"overview":"","parent":"beghshki4dk","title":"Named Arguments","visible":true,"moveMe":false,"hasChildren":false},{"id":"c64y298se3s","author":"","crDate":1683293947428,"chDate":1683293994276,"overview":"","parent":"beghshki4dk","title":"Ausführungsfrequenz einschränken","visible":false,"moveMe":false,"hasChildren":false},{"id":"gtoy523jz6w","author":"","crDate":1683213529726,"chDate":1688388321394,"overview":"","parent":"beghshki4dk","title":"This-Binding","visible":false,"moveMe":false,"hasChildren":false},{"id":"fxvhm7ymam0","author":"","crDate":1683210492001,"chDate":1688731666727,"overview":"","parent":"7pv5if9hmo8","title":"Promises","visible":true,"moveMe":false,"hasChildren":false},{"id":"d18emf9il3c","author":"","crDate":1683293613442,"chDate":1692365986315,"overview":"","parent":"fxvhm7ymam0","title":"Chaining","visible":true,"moveMe":false,"hasChildren":false},{"id":"e6gfh2zcqd.i","author":"","crDate":1683293641005,"chDate":1693911825807,"overview":"","parent":"fxvhm7ymam0","title":"Mehrere Promises","visible":false,"moveMe":false,"hasChildren":false},{"id":"k8v1ojbhwkw","author":"","crDate":1683293663498,"chDate":1693913201005,"overview":"","parent":"fxvhm7ymam0","title":"Async Await","visible":false,"moveMe":false,"hasChildren":false},{"id":"eym9psv2uyg","author":"","crDate":1683211008195,"chDate":1683211012642,"overview":"","parent":"7pv5if9hmo8","title":"Iteratoren","visible":false,"moveMe":false,"hasChildren":false},{"id":"1vdxhkztelf","author":"","crDate":1683211023066,"chDate":1683211026192,"overview":"","parent":"eym9psv2uyg","title":"Generatoren","visible":false,"moveMe":false,"hasChildren":false},{"id":"lvtg0w9r5ww","author":"","crDate":1683210428338,"chDate":1683210431345,"overview":"","parent":"7pv5if9hmo8","title":"Webworker","visible":false,"moveMe":false,"hasChildren":false},{"id":"l97j1vn62cw","author":"","crDate":1683210417547,"chDate":1683210422154,"overview":"","parent":"7pv5if9hmo8","title":"Serviceworker","visible":false,"moveMe":false,"hasChildren":false},{"id":"3qwrj4yq58e","author":"","crDate":1683213074629,"chDate":1683213083090,"overview":"","parent":"l97j1vn62cw","title":"Push-Notifications","visible":false,"moveMe":false,"hasChildren":false},{"id":"djuud9eltbc","author":"","crDate":1682684253200,"chDate":1691417169801,"overview":"","parent":"123","title":"DOM","visible":true,"moveMe":false,"hasChildren":false},{"id":"l6c3jx05uq8","author":"","crDate":1683293770885,"chDate":1693922437930,"overview":"","parent":"123","title":"Strukturierte Daten","visible":true,"moveMe":false,"hasChildren":false},{"id":"6oa96dgj15s","author":"","crDate":1683210917888,"chDate":1702043978143,"overview":"","parent":"123","title":"Lokal speichern","visible":true,"moveMe":false,"hasChildren":false},{"id":"nwizdxuials","author":"","crDate":1683210931870,"chDate":1702045678142,"overview":"","parent":"6oa96dgj15s","title":"Cookies","visible":true,"moveMe":false,"hasChildren":false},{"id":"7pktk3r5v84","author":"","crDate":1683296104129,"chDate":1683296112055,"overview":"","parent":"nwizdxuials","title":"Cookie-Richtlinien","visible":false,"moveMe":false,"hasChildren":false},{"id":"evmfbmafrdc","author":"","crDate":1683210943188,"chDate":1702045695749,"overview":"","parent":"6oa96dgj15s","title":"Webstorage","visible":true,"moveMe":false,"hasChildren":false},{"id":"hx773up6k6w","author":"","crDate":1702047222915,"chDate":1702298798018,"overview":"","parent":"evmfbmafrdc","title":"Localstorage","visible":true,"hasChildren":false,"moveMe":false},{"id":"393ifc8iee0","author":"","crDate":1702047232602,"chDate":1702298055265,"overview":"","parent":"evmfbmafrdc","title":"Sessionstorage","visible":true,"hasChildren":false,"moveMe":false},{"id":"ntp3ttruysg","author":"","crDate":1683210971752,"chDate":1683210985959,"overview":"","parent":"6oa96dgj15s","title":"Indexed DB","visible":false,"moveMe":false,"hasChildren":false},{"id":"5g7k2blx48o","author":"","crDate":1683210325080,"chDate":1695815561109,"overview":"","parent":"123","title":"Canvas","visible":true,"moveMe":false,"hasChildren":false},{"id":"8gen8h5kt2w","author":"","crDate":1696247168664,"chDate":1696247171718,"overview":"","parent":"123","title":"SVG","visible":false,"moveMe":false,"hasChildren":false},{"id":"pik7rdk2tz4","author":"","crDate":1683210348973,"chDate":1692792792145,"overview":"","parent":"123","title":"Ajax (HTTP)","visible":true,"moveMe":false,"hasChildren":false},{"id":"83wpn189hl0","author":"","crDate":1692792281014,"chDate":1692792293654,"overview":"","parent":"pik7rdk2tz4","title":"Fetch()","visible":true,"moveMe":false,"hasChildren":false},{"id":"n8c1qpa06i8","author":"","crDate":1692792330244,"chDate":1692792341119,"overview":"","parent":"pik7rdk2tz4","title":"XMLHttpRequest()","visible":true,"moveMe":false,"hasChildren":false},{"id":"hryykqgi154","author":"","crDate":1692796877070,"chDate":1692796897865,"overview":"","parent":"pik7rdk2tz4","title":"Headers","visible":true,"moveMe":false,"hasChildren":false},{"id":"r4vstnssnu8","author":"","crDate":1683293080673,"chDate":1695901985731,"overview":"","parent":"5g7k2blx48o","title":"Formen","visible":true,"moveMe":false,"hasChildren":false},{"id":"7lg1656ebac","author":"","crDate":1683293322793,"chDate":1696229636788,"overview":"","parent":"5g7k2blx48o","title":"Text schreiben","visible":true,"moveMe":false,"hasChildren":false},{"id":"99u7g2fdtkc","author":"","crDate":1695901214261,"chDate":1695902276526,"overview":"","parent":"r4vstnssnu8","title":"Bewegen und Linien","visible":true,"moveMe":false,"hasChildren":false},{"id":"cusyeabp41c","author":"","crDate":1695903363405,"chDate":1695903390310,"overview":"","parent":"r4vstnssnu8","title":"Rechteck","visible":true,"moveMe":false,"hasChildren":false},{"id":"6jign3fo7og","author":"","crDate":1695908755144,"chDate":1695908767277,"overview":"","parent":"r4vstnssnu8","title":"Kreis / Oval","visible":true,"moveMe":false,"hasChildren":false},{"id":"8y5ile45aw4","author":"","crDate":1695909287009,"chDate":1695992631328,"overview":"","parent":"r4vstnssnu8","title":"Kurven","visible":true,"moveMe":false,"hasChildren":false},{"id":"lmprjwple28","author":"","crDate":1683293106598,"chDate":1696430447461,"overview":"","parent":"5g7k2blx48o","title":"Bilder setzen","visible":true,"moveMe":false,"hasChildren":false},{"id":"ivz8p8166ao","author":"","crDate":1683293149833,"chDate":1696484303610,"overview":"","parent":"5g7k2blx48o","title":"Transformieren","visible":true,"moveMe":false,"hasChildren":false},{"id":"b957kno4f88","author":"","crDate":1683293228278,"chDate":1696505712972,"overview":"","parent":"5g7k2blx48o","title":"Pixelmanipulation","visible":true,"moveMe":false,"hasChildren":false},{"id":"huqarfl8ncg","author":"","crDate":1683293337071,"chDate":1683293483751,"overview":"","parent":"5g7k2blx48o","title":"Animation","visible":false,"moveMe":false,"hasChildren":false},{"id":"d1ba9trlx6w","author":"","crDate":1701700782474,"chDate":1701776447555,"overview":"","parent":"5g7k2blx48o","title":"Save, Restore","visible":true,"hasChildren":false,"moveMe":false},{"id":"d2sko4i57qw","author":"","crDate":1695820023456,"chDate":1696512275552,"overview":"","parent":"5g7k2blx48o","title":"Effekte","visible":true,"moveMe":false,"hasChildren":false},{"id":"5czehe2nu78","author":"","crDate":1696407174426,"chDate":1696430370348,"overview":"","parent":"5g7k2blx48o","title":"Extras","visible":true,"moveMe":false,"hasChildren":false},{"id":"1pwpq7sme52","author":"","crDate":1696516512650,"chDate":1696516642932,"overview":"","parent":"5g7k2blx48o","title":"Settings","visible":false,"moveMe":false,"hasChildren":false},{"id":"m79v8wqgar4","author":"","crDate":1683205940867,"chDate":1691503907162,"overview":"","parent":"djuud9eltbc","title":"Elemente finden","visible":true,"moveMe":false,"hasChildren":false},{"id":"gkrsglu1c1c","author":"","crDate":1691567522490,"chDate":1691567548932,"overview":"","parent":"djuud9eltbc","title":"Beziehungen","visible":true,"moveMe":false,"hasChildren":false},{"id":"dyxvb9mfax4","author":"","crDate":1683206032383,"chDate":1691499015427,"overview":"","parent":"djuud9eltbc","title":"Elemente erzeugen","visible":true,"moveMe":false,"hasChildren":false},{"id":"ou6g17ee728","author":"","crDate":1683210529180,"chDate":1691562458891,"overview":"","parent":"djuud9eltbc","title":"Kopieren / Verschieben","visible":true,"moveMe":false,"hasChildren":false},{"id":"dg14m2o19nc","author":"","crDate":1691656753700,"chDate":1691656774294,"overview":"","parent":"djuud9eltbc","title":"Löschen","visible":true,"moveMe":false,"hasChildren":false},{"id":"g0r71eljoug","author":"","crDate":1683206060299,"chDate":1691662162070,"overview":"","parent":"djuud9eltbc","title":"Eventlistener","visible":true,"moveMe":false,"hasChildren":false},{"id":"i6kfe6oro9c","author":"","crDate":1683293027137,"chDate":1691675693262,"overview":"","parent":"g0r71eljoug","title":"Liste der Events","visible":true,"moveMe":false,"hasChildren":false},{"id":"l4cb8ygtr00","author":"","crDate":1683293054981,"chDate":1692191522103,"overview":"","parent":"g0r71eljoug","title":"Event-Objekt","visible":true,"moveMe":false,"hasChildren":false},{"id":"4unslwcgjgu","author":"","crDate":1692195934839,"chDate":1692195965840,"overview":"","parent":"g0r71eljoug","title":"Bubbling","visible":true,"moveMe":false,"hasChildren":false},{"id":"qdlsbtioj5s","author":"","crDate":1683213007360,"chDate":1693994745415,"overview":"","parent":"djuud9eltbc","title":"Eingabe","visible":true,"moveMe":false,"hasChildren":false},{"id":"iqwoyr92sqw","author":"","crDate":1693995356932,"chDate":1694009127500,"overview":"","parent":"qdlsbtioj5s","title":"Input","visible":true,"moveMe":false,"hasChildren":false},{"id":"19ngpvaphac","author":"","crDate":1694007270232,"chDate":1694505678760,"overview":"","parent":"qdlsbtioj5s","title":"File","visible":true,"moveMe":false,"hasChildren":false},{"id":"1pu120f1qyg","author":"","crDate":1694007259408,"chDate":1694438530032,"overview":"","parent":"qdlsbtioj5s","title":"Farbe","visible":true,"moveMe":false,"hasChildren":false},{"id":"9vetaaesv0w","author":"","crDate":1694007240625,"chDate":1694086836750,"overview":"","parent":"qdlsbtioj5s","title":"Zeit / Datum","visible":true,"moveMe":false,"hasChildren":false},{"id":"34wgpzyszco","author":"","crDate":1694003675849,"chDate":1694077086327,"overview":"","parent":"qdlsbtioj5s","title":"Checkbox","visible":true,"moveMe":false,"hasChildren":false},{"id":"ntevg8wzfq8","author":"","crDate":1694003777170,"chDate":1694079763719,"overview":"","parent":"qdlsbtioj5s","title":"Radio","visible":true,"moveMe":false,"hasChildren":false},{"id":"n0pbyop26ps","author":"","crDate":1694007299910,"chDate":1694073327246,"overview":"","parent":"qdlsbtioj5s","title":"Range","visible":true,"moveMe":false,"hasChildren":false},{"id":"j2nyfaaj3qg","author":"","crDate":1694003588168,"chDate":1694003592279,"overview":"","parent":"qdlsbtioj5s","title":"Buttons","visible":false,"moveMe":false,"hasChildren":false},{"id":"gyhjn2djog0","author":"","crDate":1693994693628,"chDate":1693994704016,"overview":"","parent":"qdlsbtioj5s","title":"Eventlistener","visible":true,"showContentOf":"g0r71eljoug","moveMe":false,"hasChildren":false},{"id":"gtx9gyie8qw","author":"","crDate":1694077621834,"chDate":1694077654749,"overview":"","parent":"qdlsbtioj5s","title":"name-Attribut","visible":false,"moveMe":false,"hasChildren":false},{"id":"qa1ag04ceuo","author":"","crDate":1683292938127,"chDate":1683292949738,"overview":"","parent":"djuud9eltbc","title":"CSS-Klassen","visible":false,"moveMe":false,"hasChildren":false},{"id":"bl0yvh9k5q8","author":"","crDate":1683292957019,"chDate":1683292963560,"overview":"","parent":"djuud9eltbc","title":"Style","visible":false,"moveMe":false,"hasChildren":false},{"id":"hyiwpuojgx4","author":"","crDate":1683296439172,"chDate":1683296443829,"overview":"","parent":"djuud9eltbc","title":"Matchmedia","visible":false,"moveMe":false,"hasChildren":false},{"id":"dpf0bwa187k","author":"","crDate":1683295536525,"chDate":1695300812559,"overview":"","parent":"djuud9eltbc","title":"Scrolling","visible":true,"moveMe":false,"hasChildren":false},{"id":"h961ihfyteo","author":"","crDate":1683296062958,"chDate":1692618599259,"overview":"","parent":"djuud9eltbc","title":"Observer","visible":true,"moveMe":false,"hasChildren":false},{"id":"hldl5di9ze0","author":"","crDate":1683293869247,"chDate":1683293873439,"overview":"","parent":"djuud9eltbc","title":"Drag n Drop","visible":false,"moveMe":false,"hasChildren":false},{"id":"g358z46z4ns","author":"","crDate":1685625994660,"chDate":1685626004114,"overview":"","parent":"djuud9eltbc","title":"Mediaqueries","visible":false,"moveMe":false,"hasChildren":false},{"id":"qemkobfhscw","author":"","crDate":1701443029772,"chDate":1706104268102,"overview":"","parent":"djuud9eltbc","title":"Web Components","visible":true,"moveMe":false,"hasChildren":false},{"id":"19jbt1lfrar","author":"","crDate":1706106761668,"chDate":1706278337660,"overview":"","parent":"qemkobfhscw","title":"Parameter","visible":true,"hasChildren":false,"moveMe":false},{"id":"1mkj6rgwqhq","author":"","crDate":1707489959373,"chDate":1707489968653,"overview":"","parent":"qemkobfhscw","title":"Eventlistener","visible":true,"hasChildren":false},{"id":"c3aehh6xqio","author":"","crDate":1706281344227,"chDate":1706281905193,"overview":"","parent":"qemkobfhscw","title":"Built in Methods","visible":true,"hasChildren":false,"moveMe":false},{"id":"ic5q812qu0g","author":"","crDate":1706102098071,"chDate":1706102104807,"overview":"","parent":"qemkobfhscw","title":"Beispiel","visible":true,"hasChildren":false,"moveMe":false},{"id":"d73vniizepk","author":"","crDate":1701960505588,"chDate":1706105249000,"overview":"","parent":"qemkobfhscw","title":"Libraries","visible":true,"hasChildren":false,"moveMe":false},{"id":"pmynxglbp1s","author":"","crDate":1683296141276,"chDate":1692619371932,"overview":"","parent":"h961ihfyteo","title":"Intersection-Observer","visible":true,"moveMe":false,"hasChildren":false},{"id":"1awb94rvoea","author":"","crDate":1683296156649,"chDate":1692623823979,"overview":"","parent":"h961ihfyteo","title":"Mutation-Observer","visible":true,"moveMe":false,"hasChildren":false},{"id":"o8l4uxo5m00","author":"","crDate":1683296171743,"chDate":1692884833100,"overview":"","parent":"h961ihfyteo","title":"Resize-Observer","visible":true,"moveMe":false,"hasChildren":false},{"id":"m95y90m5xo0","author":"","crDate":1692618938245,"chDate":1692618944933,"overview":"","parent":"h961ihfyteo","title":"Eigener Observer","visible":false,"moveMe":false,"hasChildren":false},{"id":"rad5i4een68","author":"","crDate":1683209584973,"chDate":1687864978845,"overview":"","parent":"123","title":"NodeJS","visible":true,"moveMe":false,"hasChildren":false},{"id":"9c67q3yydlg","author":"","crDate":1693982868901,"chDate":1693982878763,"overview":"","parent":"rad5i4een68","title":"Terminalbefehle","visible":true,"moveMe":false,"hasChildren":false},{"id":"nqfm5up5c80","author":"","crDate":1693977090434,"chDate":1693977103500,"overview":"","parent":"rad5i4een68","title":"Environment Variablen","visible":true,"moveMe":false,"hasChildren":false},{"id":"a5v7sv20fds","author":"","crDate":1683203583026,"chDate":1688563077859,"overview":"","parent":"123","title":"Bibliotheken","visible":true,"moveMe":false,"hasChildren":false},{"id":"79brc3vgato","author":"","crDate":1683203611172,"chDate":1683203615118,"overview":"","parent":"a5v7sv20fds","title":"jQuery","visible":false,"moveMe":false,"hasChildren":false},{"id":"ek6my0nl9qo","author":"","crDate":1683203620197,"chDate":1693309575917,"overview":"","parent":"a5v7sv20fds","title":"React","visible":true,"moveMe":false,"hasChildren":false},{"id":"jj642qw08qo","author":"","crDate":1683294043215,"chDate":1693305894247,"overview":"","parent":"ek6my0nl9qo","title":"Installation","visible":true,"moveMe":false,"hasChildren":false},{"id":"itqk72vfwps","author":"","crDate":1683294065708,"chDate":1693314547923,"overview":"","parent":"ek6my0nl9qo","title":"Components","visible":true,"moveMe":false,"hasChildren":false},{"id":"nb3zt6bvntc","author":"","crDate":1683294476252,"chDate":1683294481835,"overview":"","parent":"ek6my0nl9qo","title":"File Based Components","visible":false,"moveMe":false,"hasChildren":false},{"id":"90a9dw73n9w","author":"","crDate":1693313347238,"chDate":1693568255544,"overview":"","parent":"ek6my0nl9qo","title":"Bilder einbinden","visible":true,"moveMe":false,"hasChildren":false},{"id":"5svnsvidalc","author":"","crDate":1698160388755,"chDate":1703077189324,"overview":"","parent":"ek6my0nl9qo","title":"Dateien importieren","visible":true,"moveMe":false,"hasChildren":false},{"id":"7q8eyqlykgs","author":"","crDate":1693563078710,"chDate":1693564132869,"overview":"","parent":"ek6my0nl9qo","title":"Expressions","visible":true,"moveMe":false,"hasChildren":false},{"id":"jgss43vqjrk","author":"","crDate":1693314551775,"chDate":1693564977769,"overview":"","parent":"ek6my0nl9qo","title":"Eventlistener","visible":true,"moveMe":false,"hasChildren":false},{"id":"p8lwhabtbgw","author":"","crDate":1693314574796,"chDate":1693314587308,"overview":"","parent":"ek6my0nl9qo","title":"Hooks","visible":false,"moveMe":false,"hasChildren":false},{"id":"ot3lkam3yhs","author":"","crDate":1683295091610,"chDate":1703072138559,"overview":"","parent":"ek6my0nl9qo","title":"Routing","visible":true,"moveMe":false,"hasChildren":false},{"id":"h43qelmbg7c","author":"","crDate":1693309972653,"chDate":1693313742156,"overview":"","parent":"ek6my0nl9qo","title":"Mehr ...","visible":false,"moveMe":false,"hasChildren":false},{"id":"cnvwan3mbnk","author":"","crDate":1683203626291,"chDate":1693388692494,"overview":"","parent":"a5v7sv20fds","title":"Vue","visible":true,"moveMe":false,"hasChildren":false},{"id":"3va9ex1o51m","author":"","crDate":1693395194729,"chDate":1693395205143,"overview":"","parent":"cnvwan3mbnk","title":"Expressions","visible":true,"moveMe":false,"hasChildren":false},{"id":"2423jhtuv9z","author":"","crDate":1683294594045,"chDate":1693394935866,"overview":"","parent":"cnvwan3mbnk","title":"Lokale Variablen","visible":true,"moveMe":false,"hasChildren":false},{"id":"i4cpkaj0dbc","author":"","crDate":1683294583094,"chDate":1693396703667,"overview":"","parent":"cnvwan3mbnk","title":"Methoden","visible":true,"moveMe":false,"hasChildren":false},{"id":"gs35bu20e34","author":"","crDate":1693396872618,"chDate":1693396880381,"overview":"","parent":"cnvwan3mbnk","title":"Computed","visible":true,"moveMe":false,"hasChildren":false},{"id":"jkbpza2kifc","author":"","crDate":1683294399496,"chDate":1693400494411,"overview":"","parent":"cnvwan3mbnk","title":"Direktiven","visible":true,"moveMe":false,"hasChildren":false},{"id":"1xjxa6u1sb8","author":"","crDate":1683294458264,"chDate":1698235979468,"overview":"","parent":"cnvwan3mbnk","title":"Komponenten","visible":true,"moveMe":false,"hasChildren":false},{"id":"3b8j0j3l1qi","author":"","crDate":1703165109351,"chDate":1703165118278,"overview":"","parent":"1xjxa6u1sb8","title":"Vue CLI","visible":true,"hasChildren":false,"moveMe":false},{"id":"nzoxlf2e8w0","author":"","crDate":1698246758697,"chDate":1703168624544,"overview":"","parent":"1xjxa6u1sb8","title":"Komponenten verbinden","visible":false,"moveMe":false,"hasChildren":false},{"id":"ozjbrvgxgw0","author":"","crDate":1703158202892,"chDate":1703158231488,"overview":"","parent":"1xjxa6u1sb8","title":"Dateien laden","visible":true,"hasChildren":false,"moveMe":false},{"id":"nqd0ameda4g","author":"","crDate":1698236233387,"chDate":1698246681462,"overview":"","parent":"1xjxa6u1sb8","title":"Einbindung","visible":true,"moveMe":false,"hasChildren":false},{"id":"1nl23xkdeid","author":"","crDate":1683295106063,"chDate":1683295108575,"overview":"","parent":"cnvwan3mbnk","title":"Routen","visible":false,"moveMe":false,"hasChildren":false},{"id":"qhcs8145q0g","author":"","crDate":1683203640830,"chDate":1683292183099,"overview":"","parent":"a5v7sv20fds","title":"Andere","visible":false,"moveMe":false,"hasChildren":false},{"id":"garwjqbwbag","author":"","crDate":1683203630379,"chDate":1688563674470,"overview":"","parent":"a5v7sv20fds","title":"Eigene Bibliothek","visible":true,"moveMe":false,"hasChildren":false},{"id":"6mqkxs5iyp4","author":"","crDate":1683295191423,"chDate":1683295193971,"overview":"","parent":"garwjqbwbag","title":"Axios","visible":false,"moveMe":false,"hasChildren":false},{"id":"dly917rkzzc","author":"","crDate":1683295183837,"chDate":1683295186307,"overview":"","parent":"garwjqbwbag","title":"Chance","visible":false,"moveMe":false,"hasChildren":false},{"id":"b8930wt5hmg","author":"","crDate":1683203372798,"chDate":1683550845908,"overview":"","parent":"123","title":"Anhang","visible":true,"moveMe":false,"hasChildren":false},{"id":"fcce6wgq908","author":"","crDate":1698054417436,"chDate":1698054442384,"overview":"","parent":"b8930wt5hmg","title":"GIT","visible":true,"moveMe":false,"hasChildren":false},{"id":"lg4p8tufbow","author":"","crDate":1698146783539,"chDate":1698146833895,"overview":"","parent":"fcce6wgq908","title":"Commit","visible":true,"moveMe":false,"hasChildren":false},{"id":"ftfxtbv77w8","author":"","crDate":1698074225187,"chDate":1698074237863,"overview":"","parent":"fcce6wgq908","title":"gitignore","visible":true,"moveMe":false,"hasChildren":false},{"id":"ptutehb5ouo","author":"","crDate":1698054446250,"chDate":1698054459757,"overview":"","parent":"fcce6wgq908","title":"GitHub / GitLab","visible":true,"moveMe":false,"hasChildren":false},{"id":"f6i8pdu6o3k","author":"","crDate":1686639430482,"chDate":1686639437065,"overview":"","parent":"b8930wt5hmg","title":"AI","visible":true,"moveMe":false,"hasChildren":false},{"id":"n2o6pmwpkuo","author":"","crDate":1686640181042,"chDate":1686640200777,"overview":"","parent":"f6i8pdu6o3k","title":"Large Language Models","visible":true,"moveMe":false,"hasChildren":false},{"id":"14qjxpf3vzo","author":"","crDate":1686651746946,"chDate":1686651765824,"overview":"","parent":"f6i8pdu6o3k","title":"Autovervollständiger","visible":true,"moveMe":false,"hasChildren":false},{"id":"7xmxbbuzk64","author":"","crDate":1686653098605,"chDate":1698067439464,"overview":"","parent":"f6i8pdu6o3k","title":"Text","visible":true,"moveMe":false,"hasChildren":false},{"id":"qoi29m59wcg","author":"","crDate":1698048527753,"chDate":1698048535488,"overview":"","parent":"f6i8pdu6o3k","title":"Prototyping","visible":true,"moveMe":false,"hasChildren":false},{"id":"7qtb2zmnx8w","author":"","crDate":1698042889101,"chDate":1698042896403,"overview":"","parent":"f6i8pdu6o3k","title":"Bilder","visible":true,"moveMe":false,"hasChildren":false},{"id":"j9c5ma2qrts","author":"","crDate":1698067547602,"chDate":1698067557311,"overview":"","parent":"f6i8pdu6o3k","title":"Präsentationen","visible":true,"moveMe":false,"hasChildren":false},{"id":"m8p2dnl0kq8","author":"","crDate":1693481987415,"chDate":1693481997451,"overview":"","parent":"f6i8pdu6o3k","title":"Audio","visible":true,"moveMe":false,"hasChildren":false},{"id":"e7vsu6tt8aw","author":"","crDate":1706539775978,"chDate":1706539784617,"overview":"","parent":"f6i8pdu6o3k","title":"Webseitenanalyse","visible":true,"hasChildren":false,"moveMe":false},{"id":"468w43cutkw","author":"","crDate":1706540460974,"chDate":1706540469571,"overview":"","parent":"f6i8pdu6o3k","title":"Marketing","visible":true,"hasChildren":false,"moveMe":false},{"id":"c7478jg8lyg","author":"","crDate":1683214045945,"chDate":1699541666871,"overview":"","parent":"b8930wt5hmg","title":"Geschichte","visible":true,"moveMe":false,"hasChildren":false},{"id":"gaxsv70fw9k","author":"","crDate":1683214035251,"chDate":1683214039074,"overview":"","parent":"b8930wt5hmg","title":"ECMA-Script","visible":false,"moveMe":false,"hasChildren":false},{"id":"hejmtbrvn7c","author":"","crDate":1683214018541,"chDate":1683214027247,"overview":"","parent":"b8930wt5hmg","title":"Entwicklung von Javascript","visible":false,"moveMe":false,"hasChildren":false},{"id":"ifoc75ua6ew","author":"","crDate":1683213232031,"chDate":1685455835684,"overview":"","parent":"b8930wt5hmg","title":"Problemlösungen","visible":true,"moveMe":false,"hasChildren":false},{"id":"9wel6kqurq8","author":"","crDate":1685455633776,"chDate":1696229462293,"overview":"","parent":"ifoc75ua6ew","title":"3., 4., etc. Wurzel ","visible":true,"moveMe":false,"hasChildren":false},{"id":"2oyuai3agac","author":"","crDate":1683295390745,"chDate":1683295393864,"overview":"","parent":"ifoc75ua6ew","title":"Deep Copy","visible":false,"moveMe":false,"hasChildren":false},{"id":"hwb1gzswgko","author":"","crDate":1683294976299,"chDate":1683294980136,"overview":"","parent":"ifoc75ua6ew","title":"Clipboard","visible":false,"moveMe":false,"hasChildren":false},{"id":"qhyneiwuasw","author":"","crDate":1683213464763,"chDate":1683213477294,"overview":"","parent":"ifoc75ua6ew","title":"Zufallszahlen","visible":false,"moveMe":false,"hasChildren":false},{"id":"3e5bkzg90jg","author":"","crDate":1683213488668,"chDate":1697638000010,"overview":"","parent":"ifoc75ua6ew","title":"file-input Dateien anzeigen","visible":true,"moveMe":false,"hasChildren":false},{"id":"80d4ht9y3ks","author":"","crDate":1683296491660,"chDate":1683296498522,"overview":"","parent":"ifoc75ua6ew","title":"Canvas als Bild speichern","visible":false,"moveMe":false,"hasChildren":false},{"id":"92gtzhhodb4","author":"","crDate":1683296505298,"chDate":1683296514337,"overview":"","parent":"ifoc75ua6ew","title":"Text als Datei speichern","visible":false,"moveMe":false,"hasChildren":false},{"id":"8v8mk7p307g","author":"","crDate":1683296537806,"chDate":1683296548220,"overview":"","parent":"ifoc75ua6ew","title":"Mausposition lesen","visible":false,"moveMe":false,"hasChildren":false},{"id":"15zomy7n27n","author":"","crDate":1683296644209,"chDate":1683296648470,"overview":"","parent":"ifoc75ua6ew","title":"Array mischen","visible":false,"moveMe":false,"hasChildren":false},{"id":"pud2012p95c","author":"","crDate":1683205850079,"chDate":1688389969186,"overview":"","parent":"b8930wt5hmg","title":"Coding Patterns","visible":true,"moveMe":false,"hasChildren":false},{"id":"jn3a7q8nz5c","author":"","crDate":1706866553481,"chDate":1706870256340,"overview":"","parent":"b8930wt5hmg","title":"Anfänger erkennen","visible":false,"hasChildren":false,"moveMe":false},{"id":"daxadqlzwc0","author":"","crDate":1705071426226,"chDate":1705071437729,"overview":"","parent":"b8930wt5hmg","title":"Browsersteuerung","visible":true,"hasChildren":false,"moveMe":false},{"id":"fk99awp9ss0","author":"","crDate":1698042869409,"chDate":1698042876156,"overview":"","parent":"pud2012p95c","title":"Domain Driven Design","visible":false,"moveMe":false,"hasChildren":false},{"id":"kadepatq91c","author":"","crDate":1683295588887,"chDate":1683295591157,"overview":"","parent":"pud2012p95c","title":"MVC","visible":false,"moveMe":false,"hasChildren":false},{"id":"9fyanrgs83g","author":"","crDate":1683294099296,"chDate":1688388328648,"overview":"","parent":"pud2012p95c","title":"Closures","visible":true,"moveMe":false,"hasChildren":false},{"id":"bwo7yzlio8w","author":"","crDate":1707224284458,"chDate":1707224307080,"overview":"","parent":"pud2012p95c","title":"Abstraction of data sources","visible":false,"hasChildren":false,"moveMe":false},{"id":"6r9otct71hs","author":"","crDate":1683295598413,"chDate":1683295604740,"overview":"","parent":"pud2012p95c","title":"Observer","visible":false,"moveMe":false,"hasChildren":false},{"id":"6be9edpuh94","author":"","crDate":1683295611436,"chDate":1683295619066,"overview":"","parent":"pud2012p95c","title":"Abstract Factory","visible":false,"moveMe":false,"hasChildren":false},{"id":"gt4jd0sgnvs","author":"","crDate":1683295625225,"chDate":1683295629689,"overview":"","parent":"pud2012p95c","title":"Builder","visible":false,"moveMe":false,"hasChildren":false},{"id":"88yy5smhrns","author":"","crDate":1683295635785,"chDate":1683295642462,"overview":"","parent":"pud2012p95c","title":"Singleton","visible":false,"moveMe":false,"hasChildren":false},{"id":"ny9f49t64a8","author":"","crDate":1683295677314,"chDate":1683295680673,"overview":"","parent":"pud2012p95c","title":"Prototype","visible":false,"moveMe":false,"hasChildren":false},{"id":"q55kavkna3k","author":"","crDate":1683295689792,"chDate":1683295693976,"overview":"","parent":"pud2012p95c","title":"Adapter","visible":false,"moveMe":false,"hasChildren":false},{"id":"fz01zyq55i8","author":"","crDate":1683295699807,"chDate":1683295703925,"overview":"","parent":"pud2012p95c","title":"Bridge","visible":false,"moveMe":false,"hasChildren":false},{"id":"9wlsufi7lg8","author":"","crDate":1683295749713,"chDate":1683295752712,"overview":"","parent":"pud2012p95c","title":"Decorator","visible":false,"moveMe":false,"hasChildren":false},{"id":"d0rex1sory8","author":"","crDate":1683295758672,"chDate":1683295763709,"overview":"","parent":"pud2012p95c","title":"Composite","visible":false,"moveMe":false,"hasChildren":false},{"id":"eyoagt1k9iw","author":"","crDate":1683295769247,"chDate":1683295773012,"overview":"","parent":"pud2012p95c","title":"Facade","visible":false,"moveMe":false,"hasChildren":false},{"id":"gsx82spilwg","author":"","crDate":1683295793987,"chDate":1683295798617,"overview":"","parent":"pud2012p95c","title":"Proxy","visible":false,"moveMe":false,"hasChildren":false},{"id":"besz722mavc","author":"","crDate":1683295809969,"chDate":1683295812920,"overview":"","parent":"pud2012p95c","title":"Flyweight","visible":false,"moveMe":false,"hasChildren":false},{"id":"5rtaldw7l3g","author":"","crDate":1683295828830,"chDate":1683295835724,"overview":"","parent":"pud2012p95c","title":"Responsibility Chain","visible":false,"moveMe":false,"hasChildren":false},{"id":"n2zbdpdui8g","author":"","crDate":1683295842197,"chDate":1683295848186,"overview":"","parent":"pud2012p95c","title":"Command","visible":false,"moveMe":false,"hasChildren":false},{"id":"k0qs7rvusz4","author":"","crDate":1683295854170,"chDate":1683295859546,"overview":"","parent":"pud2012p95c","title":"Interpreter","visible":false,"moveMe":false,"hasChildren":false},{"id":"q2wlgx8lv1c","author":"","crDate":1683295866688,"chDate":1683295870956,"overview":"","parent":"pud2012p95c","title":"Iterator","visible":false,"moveMe":false,"hasChildren":false},{"id":"ooqtye0xtz4","author":"","crDate":1683295877103,"chDate":1683295882674,"overview":"","parent":"pud2012p95c","title":"Mediator","visible":false,"moveMe":false,"hasChildren":false},{"id":"ev24fq2sabc","author":"","crDate":1683295940120,"chDate":1683295942822,"overview":"","parent":"pud2012p95c","title":"Memento","visible":false,"moveMe":false,"hasChildren":false},{"id":"apt4xtk37lk","author":"","crDate":1683295954597,"chDate":1683295956428,"overview":"","parent":"pud2012p95c","title":"State","visible":false,"moveMe":false,"hasChildren":false},{"id":"qumlpvbod7k","author":"","crDate":1683295981338,"chDate":1683295984488,"overview":"","parent":"pud2012p95c","title":"Strategy","visible":false,"moveMe":false,"hasChildren":false},{"id":"h6ociajj7zs","author":"","crDate":1683295998791,"chDate":1683296002742,"overview":"","parent":"pud2012p95c","title":"Template Method","visible":false,"moveMe":false,"hasChildren":false},{"id":"dupimbv9nxk","author":"","crDate":1683296020572,"chDate":1683296024059,"overview":"","parent":"pud2012p95c","title":"Visitor","visible":false,"moveMe":false,"hasChildren":false},{"id":"dt2kqpl3aow","author":"","crDate":1683296294558,"chDate":1683296299062,"overview":"","parent":"pud2012p95c","title":"Transducer","visible":false,"moveMe":false,"hasChildren":false},{"id":"1ha4912q67g","author":"","crDate":1683296663357,"chDate":1683296668044,"overview":"","parent":"pud2012p95c","title":"Proxy-Funktion","visible":false,"moveMe":false,"hasChildren":false},{"id":"8h73hnvxo4w","author":"","crDate":1683294831845,"chDate":1683550911084,"overview":"","parent":"b8930wt5hmg","title":"Informationsquellen","visible":false,"moveMe":false,"hasChildren":false},{"id":"8okoeps7fw0","author":"","crDate":1683294862928,"chDate":1693391198147,"overview":"","parent":"b8930wt5hmg","title":"Glossar","visible":true,"moveMe":false,"hasChildren":false},{"id":"h5psyc9jtu8","author":"","crDate":1684928027339,"chDate":1684928036113,"overview":"","parent":"b8930wt5hmg","title":"Editoren","visible":true,"moveMe":false,"hasChildren":false},{"id":"qteqty525xs","author":"","crDate":1687263228568,"chDate":1687263234087,"overview":"","parent":"h5psyc9jtu8","title":"Notepad++","visible":false,"moveMe":false,"hasChildren":false},{"id":"8t6qtujxef0","author":"","crDate":1687263217068,"chDate":1687263221497,"overview":"","parent":"h5psyc9jtu8","title":"PHPstorm","visible":false,"moveMe":false,"hasChildren":false},{"id":"ov76qf5bxq8","author":"","crDate":1684927807100,"chDate":1684927820268,"overview":"","parent":"fwv6gy8t41s","title":"Cheatsheet","visible":true,"moveMe":false,"hasChildren":false},{"id":"k4qsmus9hdc","author":"","crDate":1683211730650,"chDate":1687868244632,"overview":"","parent":"rad5i4een68","title":"Module","visible":true,"moveMe":false,"hasChildren":false},{"id":"cduiklllthc","author":"","crDate":1688646459062,"chDate":1688646469863,"overview":"","parent":"k4qsmus9hdc","title":"Lokal vs. Global","visible":true,"moveMe":false,"hasChildren":false},{"id":"k7g7ogjtjc0","author":"","crDate":1683211748688,"chDate":1687959784723,"overview":"","parent":"k4qsmus9hdc","title":"Built-in","visible":true,"moveMe":false,"hasChildren":false},{"id":"r52f70kyj1c","author":"","crDate":1683293905919,"chDate":1688644369586,"overview":"","parent":"k4qsmus9hdc","title":"NPM","visible":true,"moveMe":false,"hasChildren":false},{"id":"j83lbajivqo","author":"","crDate":1688730143359,"chDate":1688730155015,"overview":"","parent":"r52f70kyj1c","title":"Beispiele","visible":true,"moveMe":false,"hasChildren":false},{"id":"cf7m5h4q0a8","author":"","crDate":1683293918856,"chDate":1688647463522,"overview":"","parent":"k4qsmus9hdc","title":"Eigene Module","visible":true,"moveMe":false,"hasChildren":false},{"id":"p67m6wqhdbk","author":"","crDate":1688731469524,"chDate":1689081687986,"overview":"","parent":"k4qsmus9hdc","title":"Express","visible":true,"moveMe":false,"hasChildren":false},{"id":"64jrppodklk","author":"","crDate":1683209631199,"chDate":1692962860470,"overview":"","parent":"a8fmmou5494","title":"couchDB / nano","visible":true,"moveMe":false,"hasChildren":false},{"id":"mhuzaleepnk","author":"","crDate":1693230650496,"chDate":1693230888363,"overview":"","parent":"64jrppodklk","title":"Datenbank-Methoden","visible":true,"moveMe":false,"hasChildren":false},{"id":"7u6denjawn0","author":"","crDate":1695041331724,"chDate":1695041349003,"overview":"","parent":"64jrppodklk","title":"Dokument-Methoden","visible":true,"moveMe":false,"hasChildren":false},{"id":"7z4a9gpljjw","author":"","crDate":1695042545341,"chDate":1695131172642,"overview":"","parent":"64jrppodklk","title":"Views","visible":true,"moveMe":false,"hasChildren":false},{"id":"5sy9z5u7488","author":"","crDate":1695041820993,"chDate":1695041838631,"overview":"","parent":"64jrppodklk","title":"Viele Dokumente","visible":false,"moveMe":false,"hasChildren":false},{"id":"ar2ohlh9wdc","author":"","crDate":1695043005724,"chDate":1695043013930,"overview":"","parent":"64jrppodklk","title":"Revision wiederherstellen","visible":false,"moveMe":false,"hasChildren":false},{"id":"et2lger7ubs","author":"","crDate":1692875926589,"chDate":1692875935556,"overview":"","parent":"64jrppodklk","title":"Beispiel","visible":false,"moveMe":false,"hasChildren":false},{"id":"aaiq77dxdds","author":"","crDate":1692875900672,"chDate":1692875909222,"overview":"","parent":"64jrppodklk","title":"Mango Query","visible":false,"moveMe":false,"hasChildren":false},{"id":"2gaxexkuasa","author":"","crDate":1695045977942,"chDate":1695128706815,"overview":"","parent":"64jrppodklk","title":"Indexierung","visible":false,"moveMe":false,"hasChildren":false},{"id":"80vmpbl9rn8","author":"","crDate":1683211065820,"chDate":1685111053117,"overview":"","parent":"kkzvlufblw0","title":"If","visible":true,"moveMe":false,"hasChildren":false},{"id":"okrl4rem2uo","author":"","crDate":1704812670153,"chDate":1704812683208,"overview":"","parent":"kkzvlufblw0","title":"switch-case","visible":true,"hasChildren":false,"moveMe":false},{"id":"60v0cjg5gm8","author":"","crDate":1683292349064,"chDate":1686744840476,"overview":"","parent":"kkzvlufblw0","title":"Ternary","visible":true,"moveMe":false,"hasChildren":false},{"id":"omr1amatilc","author":"","crDate":1683293548691,"chDate":1693834294927,"overview":"","parent":"l6c3jx05uq8","title":"JSON","visible":true,"moveMe":false,"hasChildren":false},{"id":"r02g9ue589s","author":"","crDate":1683293816985,"chDate":1693915993086,"overview":"","parent":"l6c3jx05uq8","title":"XML","visible":true,"moveMe":false,"hasChildren":false},{"id":"d00yszaq1qw","author":"","crDate":1683293826373,"chDate":1683293828828,"overview":"","parent":"l6c3jx05uq8","title":"CSV","visible":false,"moveMe":false,"hasChildren":false},{"id":"ckrbcvslrug","author":"","crDate":1706194460771,"chDate":1706194467394,"overview":"","parent":"l6c3jx05uq8","title":"WSV","visible":false,"hasChildren":false,"moveMe":false},{"id":"imzdework34","author":"","crDate":1683293834125,"chDate":1683293837458,"overview":"","parent":"l6c3jx05uq8","title":"SOAP","visible":false,"moveMe":false,"hasChildren":false},{"id":"82ianrmhwds","author":"","crDate":1683294620313,"chDate":1693491194955,"overview":"","parent":"jkbpza2kifc","title":"Eventlistener","visible":true,"moveMe":false,"hasChildren":false},{"id":"7fkkt5tyzc4","author":"","crDate":1683294655453,"chDate":1693488156500,"overview":"","parent":"jkbpza2kifc","title":"Databinding","visible":true,"moveMe":false,"hasChildren":false},{"id":"8a87k2ggygg","author":"","crDate":1683294421380,"chDate":1703078408815,"overview":"","parent":"jkbpza2kifc","title":"Eigene Direktiven","visible":true,"moveMe":false,"hasChildren":false},{"id":"nsadzksx5e8","author":"","crDate":1683294677289,"chDate":1683294681680,"overview":"","parent":"jkbpza2kifc","title":"Klassen vergeben","visible":false,"moveMe":false,"hasChildren":false},{"id":"fwv6gy8t41s","author":"","crDate":1683295149705,"chDate":1684927858068,"overview":"","parent":"h5psyc9jtu8","title":"Visual Studio Code","visible":true,"moveMe":false,"hasChildren":false},{"id":"9y6eisw82x4","author":"","crDate":1684930970224,"chDate":1684930980342,"overview":"","parent":"fwv6gy8t41s","title":"Open Source","visible":false,"moveMe":false,"hasChildren":false},{"id":"m9zfyzweqhs","author":"","crDate":1684929738047,"chDate":1684929852324,"overview":"","parent":"fwv6gy8t41s","title":"Erweiterbarkeit","visible":false,"moveMe":false,"hasChildren":false},{"id":"8se322xwuj0","author":"","crDate":1683213605141,"chDate":1692282920432,"overview":"","parent":"nbm7cujri9c","title":"Constructor","visible":true,"moveMe":false,"hasChildren":false},{"id":"br4ll5az07k","author":"","crDate":1687263243639,"chDate":1687263380700,"overview":"","parent":"h5psyc9jtu8","title":"Brackets","visible":false,"moveMe":false,"hasChildren":false},{"id":"a8fmmou5494","author":"","crDate":1683209611080,"chDate":1692959284723,"overview":"","parent":"rad5i4een68","title":"Datenbanken","visible":true,"moveMe":false,"hasChildren":false},{"id":"4e9gkac6tdq","author":"","crDate":1683294559122,"chDate":1683294562649,"overview":"","parent":"rad5i4een68","title":"Hosting","visible":false,"moveMe":false,"hasChildren":false},{"id":"pde3tmgy05c","author":"","crDate":1683213154153,"chDate":1688393181411,"overview":"","parent":"7pv5if9hmo8","title":"Scope","visible":true,"moveMe":false,"hasChildren":false},{"id":"c167zhpbrw8","author":"","crDate":1705071818821,"chDate":1705072538034,"overview":"","parent":"7pv5if9hmo8","title":"Fehlervermeidung","visible":true,"hasChildren":false,"moveMe":false},{"id":"dssiy08acc8","author":"","crDate":1683295449560,"chDate":1689140400164,"overview":"","parent":"p67m6wqhdbk","title":"Middleware","visible":true,"moveMe":false,"hasChildren":false},{"id":"1w990pxsfrp","author":"","crDate":1689237224953,"chDate":1689237318525,"overview":"","parent":"dssiy08acc8","title":"Request","visible":true,"showContentOf":"qmn8w9ark8w","moveMe":false,"hasChildren":false},{"id":"1zm76sufp96","author":"","crDate":1689237247270,"chDate":1689237322493,"overview":"","parent":"dssiy08acc8","title":"Response","visible":true,"showContentOf":"r1qb8mb52v4","moveMe":false,"hasChildren":false},{"id":"byimjdedvkg","author":"","crDate":1683295429965,"chDate":1689146202634,"overview":"","parent":"p67m6wqhdbk","title":"Routen","visible":true,"moveMe":false,"hasChildren":false},{"id":"ldcn5wffzwg","author":"","crDate":1692876027935,"chDate":1692876511385,"overview":"","parent":"byimjdedvkg","title":"Named Route Parameters","visible":true,"moveMe":false,"hasChildren":false},{"id":"ogmmz51w7ow","author":"","crDate":1683210367946,"chDate":1694508481436,"overview":"","parent":"p67m6wqhdbk","title":"Dateiupload","visible":true,"moveMe":false,"hasChildren":false},{"id":"jcjfaf746y8","author":"","crDate":1688998816951,"chDate":1688998819693,"overview":"","parent":"p67m6wqhdbk","title":"CORS","visible":false,"moveMe":false,"hasChildren":false},{"id":"qmn8w9ark8w","author":"","crDate":1689159426363,"chDate":1689163950838,"overview":"","parent":"byimjdedvkg","title":"Request","visible":true,"moveMe":false,"hasChildren":false},{"id":"r1qb8mb52v4","author":"","crDate":1689159448888,"chDate":1689168081271,"overview":"","parent":"byimjdedvkg","title":"Response","visible":true,"moveMe":false,"hasChildren":false},{"id":"4kji14jpamg","author":"","crDate":1683213187726,"chDate":1684927705692,"overview":"","parent":"oc1ux50u1io","title":"Umwandlungstabelle","visible":true,"moveMe":false,"hasChildren":false},{"id":"lw2g8sk3mgg","author":"","crDate":1693906698513,"chDate":1693906710750,"overview":"","parent":"hf8li0aggqw","title":"Impressum","visible":true,"moveMe":false,"hasChildren":false},{"id":"630hwnjuo4c","author":"","crDate":1693906470249,"chDate":1693906485029,"overview":"","parent":"hf8li0aggqw","title":"Datenschutz","visible":true,"moveMe":false,"hasChildren":false},{"id":"gfi60dnoi0o","author":"","crDate":1683293306691,"chDate":1696248157028,"overview":"","parent":"r4vstnssnu8","title":"Farben definieren","visible":true,"moveMe":false,"hasChildren":false},{"id":"l6ony0gqqw0","author":"","crDate":1696254959351,"chDate":1696254965988,"overview":"","parent":"gfi60dnoi0o","title":"Verlauf","visible":true,"moveMe":false,"hasChildren":false},{"id":"6d60aafar3k","author":"","crDate":1696402471678,"chDate":1696407755985,"overview":"","parent":"gfi60dnoi0o","title":"Pattern","visible":true,"moveMe":false,"hasChildren":false},{"id":"p9nieo0jq1s","author":"","crDate":1696254396954,"chDate":1696414006587,"overview":"","parent":"r4vstnssnu8","title":"Linien definieren","visible":true,"moveMe":false,"hasChildren":false},{"id":"kx7l36cn6zk","author":"","crDate":1696407049219,"chDate":1696407074015,"overview":"","parent":"r4vstnssnu8","title":"Füllen","visible":false,"moveMe":false,"hasChildren":false},{"id":"o6wlw68jx3k","author":"","crDate":1683210470365,"chDate":1697808891179,"overview":"","parent":"rad5i4een68","title":"Websocket","visible":true,"moveMe":false,"hasChildren":false},{"id":"dec8jd9nkmo","author":"","crDate":1706513206665,"chDate":1706513996709,"overview":"","parent":"rad5i4een68","title":"Alternativen","visible":true,"hasChildren":false,"moveMe":false},{"id":"j25dx4dilt4","author":"","crDate":1701444299380,"chDate":1707315310315,"overview":"","parent":"7irj930fi1k","title":"Date()","visible":true,"hasChildren":false,"moveMe":false},{"id":"76i2wkf3agk","author":"","crDate":1701444310756,"chDate":1707315864316,"overview":"","parent":"7irj930fi1k","title":"Window()","visible":true,"hasChildren":false,"moveMe":false},{"id":"pxnlya7hwds","author":"","crDate":1701444319003,"chDate":1701444349992,"overview":"","parent":"7irj930fi1k","title":"Regexp()","visible":false,"hasChildren":false,"moveMe":false},{"id":"eu0n3cng6zc","author":"","crDate":1707478409246,"chDate":1707478553278,"overview":"","parent":"7irj930fi1k","title":"Headers()","visible":true,"hasChildren":false},{"id":"ay4frq8s1hc","author":"","crDate":1701444325442,"chDate":1707316365262,"overview":"","parent":"7irj930fi1k","title":"FormData()","visible":true,"hasChildren":false,"moveMe":false},{"id":"3svz1h6oydo","author":"","crDate":1701444370783,"chDate":1707391028682,"overview":"","parent":"7irj930fi1k","title":"Error()","visible":true,"hasChildren":false,"moveMe":false},{"id":"hhma057hew0","author":"","crDate":1701444436779,"chDate":1707395592867,"overview":"","parent":"7irj930fi1k","title":"Typisierte Arrays","visible":true,"hasChildren":false,"moveMe":false},{"id":"35xwt9v4bfg","author":"","crDate":1701444465961,"chDate":1701444481719,"overview":"","parent":"7irj930fi1k","title":"DataView()","visible":false,"hasChildren":false,"moveMe":false},{"id":"mdotyqw3wow","author":"","crDate":1701444380887,"chDate":1701444384989,"overview":"","parent":"7irj930fi1k","title":"Symbol()","visible":false,"hasChildren":false,"moveMe":false},{"id":"2wvj2t0bw7s","author":"","crDate":1701444540066,"chDate":1701444544267,"overview":"","parent":"7irj930fi1k","title":"Proxy()","visible":false,"hasChildren":false,"moveMe":false},{"id":"p3f4w34kebk","author":"","crDate":1701444548466,"chDate":1701444590167,"overview":"","parent":"7irj930fi1k","title":"Intl()","visible":false,"hasChildren":false,"moveMe":false},{"id":"pt0ybdm3g40","author":"","crDate":1695815497650,"chDate":1695815507379,"overview":"","parent":"d2sko4i57qw","title":"Blendmodes","visible":true,"moveMe":false,"hasChildren":false},{"id":"i30d43ucxqw","author":"","crDate":1683295367957,"chDate":1683295373211,"overview":"","parent":"c167zhpbrw8","title":"Try-Catch","visible":false,"moveMe":false,"hasChildren":false}]}