{"pages":[{"id":"123","title":"Home","overview":"Erste Seite mit Einführung, krass","crDate":1672518896301,"chDate":1682518896301,"author":"C. Heisch","parent":false,"visible":true,"moveMe":false},{"id":"ndzi38nlsv4","author":"","crDate":1683814451269,"chDate":1683814460892,"overview":"","parent":"123","title":"Alternativen","visible":true,"moveMe":false,"showContentOf":""},{"id":"8hre8vttefk","author":"","crDate":1684310816042,"chDate":1684310824177,"overview":"","parent":"123","title":"Stärken","visible":true,"moveMe":false,"showContentOf":""},{"id":"lgws4pd974w","author":"","crDate":1683814371790,"chDate":1683814515433,"overview":"","parent":"123","title":"Schwächen","visible":true,"moveMe":false},{"id":"1xhm8fcew3h","author":"","crDate":1683291495000,"chDate":1683291501910,"overview":"","parent":false,"title":"Unklar, was gemeint ist","visible":false,"moveMe":false},{"id":"dm7ikgohrs8","author":"","crDate":1683210290957,"chDate":1683550757256,"overview":"","parent":"123","title":"Einbindung","visible":true,"moveMe":false},{"id":"ov1ktwj884g","author":"","crDate":1683211566024,"chDate":1683552298799,"overview":"","parent":"dm7ikgohrs8","title":"Strict-Modus","visible":true,"moveMe":false},{"id":"13qid6jdvlg","author":"","crDate":1684228800527,"chDate":1684479268958,"overview":"","parent":"dm7ikgohrs8","title":"Script-Attribute","visible":true,"moveMe":false},{"id":"czltk728hz4","author":"","crDate":1683211595212,"chDate":1683552291742,"overview":"","parent":"dm7ikgohrs8","title":"ES6 Modules","visible":true,"moveMe":false},{"id":"7cjmrfm6kds","author":"","crDate":1683211624857,"chDate":1683552295415,"overview":"","parent":"dm7ikgohrs8","title":"CommonJS Modules","visible":true,"moveMe":false},{"id":"axinll49dh4","author":"","crDate":1683211434954,"chDate":1683552264038,"overview":"","parent":"123","title":"Ein- und Ausgabe","visible":true,"moveMe":false},{"id":"k02jbq1m9lc","author":"","crDate":1683211446545,"chDate":1684504157756,"overview":"","parent":"axinll49dh4","title":"Alert","visible":true,"moveMe":false},{"id":"8yfk5lb07es","author":"","crDate":1683211485732,"chDate":1684851325076,"overview":"","parent":"axinll49dh4","title":"Prompt","visible":true,"moveMe":false},{"id":"e0qx92ztj0w","author":"","crDate":1683211494346,"chDate":1684924416830,"overview":"","parent":"axinll49dh4","title":"Confirm","visible":true,"moveMe":false},{"id":"gg7bojfst8w","author":"","crDate":1683211455526,"chDate":1684236863834,"overview":"","parent":"axinll49dh4","title":"Console","visible":true,"moveMe":false},{"id":"h9un3qghdco","author":"","crDate":1682600633015,"chDate":1684736399959,"overview":"","parent":"123","title":"Datenstrukturen","visible":true,"moveMe":false},{"id":"afv8owqnf9c","author":"","crDate":1683203765424,"chDate":1684763118095,"overview":"","parent":"h9un3qghdco","title":"Variablen","visible":true,"moveMe":false},{"id":"2rc3abyyp16","author":"","crDate":1683205785585,"chDate":1685447844778,"overview":"","parent":"h9un3qghdco","title":"Datentypen","visible":true,"moveMe":false},{"id":"fvvlxdysra","author":"","crDate":1685011573419,"chDate":1685011582403,"overview":"","parent":"afv8owqnf9c","title":"Variablennamen","visible":true,"moveMe":false},{"id":"r9wb3x46y1c","author":"","crDate":1683211192147,"chDate":1685447965640,"overview":"","parent":"2rc3abyyp16","title":"Number","visible":true,"moveMe":false},{"id":"g9iuyjfe6jk","author":"","crDate":1683295069101,"chDate":1685626486248,"overview":"","parent":"2rc3abyyp16","title":"BigInt","visible":true,"moveMe":false},{"id":"iyhyloezf2g","author":"","crDate":1683211248260,"chDate":1685628397273,"overview":"","parent":"2rc3abyyp16","title":"String","visible":true,"moveMe":false},{"id":"lgdfmd1wku8","author":"","crDate":1685629667083,"chDate":1685629673098,"overview":"","parent":"iyhyloezf2g","title":"Methoden","visible":true,"moveMe":false},{"id":"qn23zvduvls","author":"","crDate":1683211265424,"chDate":1685964559451,"overview":"","parent":"2rc3abyyp16","title":"Boolean","visible":true,"moveMe":false},{"id":"d1xvc42hcmo","author":"","crDate":1683211275304,"chDate":1685964932120,"overview":"","parent":"2rc3abyyp16","title":"Null","visible":true,"moveMe":false},{"id":"9ll409fabz0","author":"","crDate":1683211282815,"chDate":1685965262263,"overview":"","parent":"2rc3abyyp16","title":"Undefined","visible":true,"moveMe":false},{"id":"7dc2j0v5gc4","author":"","crDate":1683211295373,"chDate":1686046804589,"overview":"","parent":"2rc3abyyp16","title":"Symbol","visible":true,"moveMe":false},{"id":"oc1ux50u1io","author":"","crDate":1683211203363,"chDate":1683211239591,"overview":"","parent":"2rc3abyyp16","title":"Typecasting","visible":false,"moveMe":false},{"id":"o7s3eubj7qo","author":"","crDate":1683211317994,"chDate":1685968953933,"overview":"","parent":"2rc3abyyp16","title":"Array","visible":true,"moveMe":false},{"id":"eqb8ohepyns","author":"","crDate":1683211326560,"chDate":1686317270967,"overview":"","parent":"2rc3abyyp16","title":"Object","visible":true,"moveMe":false},{"id":"lf20far1xm8","author":"","crDate":1683211336855,"chDate":1688990201134,"overview":"","parent":"2rc3abyyp16","title":"Map","visible":true,"moveMe":false},{"id":"8t4ity8iesw","author":"","crDate":1683211345446,"chDate":1683211347173,"overview":"","parent":"2rc3abyyp16","title":"Set","visible":false,"moveMe":false},{"id":"2qzwjtag1jy","author":"","crDate":1684936940762,"chDate":1684936947954,"overview":"","parent":"2rc3abyyp16","title":"Function","visible":false,"moveMe":false},{"id":"cvrvogksq9s","author":"","crDate":1683295280680,"chDate":1688980560302,"overview":"","parent":"2rc3abyyp16","title":"Enums","visible":true,"moveMe":false},{"id":"8nk9tohwfm4","author":"","crDate":1683213909196,"chDate":1683213913882,"overview":"","parent":"2rc3abyyp16","title":"Copy by reference","visible":false,"moveMe":false},{"id":"4kji14jpamg","author":"","crDate":1683213187726,"chDate":1684927705692,"overview":"","parent":"2rc3abyyp16","title":"Umwandlungstabelle","visible":true,"moveMe":false},{"id":"loc5pirac2o","author":"","crDate":1683213556796,"chDate":1685630854971,"overview":"","parent":"iyhyloezf2g","title":"Template-Literal","visible":true,"moveMe":false},{"id":"q19c3x2wc40","author":"","crDate":1683213632833,"chDate":1683213636951,"overview":"","parent":"2rc3abyyp16","title":"Prototyping","visible":false,"moveMe":false},{"id":"msyulsmnskg","author":"","crDate":1683292526361,"chDate":1686047563044,"overview":"","parent":"o7s3eubj7qo","title":"Im Array suchen","visible":true,"moveMe":false},{"id":"blmarst0f8w","author":"","crDate":1686144254648,"chDate":1686147051791,"overview":"","parent":"o7s3eubj7qo","title":"Iterieren","visible":true,"moveMe":false},{"id":"5sl4vbu3kwo","author":"","crDate":1686147034358,"chDate":1686147043095,"overview":"","parent":"o7s3eubj7qo","title":"Umwandeln","visible":true,"moveMe":false},{"id":"ath5boz7bj4","author":"","crDate":1686145258180,"chDate":1686145267226,"overview":"","parent":"o7s3eubj7qo","title":"Sortieren","visible":true,"moveMe":false},{"id":"qkuu44kaq9c","author":"","crDate":1683213878249,"chDate":1686062656773,"overview":"","parent":"o7s3eubj7qo","title":"Mehrdimensionalität","visible":true,"moveMe":false},{"id":"ay2jrod07yg","author":"","crDate":1683213714830,"chDate":1686142025941,"overview":"","parent":"o7s3eubj7qo","title":"Spread","visible":true,"moveMe":false},{"id":"ju1d49qun1c","author":"","crDate":1683213723301,"chDate":1686312937351,"overview":"","parent":"o7s3eubj7qo","title":"Destructuring","visible":true,"moveMe":false},{"id":"l7hg16ykwkg","author":"","crDate":1686056743506,"chDate":1686665531439,"overview":"","parent":"eqb8ohepyns","title":"Methoden","visible":true,"moveMe":false},{"id":"31wudih4pmi","author":"","crDate":1686744499732,"chDate":1686828237716,"overview":"","parent":"eqb8ohepyns","title":"Getter / Setter","visible":true,"moveMe":false},{"id":"nctwqmxjt00","author":"","crDate":1683213667604,"chDate":1686318629194,"overview":"","parent":"eqb8ohepyns","title":"Iterieren","visible":true,"moveMe":false},{"id":"40fyeato070","author":"","crDate":1683213744834,"chDate":1686723973849,"overview":"","parent":"eqb8ohepyns","title":"Spread","visible":true,"moveMe":false},{"id":"dq87qqueszs","author":"","crDate":1683213765048,"chDate":1686726502417,"overview":"","parent":"eqb8ohepyns","title":"Destructuring","visible":true,"moveMe":false},{"id":"nbm7cujri9c","author":"","crDate":1683213615363,"chDate":1688473748808,"overview":"","parent":"eqb8ohepyns","title":"Klassen","visible":true,"moveMe":false},{"id":"j0ixdz49eo0","author":"","crDate":1683213591631,"chDate":1686924120983,"overview":"","parent":"eqb8ohepyns","title":"Factories","visible":true,"moveMe":false},{"id":"esj1ce8wa6g","author":"","crDate":1683294129859,"chDate":1688474290269,"overview":"","parent":"nbm7cujri9c","title":"Static","visible":true,"moveMe":false},{"id":"mk61qn129kg","author":"","crDate":1683294185404,"chDate":1683294187689,"overview":"","parent":"nbm7cujri9c","title":"Felder","visible":false,"moveMe":false},{"id":"l0kdwscyza8","author":"","crDate":1683294216922,"chDate":1683294221095,"overview":"","parent":"nbm7cujri9c","title":"Private Felder","visible":false,"moveMe":false},{"id":"5xdxwu0p8ao","author":"","crDate":1683294237021,"chDate":1688560566128,"overview":"","parent":"nbm7cujri9c","title":"Vererbung","visible":true,"moveMe":false},{"id":"qbb3d5b1klc","author":"","crDate":1683213951797,"chDate":1683213958124,"overview":"","parent":"eqb8ohepyns","title":"Objekte kombinieren","visible":false,"moveMe":false},{"id":"b37rridrwbc","author":"","crDate":1688987989478,"chDate":1688988132512,"overview":"","parent":"eqb8ohepyns","title":"Immutable (freeze)","visible":true,"moveMe":false},{"id":"3bpl4i1fml6","author":"","crDate":1683213689841,"chDate":1683213695392,"overview":"","parent":"8t4ity8iesw","title":"Duplicates","visible":false,"moveMe":false},{"id":"7pv5if9hmo8","author":"","crDate":1683203355569,"chDate":1685102201793,"overview":"","parent":"123","title":"Programmablauf","visible":true,"moveMe":false},{"id":"hwkdv7pzmzc","author":"","crDate":1683211534116,"chDate":1685105408577,"overview":"","parent":"7pv5if9hmo8","title":"Ausführungsreihenfolge","visible":true,"moveMe":false},{"id":"kkzvlufblw0","author":"","crDate":1683211054150,"chDate":1685110317986,"overview":"","parent":"7pv5if9hmo8","title":"Bedingte Anweisungen","visible":true,"moveMe":false},{"id":"bt02sgj7f48","author":"","crDate":1683211159776,"chDate":1686747583167,"overview":"","parent":"7pv5if9hmo8","title":"Schleifen","visible":true,"moveMe":false},{"id":"e2zsmd4v30g","author":"","crDate":1687353576292,"chDate":1687353581450,"overview":"","parent":"bt02sgj7f48","title":"Fußgesteuert","visible":false,"moveMe":false},{"id":"glerfbez6m0","author":"","crDate":1683292443080,"chDate":1683292447759,"overview":"","parent":"bt02sgj7f48","title":"Schleifensteuerung","visible":false,"moveMe":false},{"id":"beghshki4dk","author":"","crDate":1683205819348,"chDate":1686727272439,"overview":"","parent":"7pv5if9hmo8","title":"Funktionen","visible":true,"moveMe":false},{"id":"pnawq4b7bu","author":"","crDate":1686734104590,"chDate":1687355533400,"overview":"","parent":"beghshki4dk","title":"Klassische Funktion","visible":true,"moveMe":false},{"id":"2ovrrip34v6","author":"","crDate":1683213830278,"chDate":1683213836220,"overview":"","parent":"beghshki4dk","title":"Rest-Parameter","visible":false,"moveMe":false},{"id":"7xn8eknlhzo","author":"","crDate":1683292880446,"chDate":1683292886067,"overview":"","parent":"beghshki4dk","title":"Zeitsteuerung","visible":false,"moveMe":false},{"id":"7blh970d3h4","author":"","crDate":1683213784556,"chDate":1686727277014,"overview":"","parent":"beghshki4dk","title":"Named Arguments","visible":true,"moveMe":false},{"id":"c64y298se3s","author":"","crDate":1683293947428,"chDate":1683293994276,"overview":"","parent":"beghshki4dk","title":"Ausführungsfrequenz einschränken","visible":false,"moveMe":false},{"id":"gtoy523jz6w","author":"","crDate":1683213529726,"chDate":1688388321394,"overview":"","parent":"beghshki4dk","title":"This-Binding","visible":false,"moveMe":false},{"id":"fxvhm7ymam0","author":"","crDate":1683210492001,"chDate":1688731666727,"overview":"","parent":"7pv5if9hmo8","title":"Promises","visible":true,"moveMe":false},{"id":"d18emf9il3c","author":"","crDate":1683293613442,"chDate":1683293630007,"overview":"","parent":"fxvhm7ymam0","title":"Chaining","visible":false,"moveMe":false},{"id":"e6gfh2zcqd.i","author":"","crDate":1683293641005,"chDate":1683293650148,"overview":"","parent":"fxvhm7ymam0","title":"Mehrere Promises","visible":false,"moveMe":false},{"id":"k8v1ojbhwkw","author":"","crDate":1683293663498,"chDate":1683293667826,"overview":"","parent":"fxvhm7ymam0","title":"Async Await","visible":false,"moveMe":false},{"id":"eym9psv2uyg","author":"","crDate":1683211008195,"chDate":1683211012642,"overview":"","parent":"7pv5if9hmo8","title":"Iteratoren","visible":false,"moveMe":false},{"id":"1vdxhkztelf","author":"","crDate":1683211023066,"chDate":1683211026192,"overview":"","parent":"eym9psv2uyg","title":"Generatoren","visible":false,"moveMe":false},{"id":"lvtg0w9r5ww","author":"","crDate":1683210428338,"chDate":1683210431345,"overview":"","parent":"7pv5if9hmo8","title":"Webworker","visible":false,"moveMe":false},{"id":"i30d43ucxqw","author":"","crDate":1683295367957,"chDate":1683295373211,"overview":"","parent":"7pv5if9hmo8","title":"Try-Catch","visible":false,"moveMe":false},{"id":"l97j1vn62cw","author":"","crDate":1683210417547,"chDate":1683210422154,"overview":"","parent":"7pv5if9hmo8","title":"Serviceworker","visible":false,"moveMe":false},{"id":"3qwrj4yq58e","author":"","crDate":1683213074629,"chDate":1683213083090,"overview":"","parent":"l97j1vn62cw","title":"Push-Notifications","visible":false,"moveMe":false},{"id":"djuud9eltbc","author":"","crDate":1682684253200,"chDate":1691417169801,"overview":"","parent":"123","title":"DOM","visible":true,"moveMe":false},{"id":"hldl5di9ze0","author":"","crDate":1683293869247,"chDate":1683293873439,"overview":"","parent":"djuud9eltbc","title":"Drag n Drop","visible":false,"moveMe":false},{"id":"l6c3jx05uq8","author":"","crDate":1683293770885,"chDate":1683293776235,"overview":"","parent":"123","title":"Datenstrukturen","visible":false,"moveMe":false},{"id":"6oa96dgj15s","author":"","crDate":1683210917888,"chDate":1683210923606,"overview":"","parent":"123","title":"Lokal speichern","visible":false,"moveMe":false},{"id":"nwizdxuials","author":"","crDate":1683210931870,"chDate":1683210934416,"overview":"","parent":"6oa96dgj15s","title":"Cookies","visible":false,"moveMe":false},{"id":"7pktk3r5v84","author":"","crDate":1683296104129,"chDate":1683296112055,"overview":"","parent":"nwizdxuials","title":"Cookie-Richtlinien","visible":false,"moveMe":false},{"id":"evmfbmafrdc","author":"","crDate":1683210943188,"chDate":1683210947419,"overview":"","parent":"6oa96dgj15s","title":"Webstorage","visible":false,"moveMe":false},{"id":"ntp3ttruysg","author":"","crDate":1683210971752,"chDate":1683210985959,"overview":"","parent":"6oa96dgj15s","title":"Indexed DB","visible":false,"moveMe":false},{"id":"5g7k2blx48o","author":"","crDate":1683210325080,"chDate":1683210327774,"overview":"","parent":"123","title":"Canvas","visible":false,"moveMe":false},{"id":"r4vstnssnu8","author":"","crDate":1683293080673,"chDate":1683293096191,"overview":"","parent":"5g7k2blx48o","title":"Geometrisch","visible":false,"moveMe":false},{"id":"gfi60dnoi0o","author":"","crDate":1683293306691,"chDate":1683293315889,"overview":"","parent":"r4vstnssnu8","title":"Farben definieren","visible":false,"moveMe":false},{"id":"7lg1656ebac","author":"","crDate":1683293322793,"chDate":1683293326081,"overview":"","parent":"r4vstnssnu8","title":"Text schreiben","visible":false,"moveMe":false},{"id":"lmprjwple28","author":"","crDate":1683293106598,"chDate":1683293110945,"overview":"","parent":"5g7k2blx48o","title":"Bilder setzen","visible":false,"moveMe":false},{"id":"ivz8p8166ao","author":"","crDate":1683293149833,"chDate":1683293220919,"overview":"","parent":"5g7k2blx48o","title":"Transformieren","visible":false,"moveMe":false},{"id":"b957kno4f88","author":"","crDate":1683293228278,"chDate":1683293247752,"overview":"","parent":"5g7k2blx48o","title":"Pixelmanipulation","visible":false,"moveMe":false},{"id":"huqarfl8ncg","author":"","crDate":1683293337071,"chDate":1683293483751,"overview":"","parent":"5g7k2blx48o","title":"Animation","visible":false,"moveMe":false},{"id":"m79v8wqgar4","author":"","crDate":1683205940867,"chDate":1691503907162,"overview":"","parent":"djuud9eltbc","title":"Elemente finden","visible":true,"moveMe":false},{"id":"gkrsglu1c1c","author":"","crDate":1691567522490,"chDate":1691567548932,"overview":"","parent":"djuud9eltbc","title":"Beziehungen","visible":true,"moveMe":false},{"id":"dyxvb9mfax4","author":"","crDate":1683206032383,"chDate":1691499015427,"overview":"","parent":"djuud9eltbc","title":"Elemente erzeugen","visible":true,"moveMe":false},{"id":"ou6g17ee728","author":"","crDate":1683210529180,"chDate":1691562458891,"overview":"","parent":"djuud9eltbc","title":"Kopieren / Verschieben","visible":true,"moveMe":false},{"id":"dg14m2o19nc","author":"","crDate":1691656753700,"chDate":1691656774294,"overview":"","parent":"djuud9eltbc","title":"Löschen","visible":true,"moveMe":false},{"id":"g0r71eljoug","author":"","crDate":1683206060299,"chDate":1691662162070,"overview":"","parent":"djuud9eltbc","title":"Eventlistener","visible":true,"moveMe":false},{"id":"i6kfe6oro9c","author":"","crDate":1683293027137,"chDate":1691675693262,"overview":"","parent":"g0r71eljoug","title":"Liste der Events","visible":true,"moveMe":false},{"id":"l4cb8ygtr00","author":"","crDate":1683293054981,"chDate":1692191522103,"overview":"","parent":"g0r71eljoug","title":"Event-Objekt","visible":true,"moveMe":false},{"id":"4unslwcgjgu","author":"","crDate":1692195934839,"chDate":1692195965840,"overview":"","parent":"g0r71eljoug","title":"Bubbling","visible":true},{"id":"qdlsbtioj5s","author":"","crDate":1683213007360,"chDate":1683213010916,"overview":"","parent":"djuud9eltbc","title":"Formular","visible":false,"moveMe":false},{"id":"qa1ag04ceuo","author":"","crDate":1683292938127,"chDate":1683292949738,"overview":"","parent":"djuud9eltbc","title":"CSS-Klassen","visible":false,"moveMe":false},{"id":"bl0yvh9k5q8","author":"","crDate":1683292957019,"chDate":1683292963560,"overview":"","parent":"djuud9eltbc","title":"Style","visible":false,"moveMe":false},{"id":"hyiwpuojgx4","author":"","crDate":1683296439172,"chDate":1683296443829,"overview":"","parent":"djuud9eltbc","title":"Matchmedia","visible":false,"moveMe":false},{"id":"dpf0bwa187k","author":"","crDate":1683295536525,"chDate":1683295539533,"overview":"","parent":"djuud9eltbc","title":"Scrolling","visible":false,"moveMe":false},{"id":"h961ihfyteo","author":"","crDate":1683296062958,"chDate":1683296066509,"overview":"","parent":"djuud9eltbc","title":"Observer","visible":false,"moveMe":false},{"id":"g358z46z4ns","author":"","crDate":1685625994660,"chDate":1685626004114,"overview":"","parent":"djuud9eltbc","title":"Mediaqueries","visible":false,"moveMe":false},{"id":"pmynxglbp1s","author":"","crDate":1683296141276,"chDate":1683296149281,"overview":"","parent":"h961ihfyteo","title":"Intersection-Observer","visible":false,"moveMe":false},{"id":"1awb94rvoea","author":"","crDate":1683296156649,"chDate":1683296166195,"overview":"","parent":"h961ihfyteo","title":"Mutation-Observer","visible":false,"moveMe":false},{"id":"o8l4uxo5m00","author":"","crDate":1683296171743,"chDate":1683296179326,"overview":"","parent":"h961ihfyteo","title":"Resize-Observer","visible":false,"moveMe":false},{"id":"rad5i4een68","author":"","crDate":1683209584973,"chDate":1687864978845,"overview":"","parent":"123","title":"NodeJS","visible":true,"moveMe":false},{"id":"a5v7sv20fds","author":"","crDate":1683203583026,"chDate":1688563077859,"overview":"","parent":"123","title":"Bibliotheken","visible":true,"moveMe":false},{"id":"79brc3vgato","author":"","crDate":1683203611172,"chDate":1683203615118,"overview":"","parent":"a5v7sv20fds","title":"jQuery","visible":false,"moveMe":false},{"id":"ek6my0nl9qo","author":"","crDate":1683203620197,"chDate":1683203624051,"overview":"","parent":"a5v7sv20fds","title":"React","visible":false,"moveMe":false},{"id":"jj642qw08qo","author":"","crDate":1683294043215,"chDate":1683294047283,"overview":"","parent":"ek6my0nl9qo","title":"Installation","visible":false,"moveMe":false},{"id":"itqk72vfwps","author":"","crDate":1683294065708,"chDate":1683294069147,"overview":"","parent":"ek6my0nl9qo","title":"Components","visible":false,"moveMe":false},{"id":"ot3lkam3yhs","author":"","crDate":1683295091610,"chDate":1683295096610,"overview":"","parent":"ek6my0nl9qo","title":"Routing","visible":false,"moveMe":false},{"id":"nb3zt6bvntc","author":"","crDate":1683294476252,"chDate":1683294481835,"overview":"","parent":"itqk72vfwps","title":"File Based Components","visible":false,"moveMe":false},{"id":"cnvwan3mbnk","author":"","crDate":1683203626291,"chDate":1683203628267,"overview":"","parent":"a5v7sv20fds","title":"Vue","visible":false,"moveMe":false},{"id":"2423jhtuv9z","author":"","crDate":1683294594045,"chDate":1683294600924,"overview":"","parent":"cnvwan3mbnk","title":"Lokale Variablen","visible":false,"moveMe":false},{"id":"i4cpkaj0dbc","author":"","crDate":1683294583094,"chDate":1683294587020,"overview":"","parent":"cnvwan3mbnk","title":"Methoden","visible":false,"moveMe":false},{"id":"jkbpza2kifc","author":"","crDate":1683294399496,"chDate":1683294406286,"overview":"","parent":"cnvwan3mbnk","title":"Direktiven","visible":false,"moveMe":false},{"id":"1xjxa6u1sb8","author":"","crDate":1683294458264,"chDate":1683294467469,"overview":"","parent":"cnvwan3mbnk","title":"Komponenten","visible":false,"moveMe":false},{"id":"1nl23xkdeid","author":"","crDate":1683295106063,"chDate":1683295108575,"overview":"","parent":"cnvwan3mbnk","title":"Routen","visible":false,"moveMe":false},{"id":"8a87k2ggygg","author":"","crDate":1683294421380,"chDate":1683294425946,"overview":"","parent":"jkbpza2kifc","title":"Eigene Direktiven","visible":false,"moveMe":false},{"id":"qhcs8145q0g","author":"","crDate":1683203640830,"chDate":1683292183099,"overview":"","parent":"a5v7sv20fds","title":"Andere","visible":false,"moveMe":false},{"id":"garwjqbwbag","author":"","crDate":1683203630379,"chDate":1688563674470,"overview":"","parent":"a5v7sv20fds","title":"Eigene Bibliothek","visible":true,"moveMe":false},{"id":"6mqkxs5iyp4","author":"","crDate":1683295191423,"chDate":1683295193971,"overview":"","parent":"garwjqbwbag","title":"Axios","visible":false,"moveMe":false},{"id":"dly917rkzzc","author":"","crDate":1683295183837,"chDate":1683295186307,"overview":"","parent":"garwjqbwbag","title":"Chance","visible":false,"moveMe":false},{"id":"b8930wt5hmg","author":"","crDate":1683203372798,"chDate":1683550845908,"overview":"","parent":"123","title":"Anhang","visible":true,"moveMe":false},{"id":"f6i8pdu6o3k","author":"","crDate":1686639430482,"chDate":1686639437065,"overview":"","parent":"b8930wt5hmg","title":"AI","visible":true,"moveMe":false},{"id":"n2o6pmwpkuo","author":"","crDate":1686640181042,"chDate":1686640200777,"overview":"","parent":"f6i8pdu6o3k","title":"Large Language Models","visible":true,"moveMe":false},{"id":"14qjxpf3vzo","author":"","crDate":1686651746946,"chDate":1686651765824,"overview":"","parent":"f6i8pdu6o3k","title":"Autovervollständiger","visible":true,"moveMe":false},{"id":"7xmxbbuzk64","author":"","crDate":1686653098605,"chDate":1686653106770,"overview":"","parent":"f6i8pdu6o3k","title":"Content","visible":true,"moveMe":false},{"id":"c7478jg8lyg","author":"","crDate":1683214045945,"chDate":1683214049360,"overview":"","parent":"b8930wt5hmg","title":"Geschichte","visible":false,"moveMe":false},{"id":"gaxsv70fw9k","author":"","crDate":1683214035251,"chDate":1683214039074,"overview":"","parent":"b8930wt5hmg","title":"ECMA-Script","visible":false,"moveMe":false},{"id":"hejmtbrvn7c","author":"","crDate":1683214018541,"chDate":1683214027247,"overview":"","parent":"b8930wt5hmg","title":"Entwicklung von Javascript","visible":false,"moveMe":false},{"id":"ifoc75ua6ew","author":"","crDate":1683213232031,"chDate":1685455835684,"overview":"","parent":"b8930wt5hmg","title":"Problemlösungen","visible":true,"moveMe":false},{"id":"9wel6kqurq8","author":"","crDate":1685455633776,"chDate":1685455824572,"overview":"","parent":"ifoc75ua6ew","title":"Wurzel ziehen","visible":true,"moveMe":false},{"id":"2oyuai3agac","author":"","crDate":1683295390745,"chDate":1683295393864,"overview":"","parent":"ifoc75ua6ew","title":"Deep Copy","visible":false,"moveMe":false},{"id":"hwb1gzswgko","author":"","crDate":1683294976299,"chDate":1683294980136,"overview":"","parent":"ifoc75ua6ew","title":"Clipboard","visible":false,"moveMe":false},{"id":"qhyneiwuasw","author":"","crDate":1683213464763,"chDate":1683213477294,"overview":"","parent":"ifoc75ua6ew","title":"Zufallszahlen","visible":false,"moveMe":false},{"id":"3e5bkzg90jg","author":"","crDate":1683213488668,"chDate":1683213502674,"overview":"","parent":"ifoc75ua6ew","title":"file-input Dateien anzeigen","visible":false,"moveMe":false},{"id":"80d4ht9y3ks","author":"","crDate":1683296491660,"chDate":1683296498522,"overview":"","parent":"ifoc75ua6ew","title":"Canvas als Bild speichern","visible":false,"moveMe":false},{"id":"92gtzhhodb4","author":"","crDate":1683296505298,"chDate":1683296514337,"overview":"","parent":"ifoc75ua6ew","title":"Text als Datei speichern","visible":false,"moveMe":false},{"id":"8v8mk7p307g","author":"","crDate":1683296537806,"chDate":1683296548220,"overview":"","parent":"ifoc75ua6ew","title":"Mausposition lesen","visible":false,"moveMe":false},{"id":"15zomy7n27n","author":"","crDate":1683296644209,"chDate":1683296648470,"overview":"","parent":"ifoc75ua6ew","title":"Array mischen","visible":false,"moveMe":false},{"id":"pud2012p95c","author":"","crDate":1683205850079,"chDate":1688389969186,"overview":"","parent":"b8930wt5hmg","title":"Coding Patterns","visible":true,"moveMe":false},{"id":"kadepatq91c","author":"","crDate":1683295588887,"chDate":1683295591157,"overview":"","parent":"pud2012p95c","title":"MVC","visible":false,"moveMe":false},{"id":"9fyanrgs83g","author":"","crDate":1683294099296,"chDate":1688388328648,"overview":"","parent":"pud2012p95c","title":"Closures","visible":true,"moveMe":false},{"id":"6r9otct71hs","author":"","crDate":1683295598413,"chDate":1683295604740,"overview":"","parent":"pud2012p95c","title":"Observer","visible":false,"moveMe":false},{"id":"6be9edpuh94","author":"","crDate":1683295611436,"chDate":1683295619066,"overview":"","parent":"pud2012p95c","title":"Abstract Factory","visible":false,"moveMe":false},{"id":"gt4jd0sgnvs","author":"","crDate":1683295625225,"chDate":1683295629689,"overview":"","parent":"pud2012p95c","title":"Builder","visible":false,"moveMe":false},{"id":"88yy5smhrns","author":"","crDate":1683295635785,"chDate":1683295642462,"overview":"","parent":"pud2012p95c","title":"Singleton","visible":false,"moveMe":false},{"id":"ny9f49t64a8","author":"","crDate":1683295677314,"chDate":1683295680673,"overview":"","parent":"pud2012p95c","title":"Prototype","visible":false,"moveMe":false},{"id":"q55kavkna3k","author":"","crDate":1683295689792,"chDate":1683295693976,"overview":"","parent":"pud2012p95c","title":"Adapter","visible":false,"moveMe":false},{"id":"fz01zyq55i8","author":"","crDate":1683295699807,"chDate":1683295703925,"overview":"","parent":"pud2012p95c","title":"Bridge","visible":false,"moveMe":false},{"id":"9wlsufi7lg8","author":"","crDate":1683295749713,"chDate":1683295752712,"overview":"","parent":"pud2012p95c","title":"Decorator","visible":false,"moveMe":false},{"id":"d0rex1sory8","author":"","crDate":1683295758672,"chDate":1683295763709,"overview":"","parent":"pud2012p95c","title":"Composite","visible":false,"moveMe":false},{"id":"eyoagt1k9iw","author":"","crDate":1683295769247,"chDate":1683295773012,"overview":"","parent":"pud2012p95c","title":"Facade","visible":false,"moveMe":false},{"id":"gsx82spilwg","author":"","crDate":1683295793987,"chDate":1683295798617,"overview":"","parent":"pud2012p95c","title":"Proxy","visible":false,"moveMe":false},{"id":"besz722mavc","author":"","crDate":1683295809969,"chDate":1683295812920,"overview":"","parent":"pud2012p95c","title":"Flyweight","visible":false,"moveMe":false},{"id":"5rtaldw7l3g","author":"","crDate":1683295828830,"chDate":1683295835724,"overview":"","parent":"pud2012p95c","title":"Responsibility Chain","visible":false,"moveMe":false},{"id":"n2zbdpdui8g","author":"","crDate":1683295842197,"chDate":1683295848186,"overview":"","parent":"pud2012p95c","title":"Command","visible":false,"moveMe":false},{"id":"k0qs7rvusz4","author":"","crDate":1683295854170,"chDate":1683295859546,"overview":"","parent":"pud2012p95c","title":"Interpreter","visible":false,"moveMe":false},{"id":"q2wlgx8lv1c","author":"","crDate":1683295866688,"chDate":1683295870956,"overview":"","parent":"pud2012p95c","title":"Iterator","visible":false,"moveMe":false},{"id":"ooqtye0xtz4","author":"","crDate":1683295877103,"chDate":1683295882674,"overview":"","parent":"pud2012p95c","title":"Mediator","visible":false,"moveMe":false},{"id":"ev24fq2sabc","author":"","crDate":1683295940120,"chDate":1683295942822,"overview":"","parent":"pud2012p95c","title":"Memento","visible":false,"moveMe":false},{"id":"apt4xtk37lk","author":"","crDate":1683295954597,"chDate":1683295956428,"overview":"","parent":"pud2012p95c","title":"State","visible":false,"moveMe":false},{"id":"qumlpvbod7k","author":"","crDate":1683295981338,"chDate":1683295984488,"overview":"","parent":"pud2012p95c","title":"Strategy","visible":false,"moveMe":false},{"id":"h6ociajj7zs","author":"","crDate":1683295998791,"chDate":1683296002742,"overview":"","parent":"pud2012p95c","title":"Template Method","visible":false,"moveMe":false},{"id":"dupimbv9nxk","author":"","crDate":1683296020572,"chDate":1683296024059,"overview":"","parent":"pud2012p95c","title":"Visitor","visible":false,"moveMe":false},{"id":"dt2kqpl3aow","author":"","crDate":1683296294558,"chDate":1683296299062,"overview":"","parent":"pud2012p95c","title":"Transducer","visible":false,"moveMe":false},{"id":"1ha4912q67g","author":"","crDate":1683296663357,"chDate":1683296668044,"overview":"","parent":"pud2012p95c","title":"Proxy-Funktion","visible":false,"moveMe":false},{"id":"8h73hnvxo4w","author":"","crDate":1683294831845,"chDate":1683550911084,"overview":"","parent":"b8930wt5hmg","title":"Informationsquellen","visible":false,"moveMe":false},{"id":"8okoeps7fw0","author":"","crDate":1683294862928,"chDate":1683550915675,"overview":"","parent":"b8930wt5hmg","title":"Glossar","visible":false,"moveMe":false},{"id":"h5psyc9jtu8","author":"","crDate":1684928027339,"chDate":1684928036113,"overview":"","parent":"b8930wt5hmg","title":"Editoren","visible":true,"moveMe":false},{"id":"qteqty525xs","author":"","crDate":1687263228568,"chDate":1687263234087,"overview":"","parent":"h5psyc9jtu8","title":"Notepad++","visible":false,"moveMe":false},{"id":"8t6qtujxef0","author":"","crDate":1687263217068,"chDate":1687263221497,"overview":"","parent":"h5psyc9jtu8","title":"PHPstorm","visible":false,"moveMe":false},{"id":"ov76qf5bxq8","author":"","crDate":1684927807100,"chDate":1684927820268,"overview":"","parent":"fwv6gy8t41s","title":"Cheatsheet","visible":true,"moveMe":false},{"id":"k4qsmus9hdc","author":"","crDate":1683211730650,"chDate":1687868244632,"overview":"","parent":"rad5i4een68","title":"Module","visible":true,"moveMe":false},{"id":"cduiklllthc","author":"","crDate":1688646459062,"chDate":1688646469863,"overview":"","parent":"k4qsmus9hdc","title":"Lokal vs. Global","visible":true,"moveMe":false},{"id":"k7g7ogjtjc0","author":"","crDate":1683211748688,"chDate":1687959784723,"overview":"","parent":"k4qsmus9hdc","title":"Built-in","visible":true,"moveMe":false},{"id":"r52f70kyj1c","author":"","crDate":1683293905919,"chDate":1688644369586,"overview":"","parent":"k4qsmus9hdc","title":"NPM","visible":true,"moveMe":false},{"id":"j83lbajivqo","author":"","crDate":1688730143359,"chDate":1688730155015,"overview":"","parent":"r52f70kyj1c","title":"Beispiele","visible":true,"moveMe":false},{"id":"cf7m5h4q0a8","author":"","crDate":1683293918856,"chDate":1688647463522,"overview":"","parent":"k4qsmus9hdc","title":"Eigene Module","visible":true,"moveMe":false},{"id":"p67m6wqhdbk","author":"","crDate":1688731469524,"chDate":1689081687986,"overview":"","parent":"k4qsmus9hdc","title":"Express","visible":true,"moveMe":false},{"id":"4e9gkac6tdq","author":"","crDate":1683294559122,"chDate":1683294562649,"overview":"","parent":"rad5i4een68","title":"Hosting","visible":false,"moveMe":false},{"id":"64jrppodklk","author":"","crDate":1683209631199,"chDate":1683209635497,"overview":"","parent":"a8fmmou5494","title":"couchDB","visible":false,"moveMe":false},{"id":"80vmpbl9rn8","author":"","crDate":1683211065820,"chDate":1685111053117,"overview":"","parent":"kkzvlufblw0","title":"If","visible":true,"moveMe":false},{"id":"5983fb6r8kc","author":"","crDate":1683211074778,"chDate":1683292367333,"overview":"","parent":"kkzvlufblw0","title":"Switch","visible":false,"moveMe":false},{"id":"60v0cjg5gm8","author":"","crDate":1683292349064,"chDate":1686744840476,"overview":"","parent":"kkzvlufblw0","title":"Ternary","visible":true,"moveMe":false},{"id":"omr1amatilc","author":"","crDate":1683293548691,"chDate":1683293550880,"overview":"","parent":"l6c3jx05uq8","title":"JSON","visible":false,"moveMe":false},{"id":"r02g9ue589s","author":"","crDate":1683293816985,"chDate":1683293820348,"overview":"","parent":"l6c3jx05uq8","title":"XML","visible":false,"moveMe":false},{"id":"d00yszaq1qw","author":"","crDate":1683293826373,"chDate":1683293828828,"overview":"","parent":"l6c3jx05uq8","title":"CSV","visible":false,"moveMe":false},{"id":"imzdework34","author":"","crDate":1683293834125,"chDate":1683293837458,"overview":"","parent":"l6c3jx05uq8","title":"SOAP","visible":false,"moveMe":false},{"id":"82ianrmhwds","author":"","crDate":1683294620313,"chDate":1683294631471,"overview":"","parent":"jkbpza2kifc","title":"Eventlistener","visible":false,"moveMe":false},{"id":"7fkkt5tyzc4","author":"","crDate":1683294655453,"chDate":1683294659211,"overview":"","parent":"jkbpza2kifc","title":"Databinding","visible":false,"moveMe":false},{"id":"nsadzksx5e8","author":"","crDate":1683294677289,"chDate":1683294681680,"overview":"","parent":"jkbpza2kifc","title":"Klassen vergeben","visible":false,"moveMe":false},{"id":"fwv6gy8t41s","author":"","crDate":1683295149705,"chDate":1684927858068,"overview":"","parent":"h5psyc9jtu8","title":"Visual Studio Code","visible":true,"moveMe":false},{"id":"9y6eisw82x4","author":"","crDate":1684930970224,"chDate":1684930980342,"overview":"","parent":"fwv6gy8t41s","title":"Open Source","visible":false,"moveMe":false},{"id":"m9zfyzweqhs","author":"","crDate":1684929738047,"chDate":1684929852324,"overview":"","parent":"fwv6gy8t41s","title":"Erweiterbarkeit","visible":false,"moveMe":false},{"id":"8se322xwuj0","author":"","crDate":1683213605141,"chDate":1683213610459,"overview":"","parent":"nbm7cujri9c","title":"Constructor","visible":false,"moveMe":false},{"id":"br4ll5az07k","author":"","crDate":1687263243639,"chDate":1687263380700,"overview":"","parent":"h5psyc9jtu8","title":"Brackets","visible":false,"moveMe":false},{"id":"a8fmmou5494","author":"","crDate":1683209611080,"chDate":1683209615669,"overview":"","parent":"rad5i4een68","title":"Datenbanken","visible":false,"moveMe":false},{"id":"e2glj7rzapc","author":"","crDate":1683295005813,"chDate":1683295008244,"overview":"","parent":"rad5i4een68","title":"CORS","visible":false,"moveMe":false},{"id":"pde3tmgy05c","author":"","crDate":1683213154153,"chDate":1688393181411,"overview":"","parent":"7pv5if9hmo8","title":"Scope","visible":true,"moveMe":false},{"id":"dssiy08acc8","author":"","crDate":1683295449560,"chDate":1689140400164,"overview":"","parent":"p67m6wqhdbk","title":"Middleware","visible":true,"moveMe":false},{"id":"1w990pxsfrp","author":"","crDate":1689237224953,"chDate":1689237318525,"overview":"","parent":"dssiy08acc8","title":"Request","visible":true,"showContentOf":"qmn8w9ark8w","moveMe":false},{"id":"1zm76sufp96","author":"","crDate":1689237247270,"chDate":1689237322493,"overview":"","parent":"dssiy08acc8","title":"Response","visible":true,"showContentOf":"r1qb8mb52v4","moveMe":false},{"id":"byimjdedvkg","author":"","crDate":1683295429965,"chDate":1689146202634,"overview":"","parent":"p67m6wqhdbk","title":"Routen","visible":true,"moveMe":false},{"id":"pik7rdk2tz4","author":"","crDate":1683210348973,"chDate":1689254883707,"overview":"","parent":"p67m6wqhdbk","title":"Ajax","visible":true,"moveMe":false},{"id":"ogmmz51w7ow","author":"","crDate":1683210367946,"chDate":1683210371905,"overview":"","parent":"p67m6wqhdbk","title":"Dateiupload","visible":false,"moveMe":false},{"id":"o6wlw68jx3k","author":"","crDate":1683210470365,"chDate":1683210474539,"overview":"","parent":"p67m6wqhdbk","title":"Websocket","visible":false,"moveMe":false},{"id":"jcjfaf746y8","author":"","crDate":1688998816951,"chDate":1688998819693,"overview":"","parent":"p67m6wqhdbk","title":"CORS","visible":false,"moveMe":false},{"id":"qmn8w9ark8w","author":"","crDate":1689159426363,"chDate":1689163950838,"overview":"","parent":"byimjdedvkg","title":"Request","visible":true,"moveMe":false},{"id":"r1qb8mb52v4","author":"","crDate":1689159448888,"chDate":1689168081271,"overview":"","parent":"byimjdedvkg","title":"Response","visible":true,"moveMe":false}]}