{"content":[{"type":"paragraph","crDate":1736162975200,"chDate":1736163036725,"text":"<i>MessagePack</i> ist ein <i>binäres Datenformat</i>, das eine ähnliche Struktur wie JSON hat, jedoch kompakter und effizienter ist. Es ermöglicht die Serialisierung von Daten in ein binäres Format, was die Größe der Daten reduziert und die Übertragungsgeschwindigkeit erhöht. MessagePack ist besonders nützlich in Anwendungen, die eine hohe Leistung erfordern, da es weniger Speicherplatz benötigt und schneller verarbeitet werden kann.\n"},{"type":"paragraph","crDate":1736169377857,"chDate":1736169607086,"text":"Die Module sind hauptsächlich für Node entworfen. Einfach zu verwendende Module für einen Client stehen nicht wirklich zur Verfügung.\nMit dem Projekt <i>Browserify</i> sollte sich das Modul auch im Browser starten lassen."},{"type":"links","crDate":1736168968894,"chDate":1736168968894,"links":[{"title":"msgpack auf npm","url":"https://www.npmjs.com/package/@msgpack/msgpack"},{"title":"msgpack-lite auf npm","url":"https://www.npmjs.com/package/msgpack-lite"},{"title":"Projektseite","url":"https://msgpack.org/"},{"title":"Browserify","url":"https://browserify.org/"}]}]}