{"content":[{"type":"paragraph","crDate":1693395210504,"chDate":1693395632162,"text":"Eine Expression ist die Möglichkeit, direkt im DOM ausführbaren JS-Code einzutragen. Der Code wird dann ausgeführt und der Rückgabewert ausgegeben. Die Expression kann alles sein, solange sie nur aus einem einzelnen JS-Befehl besteht.\nEine Expression wird mit doppelten geschweiften Klammern <i>{{ }}</i> markiert."},{"type":"code","crDate":1693395742226,"chDate":1693395810094,"text":"&lt;div id=\"app\">\n &lt;p>\n  {{ 12 * 23 }}\n &lt;/p>\n &lt;p>\n  {{ ~~(Math.random() * 100) }}\n &lt;/p>\n &lt;p>\n  {{ x * y }}\n &lt;/p>\n &lt;p>\n  {{ createNum(0, 100) }}\n &lt;/p>\n&lt;/div>"}]}