{"content":[{"type":"paragraph","crDate":1684935464273,"chDate":1714739053496,"text":"Bei der Umwandlung von <i>Datentypen</i> ist nicht immer ganz klar, welcher Wert eines Datentyps in welchen Wert eines anderen Datentyps umgewandelt wird.\nJavascript nimmt diese Umwandlung in Form einer klaren Tabelle vor, sodass die Ergebnisse immer klar sind - wenn die Tabelle bekannt ist.\nDaher hier eine Übersicht:\n<table>\n        <tr>\n            <td>\n                <strong>x = </strong>\n            </td>\n            <td>\n                <strong>Boolean(x)</strong>\n            </td>\n            <td>\n                <strong>Number(x)</strong>\n            </td>\n            <td>\n                <strong>String(x)</strong>\n            </td>\n        </tr>\n        <tr>\n            <td>\n                <strong>undefined</strong>\n            </td>\n            <td>\n                false\n            </td>\n            <td>\n                NaN\n            </td>\n            <td>\n                'undefined'\n            </td>\n        </tr>\n        <tr>\n            <td>\n                <strong>null</strong>\n            </td>\n            <td>\n                false\n            </td>\n            <td>\n                0\n            </td>\n            <td>\n                'null'\n            </td>\n        </tr>\n        <tr>\n            <td>\n                <strong>true (boolean)</strong>\n            </td>\n            <td>\n                &nbsp;\n            </td>\n            <td>\n                1\n            </td>\n            <td>\n                'true'\n            </td>\n        </tr>\n        <tr>\n            <td>\n                <strong>false (boolean)</strong>\n            </td>\n            <td>\n                &nbsp;\n            </td>\n            <td>\n                0\n            </td>\n            <td>\n                'false'\n            </td>\n        </tr>\n        <tr>\n            <td>\n                <strong>-1</strong>\n            </td>\n            <td>\n                true\n            </td>\n            <td>\n                &nbsp;\n            </td>\n            <td>\n                '-1'\n            </td>\n        </tr>\n        <tr>\n            <td>\n                <strong>0</strong>\n            </td>\n            <td>\n                false\n            </td>\n            <td>\n                &nbsp;\n            </td>\n            <td>\n                '0'\n            </td>\n        </tr>\n        <tr>\n            <td>\n                <strong>1</strong>\n            </td>\n            <td>\n                true\n            </td>\n            <td>\n                &nbsp;\n            </td>\n            <td>\n                '1'\n            </td>\n        </tr>\n        <tr>\n            <td>\n                <strong>42</strong>\n            </td>\n            <td>\n                true\n            </td>\n            <td>\n                &nbsp;\n            </td>\n            <td>\n                '42'\n            </td>\n        </tr>\n        <tr>\n            <td>\n                <strong>12.34</strong>\n            </td>\n            <td>\n                true\n            </td>\n            <td>\n                &nbsp;\n            </td>\n            <td>\n                '12.34'\n            </td>\n        </tr>\n        <tr>\n            <td>\n                <strong>NaN</strong>\n            </td>\n            <td>\n                false\n            </td>\n            <td>\n                NaN\n            </td>\n            <td>\n                'NaN'\n            </td>\n        </tr>\n        <tr>\n            <td>\n                <strong>'' (leerer String)</strong>\n            </td>\n            <td>\n                false\n            </td>\n            <td>\n                0\n            </td>\n            <td>\n                &nbsp;\n            </td>\n        </tr>\n        <tr>\n            <td>\n                <strong>'Hallo'</strong>\n            </td>\n            <td>\n                true\n            </td>\n            <td>\n                NaN\n            </td>\n            <td>\n                &nbsp;\n            </td>\n        </tr>\n        <tr>\n            <td>\n                <strong>'true' (string)</strong>\n            </td>\n            <td>\n                true\n            </td>\n            <td>\n                NaN\n            </td>\n            <td>\n                &nbsp;\n            </td>\n        </tr>\n        <tr>\n            <td>\n                <strong>'false' (string)</strong>\n            </td>\n            <td>\n                true\n            </td>\n            <td>\n                NaN\n            </td>\n            <td>\n                &nbsp;\n            </td>\n        </tr>\n        <tr>\n            <td>\n                <strong>' '</strong>\n            </td>\n            <td>\n                true\n            </td>\n            <td>\n                0\n            </td>\n            <td>\n                &nbsp;\n            </td>\n        </tr>\n        <tr>\n            <td>\n                <strong>'42' (string)</strong>\n            </td>\n            <td>\n                true\n            </td>\n            <td>\n                42\n            </td>\n            <td>\n                &nbsp;\n            </td>\n        </tr>\n        <tr>\n            <td>\n                <strong>'12.34' (string)</strong>\n            </td>\n            <td>\n                true\n            </td>\n            <td>\n                12.34\n            </td>\n            <td>\n                &nbsp;\n            </td>\n        </tr>\n        <tr>\n            <td>\n                <strong>'12,34'</strong>\n            </td>\n            <td>\n                true\n            </td>\n            <td>\n                NaN\n            </td>\n            <td>\n                &nbsp;\n            </td>\n        </tr>\n        <tr>\n            <td>\n                <strong>Date() (object)</strong>\n            </td>\n            <td>\n                true\n            </td>\n            <td>\n                NaN\n            </td>\n            <td>\n               'Thu Aug 10 2017 13:53:57 GMT+0200'\n            </td>\n        </tr>\n        <tr>\n            <td>\n                <strong>{a:1,b:2}</strong>\n            </td>\n            <td>\n                true\n            </td>\n            <td>\n                NaN\n            </td>\n            <td>\n                '[object Object]'\n            </td>\n        </tr>\n        <tr>\n            <td>\n                <strong>[1,2,3,4]</strong>\n            </td>\n            <td>\n                true\n            </td>\n            <td>\n                NaN\n            </td>\n            <td>\n                1,2,3,4\n            </td>\n        </tr>\n        <tr>\n            <td>\n                <strong>{ }</strong>\n            </td>\n            <td>\n                true\n            </td>\n            <td>\n                NaN\n            </td>\n            <td>\n                [object Object]\n            </td>\n        </tr>\n        <tr>\n            <td>\n                <strong>[ ]</strong>\n            </td>\n            <td>\n                true\n            </td>\n            <td>\n                0\n            </td>\n            <td>\n                ''\n            </td>\n        </tr>\n</table>"}]}