{"content":[{"type":"subheader","crDate":1696407202193,"chDate":1696407214900,"text":"isPointInPath"},{"type":"paragraph","crDate":1696426825206,"chDate":1696427354904,"text":"Die <i>isPointInPath()</i>-Methode ermittelt, ob sich die angegebenen Koordinaten in einem Pfad befinden.\nWenn die Mathode auf den Context angewendet wird, dann werden die Koordinaten gegen alle Pfade geprüft.\nIm Beispiel unten ist zu beachten, dass der Canvas per CSS die <i>position:relative;</i> bekommen muss, da die Mausposition sonst falsch gelesen wird."},{"type":"code","crDate":1696427201508,"chDate":1696427214938,"text":"const c = document.querySelector('#myCanvas');\nconst ctx = c.getContext('2d');\n\nctx.beginPath();\nctx.rect(20, 20, 50, 110);\nctx.rect(100, 20, 90, 110);\nctx.rect(220, 20, 50, 110);\nctx.fill();\n\nc.addEventListener('mousemove', evt => {\n console.log(ctx.isPointInPath(evt.layerX, evt.layerY));\n})"},{"type":"paragraph","crDate":1696427363335,"chDate":1696430345850,"text":"Statt auf alle Pfade zu prüfen, kann der isPointInPath()-Methode auch der Name eines gespeicherten Pfades angegeben werden. Dann wird nur dieser Pfad geprüft."},{"type":"code","crDate":1696426826978,"chDate":1696426856516,"text":"const c = document.querySelector('#myCanvas');\nconst ctx = c.getContext('2d');\n\nlet myPath = new Path2D();\nmyPath.moveTo(30, 30);\nmyPath.lineTo(60, 20);\nmyPath.lineTo(150, 90);\nmyPath.lineTo(240, 20);\nmyPath.lineTo(270, 30);\nmyPath.lineTo(150, 120);\nmyPath.closePath();\nctx.fill(myPath);\n\nc.addEventListener('mousemove', evt => {\n console.log(ctx.isPointInPath(myPath, evt.layerX, evt.layerY));\n})"}]}