{"content":[{"type":"paragraph","crDate":1695986907027,"chDate":1695989129740,"text":"Um Kreise oder Kreisbögen zu zeichnen, dient die <i>arc()</i>-Methode.\nDiese nimmt fünf Parameter an.\n<ul>\n<li>X-Position des Mittelpunktes</li>\n<li>Y-Position des Mittelpunktes</li>\n<li>Radius in Pixel</li>\n<li>Startwinkel in Bogenmaß</li>\n<li>Endwinkel in Bogenmaß</li>\n</ul>"},{"type":"code","crDate":1695908831281,"chDate":1695908916622,"text":"ctx.beginPath();\nctx.arc(150, 75, 50, 0, 2 * Math.PI);\nctx.stroke();"},{"type":"image","crDate":1695908930946,"chDate":1695908930946,"filename":"6cfa60c5472fb34fd081a0805.png"},{"type":"paragraph","crDate":1695989179984,"chDate":1695989451477,"text":"Um einen Kreisbogen oder Kreisausschnitt zu zeichnen, werden andere Werte für den Start- und den Endwinkel angegeben.\nDabei ist zu beachten, dass alle Winkel im Bogenmaß angegeben werden müssen.\n0° bzw 0 bedeutet rechts.\n90°  bzw. 0.5*Math.PI bedeutet unten\n180° bzw. 1*Math.PI bedeutet unten\n270° bzw. 1.5*Math.PI bedeutet unten"},{"type":"code","crDate":1695908869112,"chDate":1695908873566,"text":"tx.beginPath();\nctx.arc(150, 75, 50, 0, 1.5 * Math.PI);\nctx.stroke();"},{"type":"image","crDate":1695908891809,"chDate":1695908891809,"filename":"6cfa60c5472fb34fd081a0804.png"},{"type":"paragraph","crDate":1695989467988,"chDate":1695991473692,"text":"Mit einem sechsten Parameter (Boolean) kann bestimmt werden, in welcher Richtung der Kreis(bogen) gezeichnet wird.\nStandardmäßig geht die Zeichenrichtung im Uhrzeigersinn. Mit einem <i>true</i> als sechsten Parameter wird gegen den Uhrzeigersinn gezeichnet."},{"type":"code","crDate":1695991487267,"chDate":1695991590964,"text":"ctx.beginPath();\nctx.arc(150, 75, 50, 0, 1.5 * Math.PI, true);\nctx.stroke();"},{"type":"image","crDate":1695991609995,"chDate":1695991609995,"filename":"3cd3d0fd8b99a9319adec4d04.png"},{"type":"subheader","crDate":1695991661338,"chDate":1695991666271,"text":"Tortenstück"},{"type":"paragraph","crDate":1695991747041,"chDate":1695991990227,"text":"Einen Kreisbogen zu füllen, sorgt dafür, dass der letzte und der erste Punkt miteinander verbunden werden. Wer also ein Tortenstück erwartet, wird enttäuscht werden."},{"type":"code","crDate":1695991999871,"chDate":1695992006214,"text":"tx.beginPath();\nctx.arc(150, 75, 50, 0, 1.5 * Math.PI);\nctx.fill();"},{"type":"image","crDate":1695992022088,"chDate":1695992022088,"filename":"3cd3d0fd8b99a9319adec4d05.png"},{"type":"paragraph","crDate":1695992029198,"chDate":1695992400114,"text":"Um ein Tortenstück zu zeichnen, muss zunächst der Mittelpunkt des Kreises angesprungen werden.\nNach dem Zeichnen des Kreisbogens wird der Pfad noch geschlossen, um das Tortenstück perfekt zu machen."},{"type":"code","crDate":1695909196935,"chDate":1695909202207,"text":"ctx.beginPath();\nctx.moveTo(150, 75);\nctx.arc(150, 75, 70, 0, 1.5 * Math.PI);\nctx.closePath();\nctx.fill();"},{"type":"image","crDate":1695909221633,"chDate":1695909221633,"filename":"6cfa60c5472fb34fd081a0807.png"},{"type":"subheader","crDate":1695991671374,"chDate":1695991675774,"text":"Ellipse"},{"type":"paragraph","crDate":1695992411414,"chDate":1695992576658,"text":"Neben einem Kreis kann der Canvas natürlich auch eine Ellipse zeichnen.\nDie ellipse()-Methode funktioniert genauso wie die <i>arc()</i>-Methode, mit dem Unterschied, dass zwei Radien für Horizonzal und Vertikal angegeben werden.\n"},{"type":"code","crDate":1695908770144,"chDate":1695908775272,"text":"ctx.beginPath();\nctx.ellipse(150, 75, 100, 50, 0, 0, 2 * Math.PI);\nctx.fill();"},{"type":"image","crDate":1695909087888,"chDate":1695909087888,"filename":"6cfa60c5472fb34fd081a0806.png"}]}