{"content":[{"type":"paragraph","crDate":1702039847777,"chDate":1702043862775,"text":"Häufig ist es notwendig, Daten lokal im Browser zu speichern. Gründe dafür könnten sein:\n<ul>\n<li><b>Verbesserte Leistung</b>\nDaten, die im Browser gespeichert sind, müssen nicht vom Server geladen werden. Dies beschleunigt das Laden der Seite.\n</li>\n<li><b>Individualisierung</b>\nIm lokalen Speicher können Daten abgelegt werden, um das individuelle Nutzererlebnis zu steuern. Dies können verwendetes Design, Einstellungen und mehr sein.\n</li>\n<li><b>Vereinfachte Navigation</b>\nDurch das Ablegen von Lesezeichen ist es möglich, die Navigation zu erleichtern.\n</li>\n<li><b>Autologin</b>\nUm sich auf einer Webseite nicht ständig neu anmelden zu müssen, kann das Login im lokalen Speicher hinterlegt und von hier automatisch zum Server übertragen werden.\n</li>\n</ul>"}]}