{"content":[{"type":"paragraph","crDate":1710774238953,"chDate":1758635771525,"text":"Eine <i>API</i> (Application Programming Interface) ist eine Schnittstelle zu einem laufenden Programm. Im Zusammenhang mit Ajax ist damit fast immer eine ReST-API gemeint. D.h., eine Schnittstelle, die über HTTP realisiert ist. Der größte Vorteil besteht darin, dass diese API global angesprochen werden können.\nDie bekanntesten Beispiele sind:\n<ul>\n<li><b>Twitter </b>\nErmöglicht den Zugriff auf verschiedene Funktionen und Daten von Twitter, wie das Abrufen von Tweets, das Posten von Tweets und das Verwalten von Benutzerkonten.</li>\n<li><b>Amazon Simple Storage Service (S3)</b>\nErmöglicht den Zugriff auf den Cloud-Speicherdienst von Amazon. Entwickler können über die API Dateien hochladen, herunterladen und verwalten.</li>\n<li><b>Google</b>\nBietet eine Vielzahl von RESTful-APIs an, darunter die Maps API, die Gmail API, die YouTube API und die Google Drive API. Diese APIs ermöglichen den Zugriff auf verschiedene Google-Dienste und Funktionen.</li>\n<li><b>Dropbox</b>\nErmöglicht den Zugriff auf den Cloud-Speicherdienst von Dropbox. Entwickler können über die API Dateien hochladen, herunterladen und verwalten.</li>\n<li><b>Spotify</b>\nErmöglicht den Zugriff auf Musikdaten, Alben, Künstler, Playlists und mehr. Entwickler können über die API Musikinhalte abrufen, suchen und wiedergeben.</li>\n<li><b>YouTube Data</b>\nErmöglicht den Zugriff auf YouTube-Videos, Kanäle, Kommentare und andere YouTube-Inhalte. Entwickler können über die API YouTube-Daten abrufen, hochladen und verwalten.</li>\n<li><b>OpenWeatherMap</b>\nErmöglicht den Zugriff auf Wetterdaten und Vorhersagen für verschiedene Standorte weltweit. Entwickler können über die API aktuelle Wetterdaten abrufen und in ihre Anwendungen integrieren.</li>\n<li><b>Stripe</b>\nErmöglicht die Integration von Zahlungsfunktionen in Webanwendungen. Entwickler können über die API Zahlungen abwickeln, Kunden verwalten und Transaktionsdaten abrufen.</li>\n<li><b>IMDB</b>\nErmöglicht den Zugriff auf Informationen über Filme, Fernsehserien, Schauspieler und andere Inhalte, die in der IMDb-Datenbank verfügbar sind. Die API ist zwar nicht offiziell dokumentiert, wird jedoch von Entwicklern genutzt und als schnell und zuverlässig beschrieben. Es gibt auch Drittanbieter-APIs, die auf IMDb-Daten zugreifen.</li>\n<li>Und viele mehr ...</li>\n</ul>\n"}]}