{"content":[{"type":"paragraph","crDate":1727791719552,"chDate":1727792531604,"text":"YAML ist ein Kürzel für <i>YAML Ain't Markup Language</i>.\nEs ist ein menschenlesbares Datenserialisierungsformat, das häufig für Konfigurationsdateien in Anwendungen, Webentwicklung und DevOps verwendet wird. Es ist so konzipiert, dass es einfach zu lesen und zu schreiben ist, was es besonders beliebt macht. \nIm Gegensatz zu Markup-Sprachen wie .md ist diese Sprache erdacht worden, um Datenstrukturen darzustellen.\nIn einer YAML-Datenstruktur können Maps, Arrays und Literals abgebildet werden."},{"type":"subheader","crDate":1727792697493,"chDate":1727792701356,"text":"Map"},{"type":"paragraph","crDate":1727792355460,"chDate":1727793469439,"text":"Eine Map wird als Folge von <i>key: value</i>-Paaren aufgelistet. \nJedes Attribut der Map wird in eine eigene Zeile geschrieben."},{"type":"code","crDate":1727793116891,"chDate":1727793524115,"text":"name: Max Mustermann\ngeburtstag: 1990\ngeschlecht: m"},{"type":"subheader","crDate":1727793235196,"chDate":1727793237713,"text":"Array"},{"type":"paragraph","crDate":1727793241885,"chDate":1727793286553,"text":"Ein Array (a.k.a. Liste) wird mit Bindestrichen aufgezählt"},{"type":"code","crDate":1727793534954,"chDate":1727793582161,"text":"- Lesen\n- Reisen\n- Fotografie\n- Malen\n- Schwimmen\n- Kochen"},{"type":"paragraph","crDate":1727794303557,"chDate":1727794375046,"text":"Alternativ kann ein Array auch in eckige Klammern <i>[ ]</i> geschrieben werden. Das spart Platz und kann die Übersicht erleichtern."},{"type":"code","crDate":1727794378668,"chDate":1727794381125,"text":"[21,32,65,54]"},{"type":"subheader","crDate":1727793607087,"chDate":1727793612182,"text":"Verschachtelung"},{"type":"paragraph","crDate":1727793614587,"chDate":1727794561347,"text":"Natürlich können diese Strukturen miteinander kombiniert werden. \nDie Verschachtelung der Elemente wird über Einrückungen erreicht.\nUnten eine Struktur von Maps, die in einem Array organisiert ist und ihrerseits mit Arrays gefüllt ist."},{"type":"code","crDate":1727793878934,"chDate":1727793938276,"text":"- name: Max Mustermann\n    alter: 30\n    geschlecht: männlich\n    hobbies:\n      - Lesen\n      - Reisen\n      - Fotografie\n  - name: Anna Beispiel\n    alter: 25\n    geschlecht: weiblich\n    hobbies:\n      - Malen\n      - Schwimmen\n      - Kochen\n  - name: Peter Müller\n    alter: 40\n    geschlecht: männlich\n    hobbies:\n      - Radfahren\n      - Wandern\n      - Musik hören\n"},{"type":"paragraph","crDate":1727794433740,"chDate":1727794944222,"text":"Arrays/Listen lassen sich gut zu einem zweidimensionalen Array verschachteln. Hierzu können die beiden Schrebweisen miteinander verbunden werden."},{"type":"code","crDate":1727794514928,"chDate":1727794516541,"text":"- [21, 54, 87]\n- [98, 65, 32]\n- [14, 25, 36]"},{"type":"subheader","crDate":1727795088685,"chDate":1727795097551,"text":"Kommentare"},{"type":"paragraph","crDate":1727795101284,"chDate":1727795254840,"text":"Mit einer Raute <i>#</i> wird ein Kommentar markiert. \nDie restliche Zeile rechts von der Raute wird dann nicht mehr interpretiert."},{"type":"code","crDate":1727795163369,"chDate":1727795222877,"text":"# Dies ist ein Kommentar\nprodukte:\n  name: Apfel  # Saftig und Lecker\n  preis: 0.40  # Ein akzeptabler Preis\n"},{"type":"links","crDate":1727792260586,"chDate":1727792260586,"links":[{"title":"Tutorial","url":"https://www.cloudbees.com/blog/yaml-tutorial-everything-you-need-get-started"},{"title":"Tutorial","url":"https://spacelift.io/blog/yaml"},{"title":"Viewer","url":"https://codebeautify.org/yaml-viewer-online"}]}]}