{"content":[{"type":"paragraph","crDate":1720096629349,"chDate":1720097605089,"text":"Gelegentlich kommt es vor, dass ein Attribut eines Objektes angesprochen werden soll, ohne dass dessen Existenz sichergestellt ist. In dem Fall kann das <i>Optional Chaining</i> helfen.\nIm Beispiel unten werden aus einem Objekt Attribute ausgelesen.\nWenn der Teil links vom Fragezeichen <i>undefined</i> oder <i>null</i> ist, dann wird dieses Ergebnis direkt zurückgegeben. Andernfalls wird der Teil rechts vom Fragezeichen ausgeführt.\n"},{"type":"code","crDate":1720096941902,"chDate":1720097221939,"text":"const person = {\n name: \"John\",\n kontakt: {\n  tel: '0123-456789'\n }\n};\n\nconsole.log(person.kontakt?.tel);  // -> '0123-456789'\nconsole.log(person.adresse?.strasse);  // -> undefined\n"}]}