{"content":[{"type":"paragraph","crDate":1686655982523,"chDate":1688387139749,"text":"<b>chatGPT</b>\nEin Large-Language-Modell, das auf Anfragen wie \"Generiere Webseiten-Inhalte für eine Landingpage zum Thema Zitronen\" mit HTML-Code antwortet. \nDie Antwort enthält brauchbaren Content auf deutsch.\n<b>You.com</b>\nEin Large-Language-Modell, das auf Anfragen wie \"Generiere Webseiten-Inhalte für eine Landingpage zum Thema Zitronen\" Text-Content liefert.\nDie Antwort enthält brauchbaren Content auf deutsch.\n<b>Jasper</b>\nEin Content-Generator, das Projektbasiert arbeitet und wesentlich besser und zielgerichteter anwenden lässt als allgemeine LLM.\nJasper bietet auch Bild-Generatoren, die aber z.Zt. noch schwach sind.\n<b>Jetpack</b>\nAI-basierte Erweiterung für Wordpress, die sehr umfangreiche Funktionen bietet."},{"type":"links","crDate":1686656269893,"chDate":1686656269893,"links":[{"title":"chatGPT","url":"https://chat.openai.com/"},{"title":"You.com","url":"http://you.com"},{"title":"Jasper","url":"https://www.jasper.ai/"},{"title":"Jetpack","url":"https://jetpack.com/ai/?ref=futuretools.io"}]},{"type":"subheader","crDate":1706540315128,"chDate":1706540319608,"text":"Scraping"},{"type":"paragraph","crDate":1706540321600,"chDate":1706540415146,"text":"Es gibt eigene Tools, um andere Webseiten nach Inhalten und Daten zu durchsuchen. Das Bekannteste ist vermutlich browse.ai.\nBrowse AI ist ein webbasiertes Tool, das es ermöglicht, Daten von jeder Website zu extrahieren und zu überwachen, ohne zu programmieren. Nutzer können ihre Interaktionen auf einer Website aufzeichnen, woraus Browse AI ein Muster macht, um so automatisch Daten zu extrahieren "}]}