{"content":[{"type":"paragraph","crDate":1693491229915,"chDate":1722953681621,"text":"Die <i>v-on</i>-Methode weist einem Webseiten-Element einen Eventlistener zu. Sie wird durch einen Doppelpunkt mit dem gewünschten Event verknüpft. \nAls Parameter bekommt die Direktive eine Methode aus der Vue-App zugewiesen. \nWenn der Event auftritt, wird die Vue-Methode aufgerufen."},{"type":"code","crDate":1722954276786,"chDate":1722954306698,"text":"// JS\nconst myApp = createApp({\n data() {\n  return {\n   count: 0\n  }\n },\n methods:{\n  inkrement(){\n   this.count++;\n  }\n }\n})"},{"type":"code","crDate":1722954314722,"chDate":1722954918462,"text":"&lt;!-- HTML -->\n&lt;div id=\"app\" class=\"container\">\n &lt;p>\n  {{count}}\n &lt;/p>\n &lt;button v-on:click=\"inkrement\">Inkrement&lt;/button>\n&lt;/div>"},{"type":"subheader","crDate":1693491557284,"chDate":1693491561194,"text":"Kurzsyntax"},{"type":"paragraph","crDate":1722952986281,"chDate":1722953047972,"text":"Statt <i>v-on</i> kann als Kurzsyntax ein einfaches <i>@</i>-Symbol verwendet werden."},{"type":"code","crDate":1722954957245,"chDate":1722954968341,"text":"&lt;button @click=\"inkrement\">Inkrement&lt;/button>"},{"type":"subheader","crDate":1693491564139,"chDate":1722954433633,"text":"Parameter übergeben"},{"type":"paragraph","crDate":1722954437643,"chDate":1722954610986,"text":"Eine Besonderheit von Vue ist, dass beim Aufruf der Callback-Funktion Parameter übergeben werden können.\n"},{"type":"code","crDate":1722954805314,"chDate":1722954832384,"text":"// JS\n\nconst myApp = createApp({\n data() {\n  return {\n   count: 0\n  }\n },\n methods:{\n  inkrement(num){\n   this.count += num;\n  }\n }\n})"},{"type":"code","crDate":1722954834684,"chDate":1722954904070,"text":"&lt;!-- HTML -->\n&lt;div id=\"app\" class=\"container\">\n &lt;p>\n  {{count}}\n &lt;/p>\n &lt;button v-on:click=\"inkrement(2)\">Inkrement&lt;/button>\n&lt;/div>"}]}