{"content":[{"type":"paragraph","crDate":1714488265367,"chDate":1714489193886,"text":"Mithilfe von einfachen Tags im SVG können simple Formen erzeugt werden.\nDie Namen der Tags sind dabei relativ selbsterklärend."},{"type":"subheader","crDate":1714488211290,"chDate":1714488261371,"text":"Rechteck"},{"type":"paragraph","crDate":1714489197022,"chDate":1714489585244,"text":"Das Rechteck versteht die folgenden Attribute:\n<ul>\n<li><b>x</b>: Abstand von der linken Kante</li>\n<li><b>y</b>: Abstand von der oberen Kante</li>\n<li><b>width</b>: Breite</li>\n<li><b>height</b>: Höhe</li>\n<li><b>stroke</b>: Farbe der Kante</li>\n<li><b>fill</b>: Füllfarbe</li>\n<li><b>stroke-width</b>: Linienbreite</li>\n<li><b>rx</b>: Horizontaler Ecken-Radius</li>\n<li><b>ry</b>: Vertikaler Ecken-Radius</li>\n</ul>"},{"type":"code","crDate":1714489243868,"chDate":1716822306592,"text":"&lt;svg class=\"illu\">\n &lt;rect \n  x=\"50\" y=\"50\" \n  width=\"100\" height=\"100\"\n />\n&lt;/svg>"},{"type":"paragraph","crDate":1716822105667,"chDate":1716822296520,"text":" <svg class=\"illu\">\n        <rect x=\"50\" y=\"50\" width=\"100\" height=\"100\" />\n    </svg>"},{"type":"subheader","crDate":1714489681364,"chDate":1716818194720,"text":"Kreis"},{"type":"paragraph","crDate":1714489690806,"chDate":1714490009171,"text":"Der Kreis versteht die folgenden Parameter:\n<ul>\n<li><b>cx</b>: Abstand des Mittelpunktes von der linken Kante</li>\n<li><b>cy</b>: Abstand des Mittelpunktes von der oberen Kante</li>\n<li><b>r</b>: Radius</li>\n<li><b>stroke</b>: Farbe der Kante</li>\n<li><b>fill</b>: Füllfarbe</li>\n<li><b>stroke-width</b>: Linienbreite</li>\n</ul>"},{"type":"code","crDate":1714489721684,"chDate":1716822214065,"text":"&lt;svg>\n &lt;circle \n  cx=\"100\" cy=\"100\" \n  r=\"50\"\n />\n&lt;/svg>"},{"type":"paragraph","crDate":1716821216273,"chDate":1716822219816,"text":"<svg class=\"illu\" width=\"200\" height=\"200\">\n <circle cx=\"100\" cy=\"100\" r=\"50\" />\n</svg>"},{"type":"subheader","crDate":1716820594499,"chDate":1716820597951,"text":"Ellipse"},{"type":"paragraph","crDate":1716820600319,"chDate":1716822023073,"text":"Eine Ellipse funktioniert wie ein Kreis, bekommt aber zwei Raien: Vertikal und Horizontal."},{"type":"code","crDate":1716820602142,"chDate":1716822255920,"text":"&lt;svg width=\"200\" height=\"200\">\n &lt;ellipse cx=\"100\" cy=\"100\" rx=\"80\" ry=\"50\" />\n&lt;/svg>"},{"type":"paragraph","crDate":1716820611479,"chDate":1716822245762,"text":"<svg class=\"illu\" width=\"200\" height=\"200\">\n <ellipse cx=\"100\" cy=\"100\" rx=\"90\" ry=\"50\" />\n</svg>"},{"type":"subheader","crDate":1716908730660,"chDate":1716908735046,"text":"Polyline"},{"type":"paragraph","crDate":1716908738340,"chDate":1716908876694,"text":"Eine Polyline ist eine Abfolge gerader Linien. Das <i>points</i>-Attribut enthält eine beliebige Anzahl an Koordinaten. Die x- und y-Werte sind mit Komma voneineander getrennt, die Koordinatenpaare dagegen haben kein Trennzeichen."},{"type":"code","crDate":1716908882144,"chDate":1716908921090,"text":"&lt;svg class=\"illu\">\n &lt;polyline stroke=\"#000\" fill=\"transparent\" points=\"\n  40,20\n  160,40\n  40,60\n  160,80\n  40,100\n  160,120\n  40,140\n  160,160\n  40,180\n \">&lt;/polyline>\n&lt;/svg>"},{"type":"paragraph","crDate":1716908891759,"chDate":1716908937901,"text":" <svg class=\"illu\">\n        <polyline stroke=\"#000\" fill=\"transparent\" points=\"40,20 160,40 40,60 160,80 40,100 160,120 40,140 160,160 40,180\"></polyline>\n    </svg>"}]}