{"content":[{"type":"paragraph","crDate":1715345162458,"chDate":1715345770705,"text":"Die Mosition der Maus kann nur durch einen Mausevent ausgelesen werden.\nEin empfehlenswerter Weg ist der, einen <i>mousemove</i>-Eventlistener zu verwenden, der die Mausposition in eine globale oder quasi-globale Variable speichert. Auf diese Weise kann die Mausposition jederzeit ausgelesen werden."},{"type":"code","crDate":1715346719839,"chDate":1715346734180,"text":"let mousePos = { x: 0, y: 0 };\n\nconst storeMousePos = evt => {\n mousePos = {\n  x: evt.clientX,\n  y: evt.clientY\n }\n}\n\ndocument.body.addEventListener('mousemove', storeMousePos);"}]}