{"content":[{"type":"paragraph","crDate":1695902279731,"chDate":1695902722450,"text":"Die Methoden <i>moveTo()</i> und <i>lineTo()</i> funktionieren fast identisch. Beide Methoden bewegen einen virtuellen Stift über den Canvas bis zu den als Parameter übergebenen Koordinaten. Diese Koordinaten sind der Startpunkt für die nächste Linie und so fort.\nDer Unterschied zwischen den Methoden ist, dass <i>lineTo()</i> einen Strich zieht und <i>moveTo()</i> nicht."},{"type":"code","crDate":1695903298326,"chDate":1695903311996,"text":"ctx.beginPath();\n\nctx.moveTo(50, 20);\nctx.lineTo(150, 20);\nctx.lineTo(250, 80);\nctx.lineTo(250, 130);\n\nctx.moveTo(50, 50);\nctx.lineTo(50, 80);\nctx.lineTo(120, 130);\nctx.lineTo(220, 130);\n\nctx.stroke();"},{"type":"image","crDate":1695903334131,"chDate":1695903334131,"filename":"6cfa60c5472fb34fd081a0801.png"},{"type":"subheader","crDate":1695972691722,"chDate":1695972696105,"text":"Beispiele"},{"type":"paragraph","crDate":1695972176479,"chDate":1695972573259,"text":"Mit diesen Techniken und ein bisschen Nachdenken lassen sich ohne weiteres auch komplexere Formen zeichnen. Als einfaches Beispiel hier eine Sinuskurve."},{"type":"code","crDate":1695972575763,"chDate":1695972646078,"text":"const c = document.querySelector('#myCanvas');\nconst ctx = c.getContext('2d');\nconst amp = 60;\nconst streckung = 1.5;\n\nctx.beginPath();\nctx.moveTo(0, c.height / 2);\nfor (let i = 0; i < c.width; i++) {\n let temp = i * streckung;\n temp = Math.sin(temp / 180 * Math.PI);\n temp *= amp;\n temp += c.height / 2;\n ctx.lineTo(\n  i,\n  temp\n )\n}\nctx.stroke();"},{"type":"image","crDate":1695972656261,"chDate":1695972656261,"filename":"3cd3d0fd8b99a9319adec4d00.png"},{"type":"paragraph","crDate":1695973479851,"chDate":1695973696563,"text":"Ein weiteres Beispiel zeigt ein sehr simples Programm, um auf dem Canvas zu zeichnen.\nDurch Bewegungen der Maus werden in einem Array neue Punkte angelegt. Diese werden dann in der render()-Funktion gezeichnet.\nDurch diese Art zu zeichnen werden sehr saubere Linien generiert."},{"type":"code","crDate":1695973405071,"chDate":1695973474248,"text":"const c = document.querySelector('#myCanvas');\nconst ctx = c.getContext('2d');\n\nconst path = [];\n\nconst render = () => {\n ctx.clearRect(0, 0, c.width, c.height);\n ctx.beginPath();\n ctx.moveTo(path[0].x, path[0].y);\n for (let point of path) {\n  ctx.lineTo(point.x, point.y)\n }\n ctx.stroke();\n}\n\nconst addPoint = evt => {\n path.push({\n  x: evt.layerX,\n  y: evt.layerY,\n })\n render();\n}\n\nc.addEventListener('mousemove', addPoint);"},{"type":"image","crDate":1695973772557,"chDate":1695973772557,"filename":"3cd3d0fd8b99a9319adec4d01.png"}]}