{"content":[{"type":"paragraph","crDate":1722253246193,"chDate":1722253247057,"text":"Neben dem default export kann auch ein benannter Export vorgenommen werden.\nDas hat ggf. den Vorteil, dass der Import denselben Namen haben \"muss\" wie im Modul. Dadurch werden Dinge wie automatische Umbenennungen erleichtert.\nDer Export bekommt eine neu angelegte Variable übergeben.\nIn einem Modul können so viele Exports wie gewünscht vorgenommen werden.\nBeim Import muss diese Variable mithilfe von destructuring entnommen werden."},{"type":"code","crDate":1722253268985,"chDate":1722253270712,"text":"// named.js\n'use strict';\n\nconst x = 12;\n\nexport let a = x;\nexport let b = x * 2;\nexport let c = x * 3;"},{"type":"code","crDate":1722253290415,"chDate":1722253292168,"text":"// index.js\n'use strict';\n\nimport { a, b, c } from './named.js';\n\nconsole.log(a);  // -> 12\nconsole.log(b);  // -> 24\nconsole.log(c);  // -> 36"}]}