{"content":[{"type":"paragraph","crDate":1716992318029,"chDate":1716992320197,"text":"In einer SVG-Grafik können Elemente mit IDs und Klassen versehen werden, um später darauf zugreifen zu können.\nSo können Elemente bspw. mit CSS-Styling versehen werden oder von anderen SVG-Elementen referenziert werden."},{"type":"subheader","crDate":1716992332466,"chDate":1716992334651,"text":"id"},{"type":"paragraph","crDate":1716992336854,"chDate":1717164723726,"text":"Wie aus HTML gewohnt, kann muss eine ID über das gesamte HTML-Dokument einmalig sein und ein Element kann auch nur eine ID tragen."},{"type":"code","crDate":1716992355597,"chDate":1716992357633,"text":"&lt;svg class=\"illu\">\n &lt;style>\n  #links {\n   fill: #f00;\n  }\n  #rechts {\n   fill: #00f;\n  }\n &lt;/style>\n &lt;rect id=\"links\" x=\"20\" y=\"20\" width=\"70\" height=\"160\" />\n &lt;rect id=\"rechts\" x=\"110\" y=\"20\" width=\"70\" height=\"160\" />\n&lt;/svg>"},{"type":"paragraph","crDate":1716992367327,"chDate":1716992369930,"text":"<svg class=\"illu\">\n        <style>\n            #links {\n                fill: #f00;\n            }\n\n            #rechts {\n                fill: #00f;\n            }\n        </style>\n        <rect id=\"links\" x=\"20\" y=\"20\" width=\"70\" height=\"160\" />\n        <rect id=\"rechts\" x=\"110\" y=\"20\" width=\"70\" height=\"160\" />\n    </svg>"}]}