{"content":[{"type":"paragraph","crDate":1770814615086,"chDate":1770888821236,"text":"In Next gibt es im Wesentlichen zwei Routing-Systeme:\n<ul>\n<li><b>Pages Router</b>: Ein älteres System, das etwas einfacher zu handhaben ist.</li>\n<li><b>App Router</b>: Der modernere Weg. Ist etwas komplexer, bietet dafür aber wesentlich mehr Möglichkeiten.</li>\n</ul>\nWir konzentrieren uns auf den App-Router, weil dieser einfach meisten Möglichkeiten bietet."},{"type":"paragraph","crDate":1770814997404,"chDate":1770816037424,"text":"Das Routing basiert auf dem Dateisystem:\nUnterordner von <i>/app</i> werden als Seiten interpretiert.\nJeder Ordner muss mindestens eine <i>page.js</i> enthalten, diese definiert die Seite. Diese page.js ist eine ganz normale React-Komponente.\nIn jeder der Komponenten kann nun ein Menü eingebaut werden, um die Unterseiten aufzurufen."},{"type":"subheader","crDate":1770816040425,"chDate":1770816043238,"text":"Beispiel"},{"type":"paragraph","crDate":1770816049316,"chDate":1770817589809,"text":"Wir haben eine einfache statische Seite mit drei Unterseiten: Home, Über uns, Impressum.\nDas Dateisystem wird dann folgendermaßen aufgebaut:\n├ Über-uns\n├─ page.js\n├ impressum\n├─ page.js\n├ layout.js\n└ page.js"},{"type":"paragraph","crDate":1770816794975,"chDate":1770817162946,"text":"Nun kann in die Home-Seite das Menü eingebunden werden.\nDazu dient die <i>Link</i>-Komponente. \nDas <i>href</i>-Attribut erhält den Namen des Ordners und setzt damit den Link automatisch."},{"type":"code","crDate":1770816990674,"chDate":1770817610895,"text":"&lt;div>\n &lt;Link href=\"/\">Home&lt;/Link>\n &lt;Link href=\"/ueber-uns\">Über uns&lt;/Link>\n &lt;Link href=\"/impressum\">Impressum&lt;/Link>\n&lt;/div>"},{"type":"subheader","crDate":1770817624361,"chDate":1770817627764,"text":"Layout"},{"type":"paragraph","crDate":1770817688131,"chDate":1770818627634,"text":"Die Layout-Datei bestimmt u.a. das Layout der Seiten im aktuellen Ordner und seinen Unterordnern.\nDie <i>layout.js</i> muss einen <i>default-Export</i> haben. Dieser bestimmt das Layout.\nDie Inhalte der Seiten werden als Children importiert und im Layout per <i>Expression</i> eingebunden.\nHier kann auch die Navigation von oben eingebunden werden. Damit muss sie nicht auf allen Seiten wiederholt werden."},{"type":"code","crDate":1770818637953,"chDate":1770818963652,"text":"export default RootLayout = ({children}) => {\n return (\n  &lt;html lang=\"en\">\n   &lt;body className={`${geistSans.variable} ${geistMono.variable}`}>\n    &lt;nav>\n     &lt;Link href=\"/\">Home&lt;/Link>\n     &lt;Link href=\"/ueber-uns\">Über uns&lt;/Link>\n     &lt;Link href=\"/users\">Users&lt;/Link>\n    &lt;/nav>\n    {children}\n   &lt;/body>\n  &lt;/html>\n );\n}"},{"type":"subheader","crDate":1770814869307,"chDate":1770814874286,"text":"Dynamische Routen"},{"type":"paragraph","crDate":1770819090209,"chDate":1770820236122,"text":"Dynamische Routen sind Platzhalter, um iterierbare Inhalte (Blogbeiträge, Benutzerdaten, etc) darzustellen.\nIm Beispiel oben fügen wir einen Unterordner für Userdaten ein (<i>users</i>). In diesem kommt ein weiterer Unterordner, dessen Name von Brackets \"<i>[ ]</i>\" umschlossen wird. Die [ ] markieren den Platzhalter. Der Name im [ ] bestimmt, welches Attribut als Key verwendet werden soll. In unserem Fall ist es die <i>id</i> des Datensatzes\n \n├ Über-uns\n├─ page.js\n├ impressum\n├─ page.js\n├ users\n├─ [id]\n├── page.js\n├─ page.js\n├ layout.js\n└ page.js\n\nDie Seite <i>users/page</i> enthält dann die Userliste."},{"type":"subheader","crDate":1770814880125,"chDate":1770814888182,"text":"Verschachtelte Routen"}]}