{"content":[{"type":"subheader","crDate":1704897091437,"chDate":1704897093780,"text":"Notes"},{"type":"paragraph","crDate":1704897089638,"chDate":1704975475047,"text":"Namen der Web Components müssen zweiteilig sein mit Hyphen \"-\"\n\nShadow DOM sorgt dafür, dass unser Code nur in unserer Komponente funktioniert\n\nInhalte werden als Slot übergeben. Im Template wird ein Element mit dem type=\"slot\" angelegt. Dieser wird mit dem Übergebenen Inhalt überschrieben.\nEin Inhalt kann auch das Attribut slot=\"nameDesSlots\" tragen. Dieser Inhalt ersetzt einen Slot im Template mit dem selben Namen.\n\nEinige Styles im globalen CSS werden in die Komponente übertragen"}]}