{"content":[{"type":"paragraph","crDate":1757583952845,"chDate":1757584067735,"text":"Live-Templates sind eine leistungsstarke Funktion in WebStorm, die den Entwicklungsprozess erheblich beschleunigt. Sie ermöglichen es, häufig verwendete Code-Snippets durch einfache Abkürzungen und einen Tastendruck automatisch einzufügen. \nDadurch müssen Sie wiederkehrende Strukturen nicht immer wieder aufs Neue schreiben.\n"},{"type":"subheader","crDate":1757584073927,"chDate":1757584078127,"text":"Funktionsweise"},{"type":"paragraph","crDate":1757584072173,"chDate":1757584234509,"text":"Ein Live-Template besteht aus einem <i>Kürzel</i> und dem <i>Code</i>.\nWenn ein Entwickler das Kürzel eingibt, dann bietet Webstorm an, das Kürzel durch den Code zu ersetzen. Durch Drücken der <i>Tab</i>-Taste kann der Vorschlag akzeptiert werden."},{"type":"subheader","crDate":1757584248635,"chDate":1757584263096,"text":"Live-Template anlegen"},{"type":"paragraph","crDate":1757584266876,"chDate":1757585983902,"text":"Ein neues Live-Template kann über <i>Menü -> File -> Settings -> Editor -> Live Templates</i> angelegt werden.\nZunächst muss die <i>Template-Group</i> (z.B. Javascript) durch Anklicken gewählt werden, damit das Template in der richtigen Gruppe angelegt wird.\nDann wird nach einem Klick auf das <i>+</i>-Icon \"<i>Live-Template</i>\" gewählt. \nIm sich öffnenden Eingabebereich kann nun folgendes eingegeben werden:\n<ul>\n<li><b>Abbreviation: </b>Das Kürzel, das im Code eingegeben werden kann, um das Temaplte einzubinden</li>\n<li><b>Description: </b>Eine kurze Beschreibung des Codes</li>\n<li><b>Template-Text: </b>Der Code, der eingebunden werden soll</li>\n<li><b>Applicable Context (unter dem Template-Text): </b>Der Kontext, in dem dieses Template zur Verfügung steht.</li>\n</ul>"},{"type":"image","crDate":1757584610002,"chDate":1757584610002,"filename":"11f9bafebf0fc18e66c348a00.jpg","subtext":"Oberfläche zum Management der Live-Templates"},{"type":"subheader","crDate":1757585894165,"chDate":1757585900110,"text":"Marker"},{"type":"paragraph","crDate":1757586079763,"chDate":1757586328562,"text":"<i>Marker</i> in Live-Templates sind spezielle Platzhalter, die mit <i>$</i> umschlossen werden, zum Beispiel <i>$URL$</i>.\nSie kennzeichnen innerhalb eines Templates die Stellen, an denen nach dem Einfügen des Templates eigene Werte eingegeben werden können.\nBeim Einfügen eines Live-Templates springt der Cursor automatisch von Marker zu Marker. Nach dem Eingeben des gewünschten Inhalts und der Enter-Taste springt der Cursor zum nächsten Marker.\n"},{"type":"code","crDate":1757586287345,"chDate":1757586288857,"text":"fetch('$URL$',{\n    method: 'post',\n    headers: {'content-type': 'application/json'},\n    body: JSON.stringify($BODY$),\n}).then(\n    res => res.json()\n).then(\n    () => $CODE$\n).catch(\n    console.warn\n)"},{"type":"subheader","crDate":1757585902123,"chDate":1757585907871,"text":"Export / Import"},{"type":"paragraph","crDate":1757592556938,"chDate":1757593200524,"text":"Um die Live-Templates zu exportieren, wird über <i>Menü -> Manage IDE Settings -> Export Settings</i> der Export-Dialog geöffnet.\nIn der Auswahl wird dann <i>Live Templates</i> und <i>Live Templates (Schemes)</i> ausgewählt. Evtl muss hierfür gescrollt oder das Fenster vergrößert werden.\nNach Auswahl das <i>Export-Pfades</i> und Klick auf <i>OK</i> werden dann die Live-Templates als einzelne XML-Files je Kategorie in einer ZIP-Datei exportiert.\n\nFür den Import wird über <i>Menü -> Manage IDE Settings -> Import Settings</i> eine Dateiauswahl angezeigt. \nHier kann eine ZIP-Datei gewählt werden. In einem folgenden Dialog kann dann ausgewählt werden, was importiert werden soll."}]}