{"content":[{"type":"subheader","crDate":1754294519085,"chDate":1754294542559,"text":"Type Alias"},{"type":"paragraph","crDate":1754294526110,"chDate":1754389117914,"text":"Ein <i>Type Alias</i> ist etwas einfacher und flexibler als Interfaces. \nSie nehmen einen bestehenden Datentypen (auch Primitives, Interfaces und anderes) und geben ihm einen Namen.\nType Aliase erlauben auch alternative Inhalte, die mit einem | verknüpft werden."},{"type":"code","crDate":1754302462942,"chDate":1754302471791,"text":"type UserID = string;\ntype Point = { x: number; y: number };\ntype Res = 'success' | 'error';\n\nlet id: UserID = 'abcd1234';\nlet myPt: Point = {x: 12, y: 34};\n\nconst res1: Res = 'success';\nconst res2: Res = 'error';\n\nconsole.log(id);\nconsole.log(myPt);\nconsole.log(res1);\nconsole.log(res2);"}]}