{"content":[{"type":"subheader","crDate":1695820036389,"chDate":1696515540750,"text":"Schatten"},{"type":"paragraph","crDate":1696512347720,"chDate":1696515322254,"text":"Der Schatten wird definiert durch den Weichzeichner, die Farbe und den Versatz. Es muss immer entweder eine Farbe und ein Weichzeichner oder eine Farbe und ein Versatz oder alle drei angegeben sein."},{"type":"code","crDate":1696515324479,"chDate":1696515564620,"text":"const c = document.querySelector('#myCanvas');\nconst ctx = c.getContext('2d');\n\nctx.shadowColor = 'rgba(0,0,0,.5)'\nctx.shadowBlur = 10;\nctx.shadowOffsetX = -5;\nctx.shadowOffsetY = 5;\n            \nctx.beginPath();\nctx.fillStyle = '#800'\nctx.rect(30, 30, 90, 90);\nctx.fill();\n            \nctx.shadowOffsetX = 5;\n\nctx.beginPath();\nctx.fillStyle = '#080'\nctx.arc(225, 75, 50, 0, 2 * Math.PI);\nctx.fill();"},{"type":"image","crDate":1696515375235,"chDate":1696515375235,"filename":"99640a5d3547b6f9845e3a30d.png"}]}