{"content":[{"type":"paragraph","crDate":1706106452021,"chDate":1706255320624,"text":"Es gibt eine handvoll Bibliotheken, die den Umgang mit Web Components erleichtern können. Mit der Verwendung einer Library macht man sich zwar wieder von einer Technologie abhängig, die nicht zum HTML5 gehört. Allerdings bieten die Libraries auch einige Vorteile, insbesondere was die Einfachheit des Codes angeht.\nHier sollen nur ein paar genannt werden, ohne tiefer auf die Einzelnen einzugehen. Es gibt noch weit mehr Libraries, um mit Web Components zu arbeiten."},{"type":"subheader","crDate":1706106448846,"chDate":1706106706986,"text":"Lit"},{"type":"paragraph","crDate":1706107918834,"chDate":1706108121041,"text":"Lit ist eines der beliebtesten Libraries für die Erstellung von Webcomponents.\nLit bietet einen modernen Aufbau und eine sehr dynamische Weiterentwicklung. "},{"type":"links","crDate":1706108155581,"chDate":1706108155581,"links":[{"title":"Offizielle Webseite","url":"https://lit.dev/"}]},{"type":"subheader","crDate":1706106710803,"chDate":1706106714177,"text":"Polymer"},{"type":"paragraph","crDate":1706108742867,"chDate":1706109012405,"text":"Polymer aus dem Hause Google wird auch von einigen Google-Projekten eingesetzt.\nPolymer hat eine beachtliche Lernkurve, bietet dafür aber ein sehr leistungsstarkes Interface."},{"type":"links","crDate":1706106821138,"chDate":1706106821138,"links":[{"title":"Offizielle Webseite","url":"https://polymer-library.polymer-project.org/"}]}]}