{"content":[{"type":"paragraph","crDate":1725875285839,"chDate":1725876745118,"text":"VSCode kann mittels spezifischer Dateien gesteuert werden. Diese müssen im Unterordner <i><b style=\"font-size:1.5em;\">.</b>vscode</i> des Projektordners liegen.\n"},{"type":"subheader","crDate":1725875423803,"chDate":1725876669856,"text":"settings.json"},{"type":"paragraph","crDate":1725875621204,"chDate":1725877035660,"text":"Die settings.json enthält Einstellungen, dir für ein Projekt gelten. \nDiese Settings sind dieselben, wie sie unter <i>file -> preferences -> settings</i> zu finden sind. Hier können also die Schriftgröße, Tabulator-Weite, Cursor-Stil und weit mehr bestimmt werden. \nDie Settings können auch aus der globalen Settings-Datei kopiert werden, die im Pfad (Windows) <i>C:\\Users\\username\\AppData\\Roaming\\Code\\User</i> zu finden ist.\n"},{"type":"subheader","crDate":1725875624023,"chDate":1725877142135,"text":"Markdown .md"},{"type":"paragraph","crDate":1725875627338,"chDate":1725883295800,"text":"VSCode unterstützt das Format <i><b style=\"font-size:1.5em;\">.</b>md</i> umfassend. \nDieses Format dient vor allem dazu, Beschreibungen, Dokumentationen und weitere Kommentare zu hinterlegen. \nIn VSCode kann mit <i>Ctrl-K -> V</i> eine Vorschau angezeigt werden.\nEinige der Funktionen von Markdown sind:<ul><li><b>Überschriften</b>\nMit der Raute <i>#</i> kann eine Überschrift angelegt werden. Mehrere Rauten hintereindander sorgen für ein weiteres Einrücken. Die Überschriften werden auch im Outliner angezeigt.</li><li><b>Tabellen</b><br>\nDas Pipesymbol <i style=\"font-style:normal;\">|</i> trennt die Tabellenspalten voneinander. Mit Bindestrichen können Tabellenkopf von Tabellenkörper getrennt werden.</li><li><b>Umbrüche</b><br>\nFür einen Zeilenumbruch werden am Ende der Zeile zwei Blanks eingefügt. \nEine Leerzeile fügt einen neuen Absatz ein.</li><li><b>Codevorschau</b>\nMit einfachen Backticks `` code`  kann Code inline markiert werden.\n Mit drei Backticks (<i>```` ` `  javascript</i>) kann die Vorschau von Code in der angegebenen Sprache aktiviert werden.</li> <li><b>Basisformate</b>\n*kursiv*, **fett**, ***fett und kursiv***, ~~Durchgestrichen~~\n</li> </ul>\nDie Bearbeitung von Markdown kann außerdem mit einigen Erweiterungen erleichtert werden."},{"type":"code","crDate":1725882034587,"chDate":1725883210123,"text":"# Formatierungen\n*kursiv*  \n**fett**  \n***fett und kursiv***  \n~~Durchgestrichen~~\n\n# Liste\n* Erster Punkt\n* Zweiter Punkt\n\n# Codeformatierung\n\n## JS inline\nDies hier: `let x = 12;` ist JS-Code\n\n## Javascript\n``` javascript\nconst myFun = () => {\n console.log('something');\n}\n```\n\n## CSS\n``` CSS\np {\n    font-size: 14px;\n}\n```\n\n# Tabelle\n| Buchstabe | Stadt | Land | Fluss |\n| ---- | ---- | ---- | ---- |\n| B | Berlin | Belgien | Bode |\n| M | Mainz | Mexiko | Mosel |\n| D | Dresden | Dänemark | Donau |"}]}