{"content":[{"type":"paragraph","crDate":1727783399489,"chDate":1727784374548,"text":"Das Textformat <i>.md</i> steht für <i>Markdown</i>, als vereinfachtes Gegenstück zu Markup-Sprachen wie HTML oder CSS. Es ist eine leichtgewichtige Auszeichnungssprache, die es ermöglicht, formatierten Text mit einem einfachen Texteditor zu erstellen. \n.md-Dateien sind Textdateien, die in einer der vielen verschiedenen Dialekte der Markdown-Sprache geschrieben sind. Sie werden häufig verwendet, um <i>Dokumentationen</i> zu erstellen.\nIn einer .md-Datei können simple Formatierungen sehr einfach umgesetzt werden, weswegen diese Sprache auch für Wikipedia und einige Blogs verwendet wird."},{"type":"subheader","crDate":1727788534027,"chDate":1727788538477,"text":"Absätze"},{"type":"paragraph","crDate":1727788541271,"chDate":1727788656065,"text":"Einfache Zeilenumbrüche haben nicht unbedingt den gewünschten Effekt in der Darstellung.\nErste zwei Zeilenumbrüche werden zuverlässig als neuer Absatz umgesetzt."},{"type":"subheader","crDate":1727783894801,"chDate":1727785506262,"text":"Einfache Formatierungen"},{"type":"paragraph","crDate":1727784682844,"chDate":1727786481075,"text":"In MD werden nicht alle Formatierungen mit öffnendem und schließendem Code umschlossen. Formatierungen für die ganze Zeile (Überschriften, Listen, etc.) werden einfach vor die Zeile gestellt."},{"type":"code","crDate":1727783902956,"chDate":1727790090323,"text":"**Fettschrift**\n\n*Kursivschrift*\n\n~~Durchgestrichen~~\n\n# Überschrift 1\n## Überschrift 2\n### Überschrift 3\n#### Überschrift 4\n\n<sub> Tiefgestellt </sub>\n\n<sup> Hochgestellt </sup>\n\n> Dies ist ein Zitat"},{"type":"subheader","crDate":1727790253888,"chDate":1727790257552,"text":"Code"},{"type":"paragraph","crDate":1727790259774,"chDate":1727790493206,"text":"Codeabschnitte können mit einfachen Backticks markiert.\nWenn ein ganzer Abschnitt als Code markiert werden soll, dann wird dieser mit drei Backticks ``````markiert.````"},{"type":"code","crDate":1727790284154,"chDate":1727790713814,"text":"Absätze werden mit `&lt;p>&lt;/p>` markiert.\n\nNormaler Text.\n\n```\nconst example = () => {\n console.log('Dies ist nur ein Beispiel');\n}\n```"},{"type":"subheader","crDate":1727785431407,"chDate":1727785435472,"text":"Listen"},{"type":"paragraph","crDate":1727786249256,"chDate":1727786305292,"text":"Unsortierte Listen werden mit einem Bindestrich aufgelistet.\nFür Unterpunkte wird der Bindestrich mit einem Tab eingerückt."},{"type":"code","crDate":1727785439236,"chDate":1727786242597,"text":"- Ein Punkt\n- Zweiter Punkt\n  - Erster Unterpunkt\n  - Zweiter Unterpunkt\n    - Erster Unter-Unterpunkt\n    - Zweiter Unter-Unterpunkt\n  - Dritter Unterpunkt\n    - Dritter Unter-Unterpunkt\n- Dritter Punkt"},{"type":"paragraph","crDate":1727785565019,"chDate":1727786461078,"text":"Eine nummerierte Liste kann erstellt werden, indem vor den ersten Listenpunkt die Zahl angegeben wird, mit der begonnen werden soll. Aller weiteren Listenpunkte werden in Einserschritten inkrementiert, egal welche Zahl der Zeile voransteht. Eine Zahl muss es allerdings sein. So kann z.B. jeder Listenpunkt mit einer 1. beginnen, was eine Umsortierung stark vereinfacht.\n<b>Achtung</b>: Bitte den Punkt hinter der Zahl beachten.\nUnterlisten werden mit einem Tab eingerückt.\nAuch bei den Unterlisten bestimmt der erste Punkt die Startnummer, alle weiteren Listenpunkte werden inkrementiert."},{"type":"code","crDate":1727786101184,"chDate":1727786102278,"text":"1. Früchte\n    1. Äpfel\n    1. Bananen\n    1. Kirschen\n1. Gemüse\n    8. Karotten\n        1. gelb\n        1. rot\n        1. grün\n    1. Brokkoli\n    1. Spinat"},{"type":"subheader","crDate":1727786717377,"chDate":1727786720448,"text":"Bilder"},{"type":"paragraph","crDate":1727786724290,"chDate":1727788480278,"text":"Auch Bilder können in md eingebunden werden. Ein Bild wird mit einem Ausrufezeichen <i>!</i> markiert.\nDem ! folgt eine eckige Klammer <i>[ ]</i> mit einem Alt-Text. Diese Klammer ist Pflicht.\nDem ![] folgt eine runde Klammer <i>()</i>. Diese enthält die URL, unter der das Bild zu finden ist.\nBilder werden grundsätzlich inline eingebunden."},{"type":"code","crDate":1727787744346,"chDate":1727788771186,"text":"Hier ist ein Bild ![Inlinebild](https://dummyimage.com/40x40) inline\n![Dummy-Bild](https://dummyimage.com/40x40)\n![Inlinebild](https://dummyimage.com/40x40)\n![Inlinebild](https://dummyimage.com/40x40)\n\n![Dummy-Bild in 400*400px](https://dummyimage.com/200x200) \n\n![Dummy-Bild in 400*400px](https://dummyimage.com/200x250)"},{"type":"subheader","crDate":1727788980954,"chDate":1727789346891,"text":"Checkboxen"},{"type":"paragraph","crDate":1727788999489,"chDate":1727789399080,"text":"Eine Liste mit Aufgaben oder Punkten, die abgehakt werden können."},{"type":"code","crDate":1727789401333,"chDate":1727789403150,"text":"- [ ] Punkt 1\n- [x] Punkt 2\n- [ ] Punkt 3"},{"type":"links","crDate":1727784308020,"chDate":1727784308020,"links":[{"title":"Converter md -> html -> md","url":"https://showdownjs.com/"},{"title":"Live Preview","url":"https://markdownlivepreview.com/"}]}]}