{"content":[{"type":"paragraph","crDate":1686639441904,"chDate":1748246091345,"text":"Das Thema AI (<i>Artificial Intelligence</i>) oder KI (<i>Künstliche Intelligenz</i>) ist umstritten, aber unumgänglich.\nManch einer hat Angst davor, den Job an die KI zu verlieren. Andere sehen die KI als ein Werkzeug unter vielen. \n<b>Noch</b> ist es nicht so weit, dass die KI ein vollständiges Projekt allein umsetzen kann. Das liegt vor allem daran, dass die KI nicht wirklich \"versteht\", in welchem Kontext mit welchen Voraussetzungen, etc das Projekt später laufen soll."},{"type":"subheader","crDate":1698066506622,"chDate":1698066509156,"text":"Übersicht"},{"type":"paragraph","crDate":1698066524122,"chDate":1748246139649,"text":"Es gibt tausende von AI-Tools zu den verschiedensten Zwecken und es ist kaum möglich, die Übersicht zu behalten.\nIm Folgenden zwei Webseiten, in der die meisten dieser Tools zusammengefasst werden."},{"type":"links","crDate":1698067282828,"chDate":1698067282828,"links":[{"title":"Theres an AI for that","url":"https://theresanaiforthat.com/"},{"title":"Future Tools","url":"https://www.futuretools.io/"},{"title":"Futurepedia","url":"https://www.futurepedia.io/"}]},{"type":"paragraph","crDate":1702305044604,"chDate":1748246148694,"text":"Der Markt der KI-Tools ändert sich ständig. Buchstäblich jede Woche kommen neue Tools, um Bilder zu erzeugen, Animationen aus Bildern, Text zu Bilder, Text zu Video, Text zu 3D, Bildverbesserung, Videoverbesserung, etc, etc.\nDas Wichtigste, um bei der Vielfalt an Tools einigermaßen up-to-date zu bleiben ist eine große Lust am Experimentieren."}]}