{"content":[{"type":"paragraph","crDate":1696248161567,"chDate":1696252984663,"text":"Canvas kann für Outlines und Füllungen gleichermaßen verschiedene Farbsysteme und Füllungen anwenden.\nIm einfachsten Fall ist dies eine einfache Farbe. Es werden alle Farbsysteme verstanden, die auch CSS versteht: \n<ul>\n<li>Hex: #abcdef</li>\n<li>rgb: rgb(128,160,200)</li>\n<li>rgba: rgba(128,160,200,.5)</li>\n<li>hsl: hsl(270, 80%, 70%)</li>\n<li>hsla: hsla(270, 80%, 70%, .5)</li>\n</ul>"},{"type":"code","crDate":1696254450897,"chDate":1696254795202,"text":"ctx.beginPath();\n\nctx.lineWidth = 4;\nctx.fillStyle = '#f88';\nctx.strokeStyle = '#00f';\nctx.arc(50, 50, 40, 0, 2 * Math.PI);\n\nctx.fill();\nctx.stroke();"},{"type":"image","crDate":1696254609954,"chDate":1696254609954,"filename":"f0949f98a4f2f9e5bc6586803.png"},{"type":"paragraph","crDate":1696253201424,"chDate":1696253801283,"text":"Die Farbe wird erst beim <i>Ausführen</i> der fill()- bzw. der stroke()-Methode gelesen und zum Zeichnen verwendet.\nD.h., dass erst die letzte Änderung vor dem Zeichnen verwendet wird."},{"type":"code","crDate":1696254195714,"chDate":1696254212879,"text":"ctx.beginPath();\n\nctx.fillStyle = '#f00';\nctx.moveTo(50,50);\nctx.arc(50, 50, 40, 0, 2 * Math.PI);\n            \nctx.fillStyle = '#0f0';\nctx.moveTo(c.width - 50, 50);\nctx.arc(c.width - 50, 50, 40, 0, 2 * Math.PI);\n            \nctx.fillStyle = '#00f';\nctx.moveTo(c.width / 2, c.height - 50);\nctx.arc(c.width / 2, c.height - 50, 40, 0, 2 * Math.PI);\n\nctx.fill();"},{"type":"image","crDate":1696254346198,"chDate":1696254346198,"filename":"f0949f98a4f2f9e5bc6586801.png"}]}