{"content":[{"type":"paragraph","crDate":1716991582728,"chDate":1716991786546,"text":"In einer SVG-Grafik können Elemente mit IDs und Klassen versehen werden, um später darauf zugreifen zu können.\nSo können Elemente bspw. mit CSS-Styling versehen werden oder von anderen SVG-Elementen referenziert werden."},{"type":"subheader","crDate":1716908429254,"chDate":1716908431239,"text":"id"},{"type":"paragraph","crDate":1716991791084,"chDate":1716991820482,"text":"Wie aus HTML gewohnt, kann muss eine ID einmalig sein und ein Element kann auch nur eine ID tragen."},{"type":"code","crDate":1716992145380,"chDate":1716992252598,"text":"&lt;svg class=\"illu\">\n &lt;style>\n  #links {\n   fill: #f00;\n  }\n  #rechts {\n   fill: #00f;\n  }\n &lt;/style>\n &lt;rect id=\"links\" x=\"20\" y=\"20\" width=\"70\" height=\"160\" />\n &lt;rect id=\"rechts\" x=\"110\" y=\"20\" width=\"70\" height=\"160\" />\n&lt;/svg>"},{"type":"paragraph","crDate":1716992143738,"chDate":1716992149706,"text":"<svg class=\"illu\">\n        <style>\n            #links {\n                fill: #f00;\n            }\n\n            #rechts {\n                fill: #00f;\n            }\n        </style>\n        <rect id=\"links\" x=\"20\" y=\"20\" width=\"70\" height=\"160\" />\n        <rect id=\"rechts\" x=\"110\" y=\"20\" width=\"70\" height=\"160\" />\n    </svg>"},{"type":"subheader","crDate":1716908432633,"chDate":1716908435232,"text":"class"}]}