{"content":[{"type":"paragraph","crDate":1717762610946,"chDate":1720613105657,"text":"Ein Element enthält einige Attribute, um das Aussehen zu steuern. Durch das Ändern der Attribute wird die Anzeige verändert. Im Beispiel wird mit einer <i>requestAnimation()</i>-Funktion die Füllfarbe des Rechtecks verändert."},{"type":"code","crDate":1717763837258,"chDate":1720612738874,"text":"&lt;!-- HTML -->\n&lt;svg>\n &lt;rect \n  x=\"50\" y=\"50\" \n  width=\"100\" height=\"100\" \n  fill=\"hsla(0,100%,50%)\">\n &lt;/rect>\n&lt;/svg>\n"},{"type":"code","crDate":1717763849384,"chDate":1720613118360,"text":"// Javascript\nconst el = document.querySelector('svg rect');\nlet counter = 0;\nlet speed = 3;\n\nconst doStuff = () => {\n counter = (counter + speed) % 360;\n el.setAttribute('fill', `hsla(${counter},100%,50%)`)\n\n requestAnimationFrame(doStuff)\n}\n\nrequestAnimationFrame(doStuff)"},{"type":"paragraph","crDate":1717764294457,"chDate":1717764358257,"text":"Im folgenden Beispiel wird wird das Element bewegt und verwendet die Sinus-Methode, um auch vertikal bewegt zu werden."},{"type":"code","crDate":1717764365973,"chDate":1720613130729,"text":"&lt;!-- HTML -->\n&lt;svg>\n &lt;rect class=\"animateMe\" x=\"20\" y=\"160\" width=\"40\" height=\"40\" fill=\"#000\">&lt;/rect>\n&lt;/svg>"},{"type":"code","crDate":1717764394207,"chDate":1720613142896,"text":"// Javascript\nconst el = document.querySelector('svg .animateMe');\nlet counter = 0;\nlet speed = 1;\n\nconst doStuff = () => {\n let posY = Math.abs(Math.sin(counter / 10) * 50)\n el.setAttribute('x', counter - 40)\n el.setAttribute('y', 160 - posY)\n\n counter = ((counter + speed) % 240);\n requestAnimationFrame(doStuff)\n}\n\nrequestAnimationFrame(doStuff)"}]}