{"content":[{"type":"paragraph","crDate":1716822876975,"chDate":1716898705366,"text":"Das Standard-Tag für eine freie Form ist das <i>path</i>-Tag.\nEs erlaubt die Definition beliebig vieler Stützpunkte, um einen Pfad zu zeichnen.\nDie Definition des Pfades erfolgt in Form eines langen Strings im <i>d</i>-Attribut. Jeder Stützpunkt besteht aus einem Kürzel für die Art des Pfades und den Parametern.\nJeden Stützpunkt kann man sich vorstellen wie ein Ziel, auf das ein virtueller Stift zusteuert. Dabei entscheidet der Typ und die Parameter, wie dies geschieht."},{"type":"subheader","crDate":1716898541049,"chDate":1716898579605,"text":"Move"},{"type":"paragraph","crDate":1716823172493,"chDate":1716899319875,"text":"Der <i>Move</i>-Stützpunkt bringt den virtuellen Stift an die gewünschte Position, ohne einen Strich zu zeichnen.\nBefehle:\n<i>M</i>: Verschiebt den Stift an die Position relativ zum Gesamtbild.\nParameter: x, y\n<i>m</i>: Bewegt den Stift um die gegebenen Werte relativ zum letzten Punkt\nParameter: x, y"},{"type":"subheader","crDate":1716899019099,"chDate":1717166044873,"text":"Gerade Linie"},{"type":"paragraph","crDate":1716899026742,"chDate":1716899580827,"text":"Der <i>Line</i>-Stützpunkt zeichnet eine gerade Linie zum angegebenen Punkt. \nBefehle:\n<i>L</i>: Zeichnet eine Linie zur Position relativ zum Gesamtbild\nParameter: x, y\n<i>l</i>: Zeichnet eine Linie zur Position relativ zum letzten Punkt\nParameter: x, y\n<i>H</i>: Zeichnet eine horizontale Linie zur X-Position relativ zum Gesamtbild\nParameter: x\n<i>h</i>: Zeichnet eine horizontale Linie zur X-Position relativ zum letzten Punkt\nParameter: x\n<i>V</i>: Zeichnet eine vertikale Linie zur Y-Position relativ zum Gesamtbild\nParameter: y\n<i>v</i>: Zeichnet eine vertikale Linie zur Y-Position relativ zum letzten Punkt\nParameter: y"},{"type":"code","crDate":1716899709045,"chDate":1716899762755,"text":"&lt;svg class=\"illu\">\n &lt;path stroke=\"#000\" fill=\"transparent\"\n  d=\"M 50 50\n  L 150 50     \n  L 150 100\n  M 150 150\n  L 50 150\n  L 50 100\"\n />\n&lt;/svg>"},{"type":"paragraph","crDate":1716899735925,"chDate":1716899860146,"text":" <svg class=\"illu\">\n        <path stroke=\"#000\" fill=\"transparent\" d=\"M 50 50 L 150 50 L 150 100 M 150 150 L 50 150 L 50 100\"></path>\n    </svg>"},{"type":"code","crDate":1716900072393,"chDate":1716900111200,"text":"&lt;svg class=\"illu\">\n &lt;path stroke=\"#000\" fill=\"transparent\" d=\"\n  M 50 50\n  h 120 l -120 20 \n  h 120 l -120 20 \n  h 120 l -120 20 \n  h 120 l -120 20 \n \" />\n&lt;/svg>"},{"type":"paragraph","crDate":1716900123233,"chDate":1716900153440,"text":" <svg class=\"illu\">\n        <path stroke=\"#000\" fill=\"transparent\" d=\"M 50 50 h 120 l -120 20  h 120 l -120 20  h 120 l -120 20  h 120 l -120 20\" />\n    </svg>"},{"type":"subheader","crDate":1716900223915,"chDate":1716901474011,"text":"Kubische Kurve"},{"type":"paragraph","crDate":1716900232704,"chDate":1716901150556,"text":"Eine Kubische Bezierkurve ist eine glatte Kurve, die durch den Endpunkt sowie zwei Kontrollpunkte definiert wird. Der Start-Kontrollpunkt definiert, in welche Richtung die Linie vom letzten Stützpunkt aus läuft. Der End-Kontrollpunkt definiert, von wo die Linie zum Endpunkt läuft.\n<i>C</i>: Zeichnet die Kurve. Punkte werden als absolute Koordinaten genommen.\nParameter: \nx, y des Start-Kontrollpunktes\nx, y des End-Kontrollpunktes\nx, y des Endpunktes\n<i>c</i>: Zeichnet die Kurve. Punkte werden als relative Koordinaten zum letzten Stützpunkt genommen.\nParameter: \nx, y des Start-Kontrollpunktes\nx, y des End-Kontrollpunktes\nx, y des Endpunktes"},{"type":"code","crDate":1716901028879,"chDate":1716905411877,"text":"&lt;svg class=\"illu\">\n &lt;path stroke=\"#000\" fill=\"transparent\" d=\"\n  M 50 50\n  C 100 50 100 150 150 150 \n \">&lt;/path>\n&lt;/svg>"},{"type":"paragraph","crDate":1716901033762,"chDate":1716901103308,"text":"<svg class=\"illu\">\n <path stroke=\"#000\" fill=\"transparent\" d=\"M 50 50 C 100 50 100 150 150 150 \"></path>\n <rect stroke=\"#fff\" fill=\"red\" x=\"100\" y=\"50\" width=\"5\" height=\"5\" />\n <rect stroke=\"#fff\" fill=\"green\"  x=\"100\" y=\"150\" width=\"5\" height=\"5\" />\n</svg>"},{"type":"code","crDate":1716901302575,"chDate":1716901354190,"text":"&lt;svg class=\"illu\">\n &lt;path stroke=\"#000\" fill=\"transparent\" d=\"\n  M 50 50\n  c 10 0 10 10 20 10 \n  c 10 0 10 10 20 10 \n  c 10 0 10 10 20 10 \n  c 10 0 10 10 20 10 \n  c 10 0 10 10 20 10 \n \">&lt;/path>\n&lt;/svg>"},{"type":"paragraph","crDate":1716901299763,"chDate":1716901339380,"text":" <svg class=\"illu\">\n        <path stroke=\"#000\" fill=\"transparent\" d=\"M 50 50 c 10 0 10 10 20 10  c 10 0 10 10 20 10  c 10 0 10 10 20 10  c 10 0 10 10 20 10 c 10 0 10 10 20 10 \"></path>\n    </svg>"},{"type":"subheader","crDate":1716901453276,"chDate":1716901461986,"text":"Quadratische Kurve"},{"type":"paragraph","crDate":1716901733703,"chDate":1716902343331,"text":"Die quadratische Kurve zeichnet eine glatte Kurve mit einem Kontrollpunkt, der die Ablenkung der Linie steuert.\n<i>Q</i>: Zeichnet die Kurve. Punkte werden als absolute Koordinaten genommen.\nParameter: \nx, y des Kontrollpunktes\nx, y des Endpunktes\n<i>q</i>: Zeichnet die Kurve. Punkte werden als relative Koordinaten zum letzten Stützpunkt genommen.\nParameter: \nx, y des Start-Kontrollpunktes\nx, y des Endpunktes\n<i>T</i>: Der Kontrollpunkt wird als Spiegelung des vorigen Kontrollpunktes übernommen. Auf diese Weise kann der Übergang von einer zur nächsten Kurve sauber erfolgen.\nParameter: \nx, y des Endpunktes\n<i>t</i>: Der Kontrollpunkt wird als Spiegelung des vorigen Kontrollpunktes übernommen. Auf diese Weise kann der Übergang von einer zur nächsten Kurve sauber erfolgen. Die Koordinaten werden als relative Werte vom letzten Stützpunkt genommen\nParameter: \nx, y des Endpunktes"},{"type":"code","crDate":1716904800272,"chDate":1716905316028,"text":"&lt;svg class=\"illu\">\n &lt;path stroke=\"#000\" fill=\"transparent\" d=\"\n  M 20 20\n  Q 50 20 50 100\n  T 100 150\n  q 50 30 50 -50 \n  t 30 0\n \">&lt;/path>\n&lt;/svg>"},{"type":"paragraph","crDate":1716904809930,"chDate":1716905370755,"text":"<svg class=\"illu\">\n <path stroke=\"#000\" fill=\"transparent\" d=\"M 20 20 Q 50 20 50 100 T 100 150 q 50 30 50 -50  t 30 0\"></path>\n <rect stroke=\"#fff\" fill=\"#f00\" x=\"50\" y=\"20\" width=\"5\" height=\"5\"></rect>\n <rect stroke=\"#f00\" fill=\"#fff\" x=\"100\" y=\"180\" width=\"5\" height=\"5\"></rect>\n <rect stroke=\"#fff\" fill=\"#f00\" x=\"150\" y=\"180\" width=\"5\" height=\"5\"></rect>\n <rect stroke=\"#f00\" fill=\"#fff\" x=\"150\" y=\"20\" width=\"5\" height=\"5\" ></rect>\n</svg>"},{"type":"subheader","crDate":1716905481830,"chDate":1716905490227,"text":"Elliptischer Bogen"},{"type":"paragraph","crDate":1716905492278,"chDate":1716907936356,"text":"Ein Elliptischer Bogen ist definiert als Teil einer Ellipse. Dabei werden die gewünschten Zielkoordinaten angegeben, Dinge wie der Mittelpunkt der Ellipse werden automatisch ermittelt.\n<i>A</i>\nParameter:\nHorizontaler Radius, Vertikaler Radius,\nWinkel, um den die Ellipse gedreht ist,\nFlag, ob der kurze (0) oder der lange (1) Teil der Ellipse verwendet werden soll,\nFlag, ob gegen den Uhrzeigersinn (0) oder im Uhrzeigersinn (1) gezeichnet werden soll,\nHorizontaler Zielpunkt, vertikaler Zielpunkt\n<i>a</i>\nParameter:\nHorizontaler Radius, Vertikaler Radius,\nWinkel, um den die Ellipse gedreht ist,\nFlag, ob der kurze (0) oder der lange (1) Teil der Ellipse verwendet werden soll,\nFlag, ob gegen den Uhrzeigersinn (0) oder im Uhrzeigersinn (1) gezeichnet werden soll,\nHorizontaler Zielpunkt, vertikaler Zielpunkt - beide relativ vom letzten Stützpunkt"},{"type":"code","crDate":1716907680323,"chDate":1716907883878,"text":"&lt;svg class=\"illu\">\n &lt;path stroke=\"#000\" fill=\"transparent\" d=\"\n  M 20 60\n  A 70 40 45 1 1 180 100\n \">&lt;/path>\n&lt;/svg>"},{"type":"paragraph","crDate":1716907682594,"chDate":1716907890865,"text":"<svg class=\"illu\">\n        <path stroke=\"#000\" fill=\"transparent\" d=\"M 20 60 A 70 40 45 1 1 180 100\"></path>\n    </svg>"},{"type":"subheader","crDate":1716907996997,"chDate":1716908001465,"text":"Schließen"},{"type":"paragraph","crDate":1716908004858,"chDate":1716908079818,"text":"Der letzte und der erste Stützpunkt des Pfades werden mit einer geraden Linie verbunden.\n<i>Z</i>\nParameter: keine\n<i>z</i>\nParameter: keine"},{"type":"code","crDate":1716908162986,"chDate":1716908187467,"text":"&lt;svg class=\"illu\">\n &lt;path stroke=\"#000\" fill=\"transparent\" d=\"\n  M 20 20\n  L 180 20\n  L 100 160\n  Z\n \">&lt;/path>\n&lt;/svg>"},{"type":"paragraph","crDate":1716908165146,"chDate":1716908223353,"text":"<svg class=\"illu\">\n <path stroke=\"#000\" fill=\"transparent\" d=\"M 20 20 L 180 20 L 100 160 Z\"></path>\n</svg>"}]}