{"content":[{"type":"paragraph","crDate":1693396112720,"chDate":1698235882803,"text":"Neben den Variablen können in ein Vue-Objekt auch Methoden eingetragen werden. Auf diese kann ebenso wie auf Variablen zugegriffen werden. \nUm in Methoden auf das Vue-Objekt zuzugreifen, wird das <i>this</i>-Element verwendet."},{"type":"code","crDate":1693396706517,"chDate":1693396739803,"text":"// JS\nconst myApp = createApp({\n data() {\n  return { x: 12, y: 23 }\n },\n methods: {\n  createNum(min, max) {\n   return ~~(Math.random() * (max - min + 1) + min);\n  },\n  multiply() {\n   return this.x * this.y;\n  }\n }\n});\n"},{"type":"code","crDate":1693396760083,"chDate":1693396856683,"text":"&lt;!-- HTML -->\n&lt;div id=\"app\">\n &lt;p>\n  {{ createNum(0, 100) }}\n &lt;/p>\n &lt;p>\n  {{ multiply() }}\n &lt;/p>\n&lt;/div>"}]}