{"content":[{"type":"paragraph","crDate":1693565029032,"chDate":1693567801635,"text":"Eventlistener werden direkt in JSX mit der on-Syntax zugewiesen. Dem Event wird als Expression die Funktion als Eventhandler zugewiesen.\nBitte beachte, dass die Eventlistener mit innerCaps geschrieben werden.\nAuch wenn es so aussieht, als würde der Handler im HTML-Tag stehen, wird der Eventlistener als normaler JS-Eventlistener zugewiesen."},{"type":"code","crDate":1693568119093,"chDate":1693568179938,"text":"const App = () => {\n const myFunction = () => console.log('Callback-Funktion');\n const handleInput = evt => console.log(evt.target.value);\n return (\n  &lt;>\n   &lt;p>\n    &lt;input onChange={handleInput} />\n   &lt;/p>\n   &lt;p>\n    &lt;button onClick={myFunction}>\n     Klick here\n    &lt;/button>\n   &lt;/p>\n  &lt;/>\n )\n}"}]}