{"content":[{"type":"paragraph","crDate":1684504192536,"chDate":1684735827528,"text":"Die <i>alert()</i>-Funktion ist eine sehr frühe Funktion zur Ausgabe.\nIn der Vergangenheit wurde sie häufig verwendet, um Benutzern auf die mit \"Scherzen\" auf die Nerven zu gehen 🙄. Glücklicherweise ist der Trend schnell abgeflacht und Alert-Fenster werden nur noch selten eingesetzt. Sie dienen vor allem, um dem Benutzer eine wichtige Mitteilung anzuzeigen."},{"type":"paragraph","crDate":1684735830684,"chDate":1684735961735,"text":"Das Alert-Fenster unterbricht die Programmausführung so lange, bis der Bestätigen-Knopf ('OK' o.ä.) geklickt wird.\nWenn der Alert vor dem vollständigen Laden des DOM angezeigt wird, dann wird im Reiter das \"Laden\"-Symbol angezeigt."},{"type":"paragraph","crDate":1684736021371,"chDate":1684736131642,"text":"Im Alert-Fenster kann auch auf Steuerzeichen für String zurückgegriffen werden.\n\\n - Neue Zeile\n\\t - Abstand (\"Tabulator\")\n\\ - Maskieren von Steuerzeichen"},{"type":"code","crDate":1684735972693,"chDate":1684736186384,"text":"let x = 100;\nalert(x);  // -> 100\nalert('Hallo Welt,\\nAlles ist gut.');  // -> Hallo Welt,\n                                       // -> Alles ist gut."}]}