{"content":[{"type":"paragraph","crDate":1716562383446,"chDate":1716562826418,"text":"Javascript funktioniert auf Basis von Prototypen - referenzierten Objekten, die anderen Objekten als Vorlagen dienen.\nWenn eine Instanz ein Attribut nicht kennt, wird dieses vom Prototypen abgefragt. Wenn der Prototyp das Attribut nicht kennt, fragt dieser seinen Prototypen. Wenn keiner der Prototypen das Attribut kennt, dann existiert es nicht.\nDieses Verhalten kann genutzt werden, um Speicher zu sparen. Ein Objekt kann als Prototyp angelegt werden und die grundsätzlichen Information für den Typen von Objekten enthalten. Solange diese Daten sich nicht verändern, werden sie aus dem Prototypen gelesen. Diese Information muss also nicht für jede Instanz individuelle abgelegt werden.\nSobald sich eine Information ändert, wird die neue Information in der Instanz gespeichert. Dadurch werden in der Instanz nur die Daten abgelegt, die nicht auch für alle anderen Objekte gelten."},{"type":"code","crDate":1716562828913,"chDate":1716562890466,"text":"const OrcProto = {\n health: 100,\n strength: 140,\n speed: 60\n}\n\nconst createOrc = name => {\n const orc = Object.create(OrcProto);\n orc.name = name;\n return orc;\n}\n\nlet orc1 = createOrc('Hark');\nlet orc2 = createOrc('Gnoff');\n\norc1.health -= 10;\n\nconsole.log(orc1);\nconsole.log(orc1.health);\nconsole.log(orc2);\nconsole.log(orc2.health);"}]}