{"content":[{"type":"paragraph","crDate":1736160358615,"chDate":1736162932238,"text":"<i>Protocol Buffer</i> (a.k.a. <i>protobuf</i>) ist ein Dateiformat, das 2008 von Google veröffentlicht wurde.\nIm Gegensatz zu <i>XML</i>, <i>JSON</i> oder den verschiedenen <i>Markdown</i>-Formaten ist protobuf ein binäres Format, was es sehr kompakt und performant macht.\nDer Umgang mit Protocol Buffer gestaltet sich ungewohnt aufwendig, da dieses Format eigentlich für Sprachen wie C++, C#, Dart und andere entwickelt wurde. Die Technik soll hier nur erwähnt werden, da sie eine Möglichkeit bietet, binäre Formate zu übertragen.\nWesentlicher Nachteil, dass 3rd-Party-Software benötigt wird, um mit diesem Format zu arbeiten. Der am wenigsten komplizierte Weg ist der über die Library <i>protobuf.js</i>. "},{"type":"paragraph","crDate":1736169620168,"chDate":1736169621175,"text":"Die Module sind hauptsächlich für Node entworfen. Einfach zu verwendende Module für einen Client stehen nicht wirklich zur Verfügung.\nMit dem Projekt <i>Browserify</i> sollte sich das Modul auch im Browser starten lassen."},{"type":"links","crDate":1736160799487,"chDate":1736160799487,"links":[{"title":"Offizielle GitHub-Seite","url":"https://github.com/protocolbuffers/protobuf-javascript"},{"title":"protobuf.js GitHub-Seite","url":"https://github.com/protobufjs/protobuf.js/?tab=readme-ov-file#installation"},{"title":"Offizielle Projektwebseite","url":"https://protobuf.dev/"},{"title":"Browserify","url":"https://browserify.org/"}]}]}