{"content":[{"type":"paragraph","crDate":1770806418185,"chDate":1770891727401,"text":"NextJS ist entstanden, um den Anwendern eine schnelle und flexible Möglichkeit zu geben, Webseiten mit allen möglichen Rendermethoden zu erzeugen.\nDadurch ist nextJS besonders voll mit Buzzwords, die man erstmal verstehen muss, um die ganze Tiefe von nextJS zu ergründen.\nDaher hier eine Tabelle der wichtigsten Begriffe (nicht nur für nextJS, aber hier besonders auffällig).\n<table>\n<tr>\n\n<td>Begriff</td>\n<td>Ausgeschrieben</td>\n<td>Bedeutung</td>\n</tr>\n\n<tr>\n<td>SSG</td>\n<td>Static Site Generation</td>\n<td>Seiten werden beim Build statisch generiert. Der Browser lädt bekommt dann die reinen HTML-Dateien ausgeliefert. <br> Vorteil: Sehr schnell. Nachteil: Nicht dynamisch.</td>\n</tr>\n\n<tr>\n<td>SSR</td>\n<td>Server Side Rendering</td>\n<td>Seiten werden bei jedem Request auf dem Server gerendert. Vorteil: Dynamische Daten werden eingebunden. Nachteil: Viel Arbeit für den Server</td>\n</tr>\n\n<tr>\n<td>ISR</td>\n<td>Incremental Static Regeneration</td>\n<td>SSG, aber Seiten können im Hintergrund aktualisiert werden </td>\n</tr>\n\n<tr>\n<td>ISG</td>\n<td>Incremental Static Generation</td>\n<td>Wie ISR</td>\n</tr>\n\n<tr>\n<td>CSR</td>\n<td>Client Side Rendering</td>\n<td>Seiten werden im Browser gerendert (wie klassisches React). Vorteil: Benutzer kann interagieren. Nachteil: Seiten werden nicht so schnell angezeigt wie bei SSG.</td>\n</tr>\n\n<tr>\n<td>Server Components</td>\n<td></td>\n<td>Komponenten, die nur auf dem Server laufen (kein JavaScript im Browser).</td>\n</tr>\n\n<tr>\n<td>Streaming</td>\n<td></td>\n<td>Inhalte werden schrittweise an den Browser geschickt </td>\n</tr>\n\n<tr>\n<td>API Routes</td>\n<td></td>\n<td>Backend-Endpunkte in Next.js </td>\n</tr>\n\n<tr>\n<td>Middleware</td>\n<td></td>\n<td>Code, der vor dem Rendern läuft (z. B. für Auth oder Redirects).</td>\n</tr>\n\n<tr>\n<td>Static Export</td>\n<td></td>\n<td>Next.js spuckt reines HTML/CSS/JS aus (kein Node-Server nötig).</td>\n</tr>\n\n<tr>\n<td>Suspense</td>\n<td></td>\n<td>Lädt Teile der Seite asynchron (z. B. während ein Spinner läuft).</td>\n</tr>\n\n<tr>\n<td>Dynamic Routes</td>\n<td></td>\n<td>Seiten mit variablen Pfaden (z. B. /blog/[slug]).</td>\n</tr>\n\n<tr>\n<td>Hydration</td>\n<td></td>\n<td>React \"aktiviert\" die statische Seite im Browser (macht sie interaktiv).</td>\n</tr>\n\n\n</table>"}]}