{"content":[{"type":"paragraph","crDate":1770890822197,"chDate":1770891102750,"text":"Für die Darstellung einer Seite werden mehrere Dateien verwendet. \nDas ist notwendig, um die flexibible Handhabung verschiedener Wünsche zu gewährleisten. Im Folgenden werden die verschiedenen Datei-Arten vorgestellt. \n<b>Hinweis</b>: Die Dateien müssen genau den angegebenen Namen tragen."},{"type":"subheader","crDate":1770890879934,"chDate":1770890882947,"text":"page.js"},{"type":"paragraph","crDate":1770890885177,"chDate":1770891141364,"text":"Für jede Seite (besser: für jeden <i>View</i>) wird der Inhalt benötigt.\nDamit ist gemeint:\n<ul>\n<li>Text-Inhalt und DOM-Struktur</li>\n<li>Nutzdaten, die ggf vom Server nachgeladen werden</li>\n<li>Logik</li>\n<li>Interaktion</li>\n</ul>\nDies wird in der page.js bereitgestellt. \nDie page.js funktioniert genau so wie eine ganz normale React-Komponente."},{"type":"code","crDate":1770891331517,"chDate":1770891753224,"text":"export default function Home() {\n return (\n  &lt;>\n   &lt;div>Dies ist meine Page&lt;/div>\n  &lt;/>\n );\n}\n"},{"type":"subheader","crDate":1770891148246,"chDate":1770891154444,"text":"layout.js"},{"type":"paragraph","crDate":1770891171026,"chDate":1770893603797,"text":"Die layout.js stellt die DOM-Struktur dar, in dem die page,js (der View) eingebettet wird. \nDies ist besonders hilfreich, wenn es darum geht, Header, Footer, Navigation und mehr anzuzeigen, was in allen Views gleich aussieht.\nDie layout.js gilt für den Ordner, in dem sie liegt und alle seine Unterordner. Es sei denn, der Unterordner hat eine eigene layout.js.\nDas Layout wird nur beim ersten Aufruf geladen\nSie ist der einzige Ort in Next.js, wo &lt;html> und &lt;body>-Tags definiert werden können\nNeben dem Layout kann in die layout.js auch eingebunden werden:\n \n<b>Globale Ressourcen</b>\nCSS-Imports: Globale Stylesheets werden hier eingebunden und gelten für die gesamte Anwendung\nCSS-Variablen: Bereitstellung von CSS-Custom-Properties für konsistente Gestaltung\nFont-Konfiguration: Definition und Konfiguration von Schriftarten (z.B. Google Fonts)\n \n<b>Metadata-Verwaltung</b>\nExport von Standard-Metadaten für SEO-Optimierung:\n \n<b>Zustandsverwaltung</b>\nDas Laden und Bereitstellen von Daten geschieht in den meisten Fällen ebenfalls über die layout.js\n \n<b>Layout</b>\nDas Layout der Seite in Form einer React-Komponente.\nEin Layout kann mehrere Komponenten enthalten. Als Layout wird aber nur jenes verwendet, das als <i>default</i> exportiert wird."},{"type":"code","crDate":1770893352736,"chDate":1770893663399,"text":"// Dies ist der Standard-Inhalt nach der Installation\n\n// CSS\nimport { Geist, Geist_Mono } from \"next/font/google\";\nimport \"./globals.css\";\n\n// FONTS\nconst geistSans = Geist({\n variable: \"--font-geist-sans\",\n subsets: [\"latin\"],\n});\n\nconst geistMono = Geist_Mono({\n variable: \"--font-geist-mono\",\n subsets: [\"latin\"],\n});\n\n// METADATA\nexport const metadata = {\n title: \"Create Next App\",\n description: \"Generated by create next app\",\n};\n\n// LAYOUT\nexport default function RootLayout({ children }) {\n return (\n  &lt;html lang=\"en\">\n   &lt;body className={`${geistSans.variable} ${geistMono.variable}`}>\n    {children}\n   &lt;/body>\n  &lt;/html>\n );\n}"},{"type":"subheader","crDate":1770893758289,"chDate":1770893765301,"text":"template.js"},{"type":"paragraph","crDate":1770893767380,"chDate":1770894066764,"text":"Die template.js funktioniert wie die layout.js, wird aber für jede Seite neu gerendert.\nDas ist dann hilfreich, wenn für jede Seite das Layout aktualisiert werden soll. Zum Beispiel, wenn\n<ul>\n<li>aktuelle Daten nachgeladen werden</li>\n<li>eine Animation neu starten soll</li>\n<li>Elemente zufällig verändert werden</li>\n<li>Kontextabhängige Styles verwendet werden</li>\n</ul>"}]}