{"content":[{"type":"paragraph","crDate":1716994084912,"chDate":1716994835432,"text":"In einem SVG-Bild können auch Textrahmen eingebunden werden. Der anzuzeigende Text wird zwischen dem öffnenden und dem schließenden Tag geschrieben.\n<i>Parameter:</i>\nx: Abstand von der linken Kante\ny: Abstand der Baseline von der oberen Kante\ndx: Horizontaler Abstand vom letzten Textnode\ndy: Vertikaler Abstand vom letzten Textnode\nrotate: Winkel, um den jedes Zeichen gedreht werden soll"},{"type":"code","crDate":1716994601643,"chDate":1716994619419,"text":"&lt;svg class=\"illu\">\n &lt;text fill=\"#555\" x=\"20\" y=\"20\">Merkur&lt;/text>\n &lt;text fill=\"#a83\" x=\"20\" y=\"50\">Mars&lt;/text>\n&lt;/svg>"},{"type":"paragraph","crDate":1716994606078,"chDate":1716994607041,"text":" <svg class=\"illu\">\n        <text fill=\"#555\" x=\"20\" y=\"20\">Merkur</text>\n        <text fill=\"#a83\" x=\"20\" y=\"50\">Mars</text>\n    </svg>"},{"type":"subheader","crDate":1716994905376,"chDate":1716994913646,"text":"textpath"},{"type":"paragraph","crDate":1716994915305,"chDate":1716995552239,"text":"Statt eines Strings im Textnode kann auch ein textpath-Node eingetragen werden. Dieser sorgt dafür, dass der String auf dem ausgewählen Pfad gerendet wird.\nParameter:\npath: Definition eines Pfades, auf dem der Text gerendert werden soll. Die Angaben sind wie im <i>path</i>-Element.\nhref: Referenz zu einem path-Element, auf dem der Text gerendet wird. Wenn <i>path</i> definiert ist, wird dieser Parameter ignoriert.\nside: Auf welcher Seite des Pfades der Text gerendert werden soll (Optionen: \"left\" / \"right\")\nstartoffset: wie weit der Text vom Anfang des Pfades entfernt beginnen soll.\n"},{"type":"code","crDate":1716995608113,"chDate":1716995726075,"text":"&lt;svg class=\"illu\">\n &lt;path \n  id=\"pathForText\"\n  stroke=\"#888\" fill=\"transparent\" stroke-width=\"2\" \n  d=\"\n   M 50 50\n   l 20 0\n   q 50 0 50 50\n   l 0 70\n  \">&lt;/path>\n &lt;text fill=\"#555\">\n  &lt;textpath startoffset=\"10\" href=\"#pathForText\">Unsere acht Planeten&lt;/textpath>\n &lt;/text>\n&lt;/svg>"},{"type":"paragraph","crDate":1716995610393,"chDate":1716995711567,"text":"<svg class=\"illu\">\n        <path id=\"pathForText\" stroke=\"#888\" fill=\"transparent\" stroke-width=\"2\"  d=\"M 50 50 l 20 0 q 50 0 50 50 l 0 70\"></path>\n\n        <text fill=\"#555\">\n            <textpath startoffset=\"10\" href=\"#pathForText\">Unsere acht Planeten</textpath>\n        </text>\n    </svg>"}]}