{"content":[{"type":"hint","crDate":1702044024597,"chDate":1702045654137,"text":"Cookies sind die alte Technik, um Daten im lokalen Speicher abzulegen. Aufgrund des Alters der Technik hat sie viele Nachteile:\n<ul>\n<li><b>Schlechte Syntax</b>\nDer Code zum Schreiben und Lesen des Cookies ist alt und schon lange nicht mehr zeitgemäß\n</li>\n<li><b>Datenmenge</b>\nIn Cookies können maximal 4KB gespeichert werden.\n</li>\n<li><b>Datenschutz</b>\nDie Verwendung von Cookies ist aufgrund der Möglichkeit, sie über HTTP auszulesen, datenschutztechnisch bedenklich. Daher muss eine Webseite, die Cookies verwendet, ein Hinweis eingeblendet werden.\n</li>\n<li><b>Sessions</b>\nCookies ignorieren Sessions, da sie zum Zeitpunkt der Entwicklung von Cookies noch kein Thema waren.\n</li>\n<li><b>Pfadunterteilung</b>\nCookies werden getrennt voneinander für unterscheidliche Unterordner abgelegt. Das führt schnell zu Irritationen.\n</li>\n</ul>\nDie hier genannten Gründe machen Cookies in allen Punkten unterlegen gegenüber Webstorage oder anderen Techniken.\nDaher werden Cookies hier nicht weiter behandelt. \nDer persönlichen Meinung des Autors nach sollten Cookies so schnell wie möglich aus dem Repertoire der Webentwicklung verschwinden."}]}