{"content":[{"type":"paragraph","crDate":1723210809519,"chDate":1723213518028,"text":"Die <i>select</i>-Eingabefelder erlauben es, aus mehreren Optionen eine Auswahl zu treffen.\nDie Auswahl wird über die <i>option</i>-Tags aufgebaut. Dies sind Kind-Elemente für den select-Tag, die im Dropdown als eine Zeile angezeigt werden.\nDie Höhe des select-Feldes kann über das <i>size</i>-Attribut gesteuert werden. Die Zahl gibt an, wieviele Optionen angezeigt werden sollen.\nDie Existenz des <i>multiple</i>-Attributs aktiviert die Möglichkeit, mit gedrückter <i>Strg</i>-Taste mehrere Optionen auszuwählen."},{"type":"code","crDate":1723211030014,"chDate":1723211039833,"text":"&lt;select name=\"city\" size=\"4\" multiple>\n &lt;option value=\"HH\">Hamburg&lt;/option>\n &lt;option value=\"B\">Berlin&lt;/option>\n &lt;option value=\"M\">München&lt;/option>\n &lt;option value=\"K\">Köln&lt;/option>\n&lt;/select>"},{"type":"paragraph","crDate":1723211366452,"chDate":1723211376177,"text":"<select name=\"city\" size=\"4\" multiple>\n <option value=\"HH\">Hamburg</option>\n <option value=\"B\">Berlin</option>\n <option value=\"M\">München</option>\n <option value=\"K\">Köln</option>\n</select>"},{"type":"paragraph","crDate":1723212023486,"chDate":1723213942180,"text":"Das Select-Feld erlaubt mehrere Rückgaben, je nachdem was gewünscht ist.\nDas <i>value</i>-Attribut enthält den Text-Inhalt des ausgewählten <i>option</i>-Feldes. Optional kann ein option-Feld auch ein <i>value</i>-Attribut bekommen, das den Wert enthält, den das Select-Feld zurückgeben soll. \nDas <i>selectedIndex</i>-Attribut enthält den Index der ausgewählten Option."},{"type":"code","crDate":1723214646922,"chDate":1723214679327,"text":"const elSel = document.querySelector('select[name=\"city\"]');\nconsole.log(elSel.value);\nconsole.log(elSel.selectedIndex);"},{"type":"subheader","crDate":1723213927620,"chDate":1723213933883,"text":"Multiple Auswahl"},{"type":"paragraph","crDate":1723213937288,"chDate":1723214727529,"text":"Wurden im Select-Feld mehrere Optionen ausgewählt, dann geben sowohl <i>value</i> als auch <i>selectedIndex</i> trotzdem (aus historischen Gründen) nur einen Wert zurück. Um in dem Fall die tatsächlichen Werte zu bekommen, muss ein kleiner Umweg gegangen werden.\nDas select-Feld enthält auch ein Attribut namens <i>selectedOptions</i>. Dies ist eine HTML-Collection, welche die ausgewählten <i>option</i>-DOM-Elemente enthält. Mittels der <i>map()</i>-Methode kann aus der Auswahl ein <i>Array mit den Values</i> erzeugt werden."},{"type":"code","crDate":1723214524345,"chDate":1723214580186,"text":"const elSel = document.querySelector('select[name=\"city\"]');\nlet selected = [...elSel.selectedOptions].map(o => o.value);\nconsole.log(selected);"}]}