{"content":[{"type":"paragraph","crDate":1754400519568,"chDate":1754400641145,"text":"Typescript kann den Datentypen einer Variablen auch automatisch ableiten. Dieser Vorgang wird inferieren (engl.: <i>to infere</i>) genannt.\nDas funktioniert ähnlich wie in JS. Der inferierte Datentyp wird dann im folgenden Code voll berücksichtigt."},{"type":"code","crDate":1754400644013,"chDate":1754400656369,"text":"let message = \"Hello, World\";\nmessage = 12; // -> Fehlermeldung"},{"type":"paragraph","crDate":1754400675635,"chDate":1754400816273,"text":"Auch der Datentyp eines Rückgabewertes kann inferiert werden."},{"type":"code","crDate":1754400831763,"chDate":1754400902030,"text":"// Typ des Rückgabewerts wird nicht definiert\nconst add = (a: number, b: number) => {\n return a + b;\n}\n\nlet result = add(1, 2);\n\nconsole.log(result)\nresult = 'Ergebnis ' + result;  // -> Fehlermeldung"}]}