{"content":[{"type":"paragraph","crDate":1755080520580,"chDate":1755080862289,"text":"React Hooks sind spezielle Funktionen, die es ermöglichen, React-Funktionen wie State Management und Lifecycle-Methoden in funktionalen Komponenten zu verwenden. Sie wurden in React 16.8 eingeführt und stellen einen wichtigen Meilenstein in der Entwicklung von React dar.\nDie wurden eingeführt, um die durchgängige Verwendung von <i>Functional Components</i> zu ermöglichen. \nHeute gibt es keinen Grund mehr, die alten klassenbasierten Komponenten anzuwenden, weswegen sie in dieser Referenz auch gar nicht auftauchen."},{"type":"paragraph","crDate":1755080526303,"chDate":1755080932952,"text":" React bietet einige integrierte Hooks (useState, useEffect, useContext), aber das Konzept ist darauf ausgelegt, dass Entwickler ihre eigenen Custom Hooks erstellen können.\nDies hat zu einem reichhaltigen Ökosystem von spezialisierten Hooks geführt."}]}