{"content":[{"type":"paragraph","crDate":1691561676064,"chDate":1691566071528,"text":"Ein DOM-Element kann nur an einer Stelle in der Webseite stehen.\nDas Einhängen eines existierenden DOM-Elementes in ein anderes Parent-Element verschiebt also das Element."},{"type":"subheader","crDate":1691563185269,"chDate":1691563188795,"text":"append()"},{"type":"paragraph","crDate":1691563192724,"chDate":1691565013697,"text":"Jedes DOM-Element trägt die <i>append()</i>-Methode. Mit dieser kann ein Element an das Ende eines Parent-Element eingehängt werden.\nNeben einem DOM-Element kann der append()-Methode auch reiner Text übergeben werden.\nappend() kann auch mehrere Elemente gleichzeitig einhängen.\nDiese Methode hat keinen Rückgabewert.\n"},{"type":"code","crDate":1691563684136,"chDate":1691565248420,"text":"// Eltern-Element auswählen\nconst parent = document.createElement('ul');\ndocument.querySelector('#first').append(parent);\n\nconst moveThis = document.querySelector('#third ul > li:nth-of-type(1)');\nconst moveThat = document.querySelector('#third ul > li:nth-of-type(2)');\nconst moveMore = document.querySelector('#third ul > li:nth-of-type(3)');\n\nparent.append(moveThis, moveThat, moveMore);"},{"type":"code","crDate":1691565873448,"chDate":1691565875247,"text":"// Eltern-Element auswählen\nconst parent = document.createElement('ul');\ndocument.querySelector('#first').append(parent);\n\nconst moveThis = [...document.querySelectorAll('#third ul > li')];\n\nparent.append(...moveThis);"},{"type":"subheader","crDate":1691566119709,"chDate":1691566124365,"text":"prepend()"},{"type":"paragraph","crDate":1691566160083,"chDate":1691566383977,"text":"Die prepend()-Methode funktioniert genauso wie append(). Allerdings wird das Element an den Anfang des Parent-Elementes eingehängt."},{"type":"code","crDate":1691566459359,"chDate":1691567295954,"text":"const parent = document.createElement('ul');\ndocument.querySelector('#first').prepend(parent);\n\nconst moveThis = [...document.querySelectorAll('#third ul > li')];\n\nparent.prepend(...moveThis);"},{"type":"subheader","crDate":1691563696824,"chDate":1691563704046,"text":"appendChild()"},{"type":"paragraph","crDate":1691563708871,"chDate":1691564281654,"text":"Eine ältere Methode ist die <i>appendChild()</i>-Methode. Sie hängt ebenso wie die append()-Methode ein DOM-Element in ein anderes DOM-Element ein. \nSie ist allerdings etwas älter und weniger flexibel. "},{"type":"subheader","crDate":1691566828899,"chDate":1713511913293,"text":"before()"},{"type":"paragraph","crDate":1691566838738,"chDate":1713512155090,"text":"Die <i>before()</i>-Methode wird verwendet, um ein Element vor einem anderen Element in ein Dokument einzufügen. Sie nimmt als Parameter das Element entgegen, vor welches das neue Element eingehängt werden soll.\nEine ältere Methode namens <i>insertBefore()</i> ist etwas umständlicher und kann getrost ignoriert werden"},{"type":"code","crDate":1691567272434,"chDate":1713512175935,"text":"const moveToHere = document.querySelector('#second');\nconst moveMe = document.querySelector('#third');\n\nmoveToHere.before(moveMe);"},{"type":"subheader","crDate":1713514911623,"chDate":1713514915890,"text":"after()"},{"type":"paragraph","crDate":1713514942228,"chDate":1713515074020,"text":"Die <i>after()</i>-Methode wird verwendet, um ein Element nach einem anderen Element in ein Dokument einzufügen. Sie nimmt als Parameter das Element entgegen, hinter welches das neue Element eingehängt werden soll."},{"type":"code","crDate":1713514947200,"chDate":1713515080412,"text":"const moveToHere = document.querySelector('#second');\nconst moveMe = document.querySelector('#third');\n\nmoveToHere.after(moveMe);"}]}