{"content":[{"type":"paragraph","crDate":1717762610946,"chDate":1717764646543,"text":"Ein Element enthält einige Attribute. \nDiese können mit Javascript verändert werden, was die Anzeige ändert.\n\nyadda"},{"type":"code","crDate":1717763837258,"chDate":1717763838268,"text":"&lt;!-- HTML -->\n\n&lt;svg>\n &lt;rect \n  x=\"50\" y=\"50\" \n  width=\"100\" height=\"100\" \n  fill=\"hsla(0,100%,50%)\">\n &lt;/rect>\n&lt;/svg>\n"},{"type":"code","crDate":1717763849384,"chDate":1717763851454,"text":"// Javascript\n\nconst el = document.querySelector('svg rect');\nlet counter = 0;\nlet speed = 3;\n\nconst doStuff = () => {\n counter = (counter + speed) % 360;\n el.setAttribute('fill', `hsla(${counter},100%,50%)`)\n\n requestAnimationFrame(doStuff)\n}\n\nrequestAnimationFrame(doStuff)"},{"type":"paragraph","crDate":1717764294457,"chDate":1717764358257,"text":"Im folgenden Beispiel wird wird das Element bewegt und verwendet die Sinus-Methode, um auch vertikal bewegt zu werden."},{"type":"code","crDate":1717764365973,"chDate":1717764455174,"text":"&lt;!-- HTML -->\n\n&lt;svg>\n &lt;rect class=\"animateMe\" x=\"20\" y=\"160\" width=\"40\" height=\"40\" fill=\"#000\">&lt;/rect>\n&lt;/svg>"},{"type":"code","crDate":1717764394207,"chDate":1717764435168,"text":"// Javascript\n\nconst el = document.querySelector('svg .animateMe');\nlet counter = 0;\nlet speed = 1;\n\nconst doStuff = () => {\n let posY = Math.abs(Math.sin(counter / 10) * 50)\n el.setAttribute('x', counter - 40)\n el.setAttribute('y', 160 - posY)\n\n counter = ((counter + speed) % 240);\n requestAnimationFrame(doStuff)\n}\n\nrequestAnimationFrame(doStuff)"}]}