{"content":[{"type":"paragraph","crDate":1686062673075,"chDate":1686063308707,"text":"Ein mehrdimensionales Array ist einfach ein Array, das weitere Arrays enthält.\nDas kann natürlich beliebig weitergetrieben werden, in dem die inneren Arrays auch Arrays enthalten. So lassen drei-, vier und beliebigdimensionale Arrays erzeugen."},{"type":"code","crDate":1686062926176,"chDate":1686063106075,"text":"let myArray = [];\nmyArray.push([1, 2, 3]);\nmyArray.push([4, 5, 6]);\nmyArray.push([7, 8, 9]);\n\nconsole.log(myArray);  // -> [ [ 1, 2, 3 ], [ 4, 5, 6 ], [ 7, 8, 9 ] ]"},{"type":"paragraph","crDate":1686063118764,"chDate":1686063465559,"text":"Die Ansprache eines Slots in einem der inneren Arrays erfolgt von außen nach innen.\nEs wird der gewünschte Index angesprochen, der Rückgabewert ist ein Array. Aus dem Array wird dann der gewünschte Index angesprochen, etc."},{"type":"code","crDate":1686063935949,"chDate":1686141474469,"text":"const createNumber = (min, max) => ~~(Math.random() * (max - min + 1) + min);\n\nlet myArray = [], numX = 10, numY = 10, numZ = 10;\n\nfor (let x = 0; x < numX; x++) {\n myArray.push([]);\n for (let y = 0; y < numY; y++) {\n  myArray[x].push([]);\n  for (let z = 0; z < numZ; z++) {\n   myArray[x][y].push(createNumber(0,100));\n  }\n }\n}\n\nconsole.log(myArray);  // -> Probiere es aus\nconsole.log(myArray[0][0][0]);\nconsole.log(myArray[1][2][3]);\nconsole.log(myArray[7][1][9]);"}]}