{"content":[{"type":"paragraph","crDate":1693916483772,"chDate":1693921770030,"text":"Der Datentyp <i>XML</i> steht für <i>eXtensible Markup Language</i> und ist eine spezielle Art von Datentyp, der verwendet wird, um strukturierte Daten in Form von Markup-Tags zu speichern. XML ist eine Metasprache, die es ermöglicht, benutzerdefinierte Markup-Sprachen zu definieren und zu erstellen. Bspw. basiert HTML auf XML.\nEs wird häufig verwendet, um Daten zwischen verschiedenen Systemen auszutauschen und zu speichern.\nIm XML-Datentyp können komplexe Datenstrukturen mit hierarchischen Elementen und Attributen definiert werden. XML-Dokumente sind gut lesbar und können sowohl maschinenlesbar als auch menschenlesbar sein. Die Struktur der Daten wird in einem sogenannten XML-Schema definiert, das die erlaubten Elemente, Attribute und Datentypen festlegt.\nEs können komplexe Hierarchien und Beziehungen zwischen den Daten definiert werden. XML wird in einer Vielzahl von Anwendungen eingesetzt, wie zum Beispiel im Web, in Datenbanken, im Austausch von Daten zwischen Systemen und bei der Definition von Schnittstellen und APIs.\nAuch, wenn JSON mittlerweile zum de-facto-Standard geworden ist, ist XML weiterhin ein wichtiger Bestandteil der modernen Datenverarbeitung und ermöglicht die strukturierte und standardisierte Speicherung und den Austausch von Daten."},{"type":"code","crDate":1693922089559,"chDate":1693922259380,"text":"&lt;?xml version=\"1.0\" encoding=\"UTF-8\"?>\n&lt;Personen>\n  &lt;Person>\n    &lt;Vorname>Max&lt;/Vorname>\n    &lt;Nachname>Mustermann&lt;/Nachname>\n    &lt;Alter>30&lt;/Alter>\n  &lt;/Person>\n  &lt;Person>\n    &lt;Vorname>Anna&lt;Vorname>\n    &lt;Nachname>Musterfrau&lt;/Nachname>\n    &lt;Alter>25&lt;/Alter>\n  &lt;/Person>\n  &lt;Person>\n    &lt;Vorname>Peter&lt;/Vorname>\n    &lt;Nachname>Schmidt&lt;/Nachname>\n    &lt;Alter>35&lt;/Alter>\n  &lt;/Person>\n&lt;/Personen>"}]}