{"content":[{"crDate":1683203099843,"chDate":1683203099843,"type":"header","text":"JS Referenz"},{"crDate":1683203099843,"chDate":1683203099843,"type":"paragraph","text":"Diese Webseite ist im Zuge des Javascript-Kurses von <a href=\"http://alfatraining.de\" target=\"_blank\">Alfa-Training</a> entstanden.\nHier wird der gesamte Inhalt des Kurses in Form einer Referenz dargestellt. Diese Referenz dient nicht dazu, Javascript von vorn bis hinten zu lernen sondern nur als Referenz und setzt ein gewisses Grundverständnis voraus."},{"crDate":1683203099843,"chDate":1683203099843,"type":"code","text":"Auf dieser Webseite wird ausschließlich moderner Code verwendet. Jedenfalls \"modern\" zum Zeitpunkt des Schreibens ;)\nSyntax, die mittlerweile duch bessere Alternativen ersetzt wurde, wird hier nicht weiter behandelt, bestenfalls erwähnt. Jede Seite und jeder Absatz trägt ein Datum der letzten Änderung, damit die Aktualität abgeschätzt werden kann."},{"type":"subheader","crDate":1683726962003,"chDate":1683726995482,"text":"Unterheader"},{"type":"paragraph","crDate":1683726997987,"chDate":1683727011370,"text":"Jabba di jabba di jabba di jabba di jabba di jabba di jabba di jabba di jabba di jabba di jabba"}]}