{"content":[{"type":"paragraph","crDate":1703165148440,"chDate":1703165620478,"text":"CLI steht für <i>Command Line Interface</i>. Es ist ein Programm, das im Terminal ausgeführt wird und das Anlegen und Verwalten von Vue-Projekten erlaubt.\nDas vue CLI muss vor der Verwendung über <i>npm</i> installiert werden."},{"type":"terminal","crDate":1703165623755,"chDate":1703165647093,"text":"npm i -g @vue/cli"},{"type":"paragraph","crDate":1703165680361,"chDate":1703166637444,"text":"Wenn das erledigt ist, kann das CLI verwendet werden. \nDer Befehl <i>vue</i> sollte eine Liste der Möglichkeiten öffnen. Falls dies nicht funktioniert, sollte die Node-Eingabeaufforderung verwendet werden. Diese hat schon voreingestellte Umgebungsvariablen, wodurch das Ausführen globaler Module erleichtert wird."},{"type":"terminal","crDate":1703166738396,"chDate":1703166741551,"text":"vue\nUsage: vue <command> [options]\n\nOptions:\n  -V, --version                              output the version number\n  -h, --help                                 display help for command\n\nCommands:\n  create [options] <app-name>                create a new project powered by vue-cli-service\n  add [options] <plugin> [pluginOptions]     install a plugin and invoke its generator in an already created project\n  invoke [options] <plugin> [pluginOptions]  invoke the generator of a plugin in an already created project\n  inspect [options] [paths...]               inspect the webpack config in a project with vue-cli-service\n  serve                                      alias of \"npm run serve\" in the current project\n  build                                      alias of \"npm run build\" in the current project\n  ui [options]                               start and open the vue-cli ui\n  init [options] <template> <app-name>       generate a project from a remote template (legacy API, requires\n                                             @vue/cli-init)\n  config [options] [value]                   inspect and modify the config\n  outdated [options]                         (experimental) check for outdated vue cli service / plugins\n  upgrade [options] [plugin-name]            (experimental) upgrade vue cli service / plugins\n  migrate [options] [plugin-name]            (experimental) run migrator for an already-installed cli plugin\n  info                                       print debugging information about your environment\n  help [command]                             display help for command\n\n  Run vue <command> --help for detailed usage of given command."},{"type":"paragraph","crDate":1703166830404,"chDate":1703167930931,"text":"Um nun ein Projekt anzulegen, wird der folgende Befehl aufgerufen.\nDieser legt einen Ordner mit dem Namen des Projektes an und erzeugt darin die Struktur, um eine App mit <i>Single File Components</i> zu erstellen."},{"type":"terminal","crDate":1703167783782,"chDate":1703167869982,"text":"vue create myapp"}]}