{"content":[{"type":"paragraph","crDate":1693564464452,"chDate":1693564916592,"text":"Eine Expression kann in JSX verwendet werden, um den Rückgabewert ausführbaren JS-Codes auszugeben.\nDie Expression wird mit geschweiften Klammern markiert und kann im Content ebenso angewendet werden wie für Parameter."},{"type":"code","crDate":1693564793369,"chDate":1693564891019,"text":"const App = () => {\n const myFunction = () => {\n  alert('Ich bin die Callback-Funktion');\n }\n return (\n  &lt;>\n   &lt;Btn callback={myFunction} content=\"Click Me\" />\n   &lt;p>{~~(Math.random()*100)}</p>\n  &lt;/>\n )\n}\n\nconst Btn = props => {\n return (\n  &lt;>\n   &lt;p>\n    &lt;button onClick={props.callback}>\n     {props.content}\n    &lt;/button> \n   &lt;/p>\n  &lt;/>\n )\n}"}]}