{"content":[{"type":"paragraph","crDate":1686653123664,"chDate":1686655566104,"text":"Auch das Erzeugen von Content, also Text, Bilder und Musik kann durch AI-Tools erledigt werden.\nDie Auswahl hier ist riesig und wird immer riesiger. Um sich mit dem Thema auseinanderzusetzen, ist Experimentierfreude und Offenheit notwendig.\nAn dieser Stelle sollen einige Beispiel für jeden Content-Typ gezeigt werden, ohne tiefer ins Dateil zu gehen, da einige der Anbiete im Laufe der Zeit sicher durch andere ersetzt werden."},{"type":"subheader","crDate":1686655577172,"chDate":1686655583808,"text":"Übersicht"},{"type":"paragraph","crDate":1686655586184,"chDate":1686655899161,"text":"<b>There's an AI for that</b>\nUmfangreiche Suche über Tausende von AI-Projekten, thematisch untergliedert.\n<b>Futuretools</b>\nUmfangreiche Suche über Tausende von AI-Projekten, thematisch untergliedert."},{"type":"links","crDate":1686655626693,"chDate":1686655626693,"links":[{"title":"Thers an AI For That","url":"https://theresanaiforthat.com/"},{"title":"Futuretools","url":"https://www.futuretools.io/"}]},{"type":"subheader","crDate":1686655947501,"chDate":1686655976305,"text":"Text-Inhalt"},{"type":"paragraph","crDate":1686655982523,"chDate":1688387139749,"text":"<b>chatGPT</b>\nEin Large-Language-Modell, das auf Anfragen wie \"Generiere Webseiten-Inhalte für eine Landingpage zum Thema Zitronen\" mit HTML-Code antwortet. \nDie Antwort enthält brauchbaren Content auf deutsch.\n<b>You.com</b>\nEin Large-Language-Modell, das auf Anfragen wie \"Generiere Webseiten-Inhalte für eine Landingpage zum Thema Zitronen\" Text-Content liefert.\nDie Antwort enthält brauchbaren Content auf deutsch.\n<b>Jasper</b>\nEin Content-Generator, das Projektbasiert arbeitet und wesentlich besser und zielgerichteter anwenden lässt als allgemeine LLM.\nJasper bietet auch Bild-Generatoren, die aber z.Zt. noch schwach sind.\n<b>Jetpack</b>\nAI-basierte Erweiterung für Wordpress, die sehr umfangreiche Funktionen bietet."},{"type":"links","crDate":1686656269893,"chDate":1686656269893,"links":[{"title":"chatGPT","url":"https://chat.openai.com/"},{"title":"You.com","url":"http://you.com"},{"title":"Jasper","url":"https://www.jasper.ai/"},{"title":"Jetpack","url":"https://jetpack.com/ai/?ref=futuretools.io"}]},{"type":"subheader","crDate":1686658032705,"chDate":1686658038591,"text":"Bilder"},{"type":"paragraph","crDate":1686658043747,"chDate":1686658858242,"text":"<b>Midjourney</b>\nDer Bildgenerator mit den z.Zt. besten Ergebnissen. Die Bilder können problemlos als Fotos genommen werden. Tatsächlich nutze ich Midjourney, um Mockups für T-Shirt Prints zu generieren.\nMidjourney funktioniert als Bot im Discord und man kann einen eigenen Discord-Server mit mit Midjourney verknüpfen.\n<b>Leonardo</b>\nRelativ neuer Bildgenerator mit spannenden Funktionen wie Bilderweiterung u.m. Befindet sich noch in der Beta-Phase und es dauert einige Tage, bis der Zugriff erlaubt wird.\n<b>Nightcafe</b>\nEin Bildgenerator mit einer sehr aktiven Community. Bilder können geteilt und beurteilt werden, Credits können verdient werden.\nNightcafe bietet verschiedene Algorithmen und sehr schöne Presets."},{"type":"links","crDate":1686658084789,"chDate":1686658084789,"links":[{"title":"Midjourney","url":"https://www.midjourney.com"},{"title":"Midjourney auf Discord","url":"https://discord.com/channels/662267976984297473/952771221915840552"},{"title":"Leonardo","url":"https://app.leonardo.ai/auth/login"},{"title":"Nightcafe","url":"https://creator.nightcafe.studio/create"}]},{"type":"subheader","crDate":1693484119605,"chDate":1693484157995,"text":"Präsentationen"},{"type":"paragraph","crDate":1693484161349,"chDate":1693484947371,"text":"<b>Beautyful.ai</b>\nWandelt einen Prompt in Wordclouds, Diagramme und mehr um.\n<b>Decktopus</b> und <b>Magicslides</b>\nErstellt komplette Slideshows auf Basis weniger Benutzereingaben"},{"type":"links","crDate":1693484463166,"chDate":1693484463166,"links":[{"title":"Beautyful.ai","url":"https://www.beautiful.ai/"},{"title":"Decktopus","url":"https://www.decktopus.com/"},{"title":"Magicslides","url":"https://www.magicslides.app/"}]}]}