{"content":[{"type":"paragraph","crDate":1685110635601,"chDate":1685110637020,"text":"Eine <i>if()-Anweisung</i> ist die wohl bekannteste bedingte Anweisung.\nDer Inhalt der runden Klammer wird gelesen und zu einem Boolean aufgelöst.\nFalls es ein <i>true</i> ist, wird der Inhalt der geschweiften Klammer (der sog. Codeblock oder Körper) ausgeführt."},{"type":"code","crDate":1685110656049,"chDate":1685110657804,"text":"let x = ~~(Math.random() * 10);\nlet threshold = 5;\n\nif (x < threshold){\n console.log(`${x} ist kleiner als ${threshold}`);\n}"},{"type":"subheader","crDate":1685111031923,"chDate":1685111034043,"text":"else"},{"type":"paragraph","crDate":1685110675462,"chDate":1685110676774,"text":"Um einfach einen Codeblock auszuführen, falls das Boolean ein <i>false</i> ergibt, kann dafür die <i>else</i>-Anweisung nutzen.\nDiese benötigt keine logische Aussage sondern ist einfach das Gegenstück zum if."},{"type":"code","crDate":1685110694741,"chDate":1685110697414,"text":"let x = ~~(Math.random() * 10);\nlet threshold = 5;\n\nif (x < threshold){\n console.log(`${x} ist kleiner als ${threshold}`);\n} else {\n console.log(`${x} ist größer oder gleich ${threshold}`);\n}"},{"type":"subheader","crDate":1685111038251,"chDate":1685111041602,"text":"else if"},{"type":"paragraph","crDate":1685110727289,"chDate":1685110729339,"text":"Es kann auch sein, dass es mehr als zwei Möglichkeiten gibt. \nIn dem Fall kann eine <i>else if()</i>-Anweisung verwendet werden."},{"type":"code","crDate":1685110746538,"chDate":1685110748225,"text":"let x = ~~(Math.random() * 10);\nlet threshold = 5;\n\nif (x < threshold) {\n    console.log(`${x} ist kleiner als ${threshold}`);\n} else if (x > threshold) {\n    console.log(`${x} ist größer als ${threshold}`);\n} else {\n    console.log(`${x} ist gleich ${threshold}`);\n}"},{"type":"code","crDate":1685110761537,"chDate":1685110763433,"text":"let x = ~~(Math.random() * 100);\n\nif (x < 20) {\n    console.log(`${x} ist kleiner als 20`);\n} else if (x < 40) {\n    console.log(`${x} ist kleiner als 40`);\n} else if (x < 60) {\n    console.log(`${x} ist kleiner als 60`);\n} else if (x < 80) {\n    console.log(`${x} ist kleiner als 80`);\n} else {\n    console.log(`${x} ist kleiner als 100`);\n}"},{"type":"subheader","crDate":1685110928812,"chDate":1685110934186,"text":"Kurzsyntax"},{"type":"paragraph","crDate":1685110941162,"chDate":1685110969192,"text":"In einer if()-Anweisung kann die geschweifte Klammer weg gelassen werden, wenn der Codeblock aus einer einzelnen Anweisung besteht."},{"type":"code","crDate":1685110971920,"chDate":1685111009342,"text":"let x = ~~(Math.random() * 10);\nlet threshold = 5;\n\nif (x < threshold) console.log(`${x} ist kleiner als ${threshold}`);\nelse if (x > threshold) console.log(`${x} ist größer als ${threshold}`);\nelse console.log(`${x} ist gleich ${threshold}`);"}]}