{"content":[{"type":"subheader","crDate":1693391203126,"chDate":1693391210413,"text":"CDN"},{"type":"paragraph","crDate":1693391212245,"chDate":1693391295110,"text":"Ein <i>Content Delivery Network</i> (CDN) ist ein Netzwerk aus Servern, die über das Internet verteilt sind. CDNs werden verwendet, um Inhalte, wie z. B. HTML-Seiten, Bilder, Videos und Dateien, schnell und zuverlässig an Benutzer zu liefern.\nCDNs arbeiten, indem sie Kopien der Inhalte an verschiedenen Standorten im Netzwerk speichern. Wenn ein Benutzer eine Website besucht, die von einem CDN gehostet wird, wird die Anfrage an den CDN-Server gesendet, der am nächsten am Benutzer liegt. Dies führt zu einer schnelleren Ladezeit für die Website, da die Inhalte nicht von einem entfernten Server heruntergeladen werden müssen.\nCDNs bieten eine Reihe von Vorteilen, darunter:\n<ul>\n<li>Verbesserte Leistung: CDNs können die Ladezeit von Websites und Anwendungen erheblich verbessern, indem sie Inhalte an Benutzer ausliefern, die sich in der Nähe befinden.</li>\n<li>Erhöhte Zuverlässigkeit: CDNs können die Zuverlässigkeit von Websites und Anwendungen verbessern, indem sie Inhalte auf mehrere Server verteilen.</li>\n<li>Verbesserte Sicherheit: CDNs können die Sicherheit von Websites und Anwendungen verbessern, indem sie Angriffe auf die ursprünglichen Server abschwächen.</li>\n</ul>"}]}