{"content":[{"type":"paragraph","crDate":1692281939535,"chDate":1692283417731,"text":"Constructors sind der klassische Weg, um das erzeugen vieler Objekte zu erleichtern.\nTatsächlich sind Klassen nichts anderes als eine andere Schreibweise für Constructors.\nTechnisch ist ein Constructor eine ganz normale klassische Funktion. Erst dadurch, dass sie mit dem Schlüsselwort <i>new</i> aufgerufen wird, verhält sie sich als Constructor: In das <i>this</i>-Element wird ein leeres Objekt geschrieben, das in der Funktion mit neuen Attributen gefüllt werden kann. Dieses Objekt wird am Ende der Funktion automatisch zurückgegeben. "},{"type":"code","crDate":1692283605708,"chDate":1692283662907,"text":"function Auto(marke, modell, farbe, leistungKW){\n Object.assign(this, {marke, modell, farbe, leistungKW});\n}\n\nconst myAuto = new Auto('VW', 'ID3', 'Weiß', 100);\n\nconsole.log(myAuto);  // -> farbe: \"Weiß\"\n                      // -> ​leistungKW: 100\n                      // -> ​marke: \"VW\"\n                      // -> ​modell: \"ID3\""}]}