{"content":[{"type":"subheader","crDate":1694092635137,"chDate":1694092639960,"text":"Datum"},{"type":"paragraph","crDate":1694092475747,"chDate":1694094082112,"text":"Der <i>date</i>-Typ in HTML <i>input</i>-Elementen ermöglicht die Eingabe von Datumsangaben durch den Benutzer. Wenn ein input-Element den type-Attributwert date hat, wird ein Kalenderwidget angezeigt, das dem Benutzer die Auswahl eines Datums ermöglicht.\nModerne Browser validiert das eingegebene Datum und stellen sicher, dass es dem erwarteten Format entspricht.\nDas ausgewählte Datum wird im <i>value</i>-Attribut des input-Elements gespeichert.\nEs ist wichtig zu beachten, dass die Unterstützung für den date-Typ je nach Browser unterschiedlich sein kann. Einige ältere Browser unterstützen den date-Typ möglicherweise nicht oder bieten eine alternative Darstellung an, wie z.B. ein einfaches Textfeld, in das der Benutzer das Datum manuell eingeben kann.\nDarüber hinaus kann die Darstellung des Kalenderwidgets und das erwartete Datumsformat von Browser zu Browser variieren. Einige Browser verwenden das lokale Datumsformat des Benutzers, während andere das ISO-Datumsformat (YYYY-MM-DD) verwenden."},{"type":"subheader","crDate":1694092642600,"chDate":1694092655185,"text":"Uhrzeit"},{"type":"paragraph","crDate":1694092657416,"chDate":1694092657416,"text":""}]}