{"content":[{"type":"paragraph","crDate":1688563253308,"chDate":1688563415472,"text":"Weil die Sprache sehr flexibel und anpassungsfähig ist, wurden im Laufe der Jahre sehr viele Bibliotheken entwickelt.\n Es gibt keine festen Regeln oder Strukturen, wie man JavaScript verwenden sollte, um bestimmte Aufgaben auszuführen, daher können Entwickler problemlos ihre eigenen Bibliotheken und Frameworks erstellen, die bestimmte Probleme lösen oder bestimmte Funktionen erweitern. \nAufgrund der enormen Popularität und Verbreitung von JavaScript gibt es auch viele Open-Source-Bibliotheken, auf die Entwickler zugreifen und sie in ihre Projekte integrieren können, um Zeit und Aufwand zu sparen."},{"type":"links","crDate":1688563562573,"chDate":1688563562573,"links":[{"title":"Marktübersicht","url":"https://www.javascripting.com/"}]}]}