{"content":[{"type":"paragraph","crDate":1686639441904,"chDate":1686640162219,"text":"Das Thema AI (<i>Artificial Intelligence</i>) oder KI (<i>Künstliche Intelligenz</i>) ist umstritten, aber unumgänglich.\nManch einer hat Angst davor, den Job an die KI zu verlieren. Andere sehen die KI als ein Werkzeug unter vielen. Noch ist es nicht so weit, dass die KI ein vollständiges Projekt umsetzen kann. Das liegt vor allem daran, dass die KI nicht wirklich versteht, was sie da macht. Jedenfalls noch nicht. So kann man sich die KI-Hilfmittel am ehesten als sehr fortgeschrittene Auto-Vervollständigung vorstellen. Die KI erkennt Muster im Code und schlägt weitere \"Muster\" vor, die in der Vergangenheit in anderen Projekten so benutzt worden sind. Das ist natürlich eine starke Vereinfachung."}]}