{"content":[{"type":"paragraph","crDate":1688563677372,"chDate":1688564384194,"text":"Es ist sehr einfach, in JS eine Bibliothek zu erstellen. Hier soll ein Standardweg gezeigt werden.\nDiese Bibliothek wird eine einfache Sammlung von Funktionen sein, die aufeinander aufbauen können. Eine solche persönliche Bibliothek ist ein guter Weg, um Arbeit zu sparen. Denn diese Bibliothek kann einfach in jedes neue Projekt integriert werden und kann dann wiederkehrende Aufgaben bereits erledigt haben."},{"type":"paragraph","crDate":1688564390887,"chDate":1688564513437,"text":"In einer neuen Datei wird ein Objekt mit dem gleichen Namen wie die Datei angelegt. Dies erleichtert das Merken des Namens.\nWir verzichten hier auf einen Export, da die Datei über einfache Datei-Einbindung in HTML integriert werden soll. \nDieses Objekt wird nun mit den gewünschten Funktionen gefüllt. "},{"type":"code","crDate":1688564520768,"chDate":1688564522207,"text":"'use strict';\n\nconst myLib = {\n    createNumber(min, max) {\n        return ~~(Math.random() * (max - min + 1) + min);\n    }\n}\n"},{"type":"paragraph","crDate":1688564600176,"chDate":1688564657764,"text":"Diese Bibliothek kann nun in jede HTML-Datei eingebunden werden."}]}