{"content":[{"type":"paragraph","crDate":1693396941880,"chDate":1693397870305,"text":"Eine <i>Computed Property</i> in Vue ist eine Funktion, die ähnlich einem <a href=\"/?id=31wudih4pmi\">Getter</a> funktioniert. Allerdings werden Computed Properties gecached. Sie werden nur dann neu berechnet, wenn sich eine Abhängigkeit ändert."},{"type":"code","crDate":1693397878662,"chDate":1693397911502,"text":"// JS\nconst myApp = createApp({\n data() {\n  return { vname: 'Max', nname: 'Mustermann' }\n },\n computed: {\n  fullName(){\n   return `${this.vname} ${this.nname}`\n  }\n }\n});"},{"type":"code","crDate":1693397919415,"chDate":1693398095242,"text":"// HTML\n&lt;div id=\"app\">\n &lt;p>\n  {{ fullName }} &lt;!-- Max Mustermann -->\n &lt;/p>\n&lt;/div>"}]}