{"content":[{"type":"paragraph","crDate":1693995374440,"chDate":1693999161843,"text":"Zur Eingabe von Text kann ein einfaches <i>input</i>-Textfeld benutzt werden. \nÜber das <i>type</i>-Attribut kann gesteuert werden, welche Art von Eingaben in diesem Element erwartet werden. \nNur wenige der Elemente werden automatisch auf gültige Eingaben verifiziert. In den meisten Fällen dient der Type dazu, dass der Browser eine entsprechende Eingabehilfe anbietet. \n\n<b>text</b>\nAls Inhalt des Eingabefeldes wird ein beliebiger String erwartet.\n<b>number</b>\nAls Inhalt des Eingabefeldes wird eine Zahl erwartet. Auch wenn als Inhalt eine Zahl erwartet wird, ist der Rückgabewert des Eingabefeldes dennoch vom Datentyp <i>string</i>\n<b>tel</b>\nErwartet eine Telefonnummer. \n<b>url</b>\n<b>email</b>\n<b>password</b>\n<b>hidden</b>\n\nbutton\ncheckbox\ncolor\ndate\ndatetime\ndatetime-local\nfile\nimage\nradio\nrange\nreset\nsearch\nsubmit\ntime"},{"type":"subheader","crDate":1693998712068,"chDate":1693998717642,"text":"Verifizierung"},{"type":"paragraph","crDate":1693998721754,"chDate":1693999886031,"text":"Bis auf wenige Types wird keines der Eingabeelemente automatisch verifiziert. Und auch für jene ist die eingebaute Verifikation nur sehr einfach.\nEs bietet sich also also grund"},{"type":"subheader","crDate":1693995771327,"chDate":1693995786221,"text":"Verifizierung deaktivieren"},{"type":"paragraph","crDate":1693996939571,"chDate":1693996943338,"text":"Auch das geht."}]}