{"content":[{"type":"paragraph","crDate":1693314148515,"chDate":1693314445813,"text":"React bietet eine Komponentenarchitektur, die es Entwicklern ermöglicht, wiederverwendbare und modulare UI-Komponenten zu erstellen. In React sind Komponenten wie Bausteine, aus denen die Benutzeroberfläche zusammengesetzt ist. Jede Komponente kann ihren eigenen Zustand verwalten und auf Änderungen reagieren.\nEs gibt zwei grundlegende Weisen, Komponenten zu erzeugen: \n<ul>\n<li>Die Klassen-Syntax, die mittlerweile als veraltet angesehen werden kann</li>\n<li>Die Functional Components, die seit der Einführung der <i>Hooks</i> breite Verwendung finden</li>\n</ul>"},{"type":"subheader","crDate":1683294495214,"chDate":1693314461268,"text":"Functional Component"},{"type":"subheader","crDate":1693314532031,"chDate":1693314535534,"text":"Parameter"},{"type":"subheader","crDate":1693314464165,"chDate":1693314470489,"text":"Component-Class"},{"type":"paragraph","crDate":1693314472859,"chDate":1693314524384,"text":"Diese Syntax kann als veraltet angesehen werden und wird hier nicht mehr im Detail besprochen.\nNur zur Übersicht hier eine kleine Einführung."}]}