{"content":[{"type":"paragraph","crDate":1693230914616,"chDate":1693231137617,"text":"Das aus dem Modul importierte Methode liefert alle Methoden, um mit der Datenbank zu kommunizieren.\nHier eine Übersicht über die wichtigsten Methoden:"},{"type":"subheader","crDate":1693231327054,"chDate":1693231345666,"text":"list()"},{"type":"paragraph","crDate":1693231797872,"chDate":1693231816951,"text":"Lädt ein Array mit den Namen aller Datenbanken in Couch."},{"type":"code","crDate":1693231819174,"chDate":1693231849958,"text":"db.list().then(\n console.log\n).catch(\n console.warn\n)"},{"type":"subheader","crDate":1693231580733,"chDate":1693231583315,"text":"get()"},{"type":"paragraph","crDate":1693231585202,"chDate":1693231662242,"text":"Informationen über die genannten Datenbank laden."},{"type":"code","crDate":1693231677075,"chDate":1693231831998,"text":"db.get('autos').then(\n console.log  // -> Informationen über die DB\n).catch(\n console.warn\n)"},{"type":"subheader","crDate":1693231320491,"chDate":1693231348626,"text":"create()"},{"type":"subheader","crDate":1693231388745,"chDate":1693231393054,"text":"destroy()"},{"type":"subheader","crDate":1693231874964,"chDate":1693231878444,"text":"scope()"},{"type":"subheader","crDate":1693231886092,"chDate":1693231891314,"text":"compact()"},{"type":"subheader","crDate":1693231910770,"chDate":1693231917600,"text":"changes()"},{"type":"subheader","crDate":1693231920289,"chDate":1693231924467,"text":"updates()"}]}