{"content":[{"type":"paragraph","crDate":1684313761566,"chDate":1699539676701,"text":"Javascript wurde entwickelt, um möglichst einfach zu sein. Dabei wurde bewusst schlechter Code akzeptiert. So war es zum Beispiel möglich, Variablennamen mehrfach anzulegen und somit versehentlich Variablen zu überschreiben und vieles mehr.\nRelativ schnell wurde erkannt, dass das eine blöde Idee war und zumindest einige dieser Möglichkeiten sollten beschränkt werden.\nEin Problem war, dass ältere Browser einen neuen Befehl zum Aktivieren des neuen Modus' nicht verstehen würden und in einen Fehler laufen würden.\nDaher kam man auf die Idee, einfach einen definierten String einzufügen : <i>'use strict';</i>\nDieser String würde von den Browsern erkannt und diese würden in den Strict-Modus wechseln. Damit würden die oben beschriebenen Probleme beseitigt.\nÄltere Browser, die den Strict-Modus nicht erkennen, ignorieren den String einfach.\n<b>Hinweis</b>: Im Beispiel wird mit <i>var</i> gearbeitet, Browser ohne Strict-Modus nicht mit <i>let</i> arbeiten können.\n"},{"type":"code","crDate":1684315063625,"chDate":1684315097919,"text":"// Ohne Strict-Modus\nvar x = 12;\nvar x = 100;\n\nconsole.log(x);  // -> 100"},{"type":"code","crDate":1684315102513,"chDate":1684315157725,"text":"// Mit Strict-Modus\n'use strict';\n\nvar x = 12;\nvar x = 100;  // -> Fehlermeldung\n\nconsole.log(x);"},{"type":"subheader","crDate":1684315219297,"chDate":1684315222924,"text":"Scope"},{"type":"paragraph","crDate":1684315225090,"chDate":1684315535448,"text":"Grundsätzlich sollte der Strict-Modus immer und ohne Ausnahme global aktiviert werden.\nDie Möglichkeit, den Strict-Modus für einzelne Funktionen zu aktivieren ist ein historischer Überrest und spielt schon lange keine Rolle mehr. "}]}