{"content":[{"crDate":1683203099843,"chDate":1684228230103,"type":"paragraph","text":"Diese Webseite entsteht im Zuge des Javascript-Kurses von <a href=\"http://alfatraining.de\" target=\"_blank\">Alfa-Training</a>.\nHier wird der gesamte Inhalt des Kurses in Form einer Referenz dargestellt. Diese Referenz dient nicht dazu, Javascript von vorn bis hinten zu lernen sondern nur als Referenz und setzt ein gewisses Grundverständnis voraus."},{"type":"paragraph","crDate":1684316847392,"chDate":1684316944629,"text":"Aufgrund eines Server-Umzuges habe ich die Gelegenheit genutzt, diese Seite vollständig neu aufzubauen. \nDas hat den Vorteil, dass die Beispiele aktuelle sind und alles einfach besser wird. Aber es hat den großen Nachteil, dass ich (fast) alles neu schreiben muss. Daher bitte ich um Geduld, wenn die Seite noch unfertig wirkt."},{"type":"subheader","crDate":1686819192744,"chDate":1686819205959,"text":"Responsive"},{"type":"paragraph","crDate":1686819208103,"chDate":1686819277274,"text":"Diese Webseite ist dafür gedacht, um während der Arbeit als Nachschlagewerk zu dienen.\nDaher habe ich mich bewusst dazu entschieden, auf Responsive Design zu verzichten und die gewonnene Zeit in Inhalte zu stecken."}]}