{"content":[{"type":"paragraph","crDate":1698235996621,"chDate":1703165097422,"text":"Seit Version 2 von Vue können Apps mithilfe von Komponenten aufgebaut werden. In Version 3 wurde diese Fähigkeit weiter ausgebaut.\nKomponenten werden in Vue als sog. <i>Single File Components</i> eingebunden. D.h., dass eine Komponente in einer Datei mit der Endung <i>.vue</i> gespeichert ist.\nDiese enthält sowohl Javascript- als auch HTML- und CSS-Code.\nUm mit diesen Komponenten arbeiten zu können, muss die Webseite kompiliert werden. Der beste Weg, dies zu tun, ist die Verwendung des <i>Vue-CLI</i> (<a href=\"\">Klick für mehr</a>).\n"},{"type":"code","crDate":1698235993436,"chDate":1698237883556,"text":"&lt;template>\n&lt;/template>\n\n&lt;script>\nexport default { };\n&lt;/script>\n\n&lt;style scoped>\n&lt;/style>"},{"type":"subheader","crDate":1698236989782,"chDate":1698236994003,"text":"Template"},{"type":"paragraph","crDate":1698236995964,"chDate":1698237506311,"text":"Im <i>Template</i>-Tag wird durch HTML-Code beschrieben, wie die Komponente aufgebaut ist.\nIn diesem Template können Direktiven und Expressions verwendet werden. Das Template ist mit dem Vue-Objekt in der selben Komponente verknpüft und liest Variablen und Methoden aus diesem."},{"type":"code","crDate":1698237897916,"chDate":1698238937017,"text":"&lt;template>\n &lt;div class=\"container\">\n  &lt;Ueberschrift content=\"Header\" />\n  &lt;p>\n   {{ content }}\n  &lt;/p>\n &lt;/div>\n&lt;/template>"},{"type":"subheader","crDate":1698237509232,"chDate":1698237514479,"text":"Script"},{"type":"paragraph","crDate":1698237516334,"chDate":1698237722255,"text":"Das <i>script</i>-Tag in einer Vue-Komponente dient dazu, Javascript-Code für die Komponente einzubinden. Innerhalb des script-Tags können Variablen, Funktionen und andere Logik definiert werden, die von der Komponente verwendet werden sollen.\nIm <i>script</i>-Tag muss mindestens ein leeres Objekt exportiert werden."},{"type":"code","crDate":1698238052304,"chDate":1698238886985,"text":"export default {\n data() {\n  return {\n   content: \"Hello World\",\n  };\n },\n components: { Ueberschrift },\n};\n</script>"},{"type":"subheader","crDate":1698237729752,"chDate":1698237735084,"text":"Style"},{"type":"paragraph","crDate":1698237741200,"chDate":1698237874293,"text":"Das <i>style</i>-Tag in einer Vue-Komponenten dient zur Gestaltung der betreffenden Komponente. Es enthält CSS-Regeln, deren Auswirkung sich mithilfe des <i>scoped</i>-Atrributes auf die Komponente einschränken lassen."},{"type":"code","crDate":1698238818458,"chDate":1698238845991,"text":"&lt;style scoped>\nh2 {\n position: relative;\n color:#888;\n font-size: 1.5em;\n font-weight: normal;\n}\np {\n position: relative;\n background: #ddd;\n padding:10px;\n}\n&lt;/style>"}]}