{"content":[{"type":"paragraph","crDate":1730124630898,"chDate":1730124723118,"text":"Für das Aktualisieren eines Datensatzes gibt es keine gesonderte Methode. Statt dessen wird einfach der Datensatz gelesen, verändert und wieder geschrieben."},{"type":"code","crDate":1730124883507,"chDate":1730125046545,"text":"const handleSuccess = evt => {\n const db = evt.target.result;\n\n let myObjectStore = db.transaction(objStoreName, 'readwrite')\n  .objectStore(objStoreName);\n\n // Objekt mit ID 13 lesen\n let myRequest = myObjectStore.get(13)\n\n myRequest.addEventListener('success', evt => {\n  const data = evt.target.result;\n\n  // Datensatz ändern\n  data.leistungKW = 210;\n\n  // Datesatz schreiben\n  const requestUpdate = myObjectStore.put(data);\n  requestUpdate.addEventListener('success', evt => {\n   console.log('Data updated', data);\n  });\n })\n}\n\nconst init = () => {\n requestDB = window.indexedDB.open(dbName, 5);\n requestDB.addEventListener('success', handleSuccess);\n}\n\ninit();"}]}