{"content":[{"type":"paragraph","crDate":1717764680073,"chDate":1717766018648,"text":"Der <i>animate</i>-Node erlaubt es, Attribute ohne JS zu animieren. Der animate-Node wird als Kind des zu animierenden Nodes eingetragen. \nAnimate bekommt Attribute, um die Animation zu steuern.\n<ul>\n<li><b>attributeName</b>: Zu animierendes Attribut</li>\n<li><b>values</b>: Mit Semikolon getrennte Liste von Werten, die durchlaufen wird.</li>\n<li><b>dur</b>: Dauer eines Animationsframes</li>\n<li><b>repeatCount</b>: Anzahl der Wiederholungen. <i>indefinate</i>bestimmt, dass die Animation nicht endet.</li>\n</ul>"},{"type":"code","crDate":1717766044840,"chDate":1717766092466,"text":"&lt;!-- HTML -->\n\n&lt;svg>\n &lt;rect fill=\"#abc\" x=\"20\" y=\"20\" width=\"10\" height=\"160\">\n  &lt;animate \n   attributeName=\"width\"\n   values=\"10;100;10;70;10;40;10;30;10;20;10\" \n   dur=\"4s\" \n   repeatCount=\"1\"\n  >&lt;/animate>\n &lt;/rect>\n&lt;/svg>"}]}