{"content":[{"type":"paragraph","crDate":1698160426841,"chDate":1698160569461,"text":"Relativ häufig kommt es vor, dass in ein React-Modul zusätzliche Daten importiert werden müssen. Dies können Bilder, JSON- oder CSS-Dateien oder anderes sein.\nDiese Dateien können mit einem einfachen import eingebunden werden.\nIm <i>Build</i>-Prozess werden auch diese Dateien inkludiert."},{"type":"code","crDate":1703077782325,"chDate":1703078243868,"text":"import './App.css';\nimport { useState } from 'react';\nimport poems from './data/pluto.json';\n\nconst App = () => {\n // States\n let [content] = useState(poems.poemsAboutPluto);\n\n // Funktionen\n const createContents = () => content.map(\n  (text, index) => &lt;Absatz content={text} key={index} />\n )\n\n return (\n  &lt;>\n   &lt;Ueberschrift content=\"Pluto\" />\n   {createContents()}\n  &lt;/>\n )\n}\n\nconst Ueberschrift = props => &lt;h2>{props.content}&lt;/h2>\n\nconst Absatz = props => {\n return (\n  &lt;div className=\"Absatz\">\n   &lt;p>{props.content}&lt;/p>\n   &lt;p className=\"charCount\">{String(props.content).length} Chars&lt;/p>\n  &lt;/div>\n )\n}\n\nexport default App;"},{"type":"subheader","crDate":1703077400890,"chDate":1703077750153,"text":"Inhalt der JSON-Datei"},{"type":"code","crDate":1703077370197,"chDate":1703079402076,"text":"{\n \"poemsAboutPluto\": [\n  \"Pluto, small and far, In the darkness, you're a star.\",\n  \"Your voyage, long and wide, Shows us the infinity outside.\",\n  \"Once a planet, now a dwarf star, Your secret, you carry far.\",\n  \"Pluto, born in the night, You have never lost your light.\",\n  \"Frosty, cold, and lonely, Your existence is not ordinary but stony.\",\n  \"Pluto, you wander alone, In the wide starry zone.\",\n  \"In the depth of space, Where light barely leaves a trace,\",\n  \"Pluto dances, quiet and nice, On its own silent ice.\",\n  \"Tiny wanderer, In the darkness, but not a squanderer.\". \n  \"Your story tells of mysteries, and fascinates us with your histories.\"\n ]\n}"}]}