{"content":[{"type":"subheader","crDate":1693906576961,"chDate":1693906579664,"text":"Cookies"},{"type":"paragraph","crDate":1693906490304,"chDate":1693906622461,"text":"Diese Webseite verwendet keine Cookies und speichert keine Benutzerdaten."},{"type":"subheader","crDate":1693906582395,"chDate":1693906590768,"text":"Disclaimer"},{"type":"paragraph","crDate":1693906592984,"chDate":1693906892146,"text":"Aus technischen Gründen schreibt der Webserver ein Log-File mit, in welchem die IP-Adresse, Browser, Betriebssystem und Zeitpunkt des Zugriffs gespeichert werden. \nFalls Sie es wünschen, kann ich die Daten ihres Zugriffes umgehend entfernen. Bitte schreiben Sie mir unter post@bitschmiede.com.\nNatürlich kann die Datenübertragung im Internet (z.B. bei der Kommunikation per E-Mail) Sicherheitslücken aufweisen. Ein lückenloser Schutz der Daten vor dem Zugriff durch Dritte ist nicht möglich."}]}