{"content":[{"type":"paragraph","crDate":1725976279038,"chDate":1725976623193,"text":"<i>jQuery</i> ist eine Javascript-Bibliothek, die 2006 von John Resig entwickelt wurde, um die Arbeit mit JavaScript zu vereinfachen. \nDie Bibliothek wurde entwickelt, um die Unterschiede in der Art und Weise, wie JavaScript von verschiedenen Browsern implementiert wurde, auszugleichen und Entwicklern zu helfen, weniger Code zu schreiben. Der Fokus von jQuery liegt in der Manipulation des DOM.\nIn jQuery wird so gut wie jede Aktion als Methode aufgerufen.\njQuery bietet eine Vielzahl von Funktionen, darunter DOM-Manipulation, Event-Handling, Animationen und Ajax-Funktionalitäten. \nDie Bibliothek wurde schnell populär, weil sie eine einfache und intuitive Syntax für die Selektion und Manipulation von DOM-Elementen bereitstellt und plattformübergreifend kompatibel ist.."},{"type":"subheader","crDate":1725976435157,"chDate":1725976440867,"text":"Nicht verwenden"},{"type":"paragraph","crDate":1725976430881,"chDate":1725977090591,"text":"Obwohl jQuery in der Vergangenheit eine wichtige Rolle bei der Vereinfachung der Javascript-Entwicklung gespielt hat, gibt es heute mehrere Gründe, warum es nicht mehr die beste Wahl für moderne Webprojekte ist. \n<ul><li>Native JavaScript-Funktionen und die Unterstützung moderner Webbrowser hat sich erheblich verbessert, sodass fast alle Funktionen, für die jQuery früher benötigt wurde, nun direkt in Javascript verfügbar sind</li>\n<li>Moderne Javascript-Frameworks und -Bibliotheken wie React, Vue und Angular lassen sich nur schwer mit jQuery verbinden.</li>\n<li>jQuery ist im Vergleich zu modernen Alternativen ziemlich schwergewichtig, was zu längeren Ladezeiten führen kann, insbesondere auf mobilen Geräten</li>\n<li>jQuery verwendet alten Code und alte Konzepte. Das macht es unnötig langsam.</li>\nDaher wird jQuery in dieser Dokumentation nicht weiter behandelt.\n."}]}