{"content":[{"type":"paragraph","crDate":1684760663063,"chDate":1685102046954,"text":"Eine Variable ist eine Verknüpfung zu einer Stelle im Arbeitsspeicher.\nDazu wird die Variable mit dem Schlüsselwort <i>let</i> mit einem Namen angelegt und ein Wert hineingeschrieben.\nEinmal angelegte Variablen können nicht neu angelegt werden."},{"type":"code","crDate":1684761279049,"chDate":1685102081647,"text":"let x = 100;\n\nlet x = 23;  // -> Fehlermeldung"},{"type":"paragraph","crDate":1684761270817,"chDate":1684761373705,"text":"Wenn der Name angesprochen wird, so lädt das Programm den Wert aus der verknüpften Stelle im Arbeitsspeicher und stellt ihn zur Verfügung. Dieser Wert kann dann beliebig verarbeitet, übergeben oder sonstwie behandelt werden."},{"type":"code","crDate":1684761377697,"chDate":1684761407030,"text":"let x = 100;\nconsole.log(x);\nconsole.log(x * 2);"},{"type":"paragraph","crDate":1684761440573,"chDate":1684761514943,"text":"Eine Variable heißt deswegen so, weil sie variabel ist. Sie kann also jederzeit variiert/verändert werden. Dazu können wir einen neuen Wert in die Variable ablegen."},{"type":"code","crDate":1684761520030,"chDate":1684761558061,"text":"let x = 100;\nconsole.log(x);\n\nx = 123;\nconsole.log(x);\n\nx = x * 2;\nconsole.log(x);"},{"type":"subheader","crDate":1685100990921,"chDate":1685101162964,"text":"Schwache Typisierung"},{"type":"paragraph","crDate":1685100999742,"chDate":1685446731110,"text":"Um klar definieren zu können, was mit den im Programm gespeicherten Informationen gemacht werden kann, sind mehrere sog. Datentypen definiert worden.\nDa Javascript leicht zu erlernen sein soll, sind in JS nicht alle Datentypen abgebildet, die in anderen Sprachen verfügbar sind. So gibt es zum Beispiel zur Verwaltung von Zahlen nur zwei Datentypen statt den Dutzenden aus anderen Sprachen.\nDie Datentypen der in Variablen gespeicherten Werte ist in Javascript flexibel. So kann bspw. eine Variable, die eine <I>Zahl</i> enthält mit einem <i>String</i> überschrieben werden.\nParameter von Funktionen können Argumente beliebiger Datentypen annehmen und ein Array kann mit Werten verschiedener Datentypen gefüllt werden.\nDieses Verhalten wird \"schwache -\", \"weiche -\" oder \"lose Typisierung\" genannt.\nBeim Initialisieren einer Variable wird der Datentyp daher nicht explizit benannt sondern aus dem Wert entnommen.\nDie existierende Variable kann dann mit Werten beliebiger anderer Datentypen überschrieben werden."},{"type":"code","crDate":1685101671760,"chDate":1685101749448,"text":"let myVal = 'Hallo';\nconsole.log(typeof myval);  // -> string\n\nmyVal = 12;\nconsole.log(typeof myval);  // -> number\n\nmyVal = '12';\nconsole.log(typeof myval);  // -> string"},{"type":"subheader","crDate":1684760746545,"chDate":1684760749768,"text":"Konstanten"},{"type":"paragraph","crDate":1684763146014,"chDate":1684764299335,"text":"Es kommt vor, dass der Inhalt einer Variablen nicht verändert werden soll.\nZ.B., für Werte, die sich im Laufe des Programms nicht ändern sollen (Steuern, etc). \nIn dem Fall kommen Konstanten ins Spiel. Sie fuktionieren ebenso wie Variablen, nur können sie nicht überschrieben werden."},{"type":"code","crDate":1684764305654,"chDate":1684764353211,"text":"const uSt = 19;\nuSt = 17;  // -> Fehlermeldung"}]}