{"content":[{"type":"paragraph","crDate":1721138307597,"chDate":1721138717719,"text":"Das State-Pattern erlaubt es, auf eine Änderung in den Daten mit einem Update der Objektstruktur zu reagieren.\nDieses Pattern wird gern zur Darstellung und Aktualisierung von DOM-Elemente verwendet, kann aber auch in anderen Situation hilfreich sein.\nAls State wird eine lokale Variable bezeichnet, deren Änderung ein automatisches Update des Objektes zur Folge hat."},{"type":"paragraph","crDate":1721138720765,"chDate":1721138787285,"text":"Im folgenden, einfachen Beispiel soll ein DOM-Element auf der Seite eingebunden werden.\nUm den Inhalt zu ändern, kann die <i>setContent()</i>-Methode aufgerufen werden. Der Parameter wird in die lokale Variable geschrieben und dann wird automatisch das erzeugte DOM-Element neu gerendert."},{"type":"code","crDate":1721138792829,"chDate":1721138961292,"text":"const main = document.querySelector('main');\n\nconst elContent = (content, parent) => {\n const container = document.createElement('div');\n container.className = 'container';\n parent.append(container);\n\n container.setContent = newContent => {\n  content = newContent;\n  render();\n }\n\n const render = () => {\n  container.innerHTML = '';\n  const absatz = document.createElement('p');\n  absatz.innerHTML = content;\n  container.append(absatz);\n }\n\n render();\n\n return container;\n}\n\nlet myParagraph = elContent('Hallo Welt', main);\nlet yourParagraph = elContent('Javascript rockt', main);\n\nmyParagraph.setContent('Dies ist neuer Inhalt.')\n"}]}