{"content":[{"type":"paragraph","crDate":1686747712599,"chDate":1686747748301,"text":"Eine Schleife ist eine Kontrollstruktur, die es ermöglicht, einen Block von Anweisungen oder Befehlen unter bestimmten Bedingungen oder eine bestimmte Anzahl von Malen auszuführen. Durch den Einsatz von Schleifen können Programmierer:innen wiederkehrende Aufgaben automatisch und effizient ausführen, ohne jeden Schritt separat im Code zu schreiben."},{"type":"subheader","crDate":1686749075419,"chDate":1686749079522,"text":"while-Schleife"},{"type":"paragraph","crDate":1686748369479,"chDate":1686749020606,"text":"In einer <i>while-Schleife</i> wird der Codeblock ausgeführt, falls die logische Anweisung ein true ergibt.\nIst der Codeblock zuende, wird die logische Anweisung ein weiteres Mal geprüft. Ist das Ergebnis wieder true, wird der Codeblock ein weiteres Mal ausgeführt. Und so weiter."},{"type":"code","crDate":1686748355823,"chDate":1686748358468,"text":"const randomNum = (min, max) => Math.floor(Math.random() * (max - min + 1) + min);\n\nlet num = randomNum(0, 10);\n\nwhile (num < 10) {\n    num = randomNum(0, 10);\n    console.log(num);\n}"},{"type":"subheader","crDate":1686749091050,"chDate":1686749096672,"text":"For-Schleife"},{"type":"paragraph","crDate":1686749098872,"chDate":1686749410987,"text":"Die for-Schleife ist eine spezialisierte Schleife, die es den Programmierer:innen erleichtert, an alles zu denken.\nIn der runden Klammer der for-Schleife werden drei Angaben gemacht:\n<ul>\n<li>Anweisung, die einmal vor dem Start der Schleife ausgeführt wird</li>\n<li>Logische Anweisung, die steuert ob der Codeblck ein weiteres Mal ausgeführt wird</li>\n<li>Anweisung, die nach jeder Iteration ausgeführet wird</li>\n</ul>\nÜblicherweise wird die for-Schleife eingesetzt, um einen Codeblock eine definierte Anzahl an Durchläufen oft ausführen zu lassen. "},{"type":"code","crDate":1686749584190,"chDate":1686749945985,"text":"for (let i = 0; i < 5; i++) {\n console.log(i);  // -> 0\n                  // -> 1\n                  // -> 2\n                  // -> 3\n                  // -> 4\n}"},{"type":"code","crDate":1686749752232,"chDate":1686749937354,"text":"const randomNum = (min, max) => Math.floor(Math.random() * (max - min + 1) + min);\n\nfor (let num = randomNum(0, 10); num < 10; num = randomNum(0, 10)) {\n console.log(num);\n}"}]}