{"content":[{"type":"paragraph","crDate":1695906321351,"chDate":1695984233617,"text":"Die Standard-Methode zum Erzeugen eines Rechtecks ist die <i>rect()</i>-Methode.\nTechnisch betrachtet erzeugt die Rect-Methode vier Stützpunkte auf dem Pfad.\nSie bekommt vier Parameter übergeben:\n<ul>\n<li>Abstand vom linken Rand in Pixel</li>\n<li>Abstand vom oberen Rand in Pixel</li>\n<li>Breite in Pixel</li>\n<li>Höhe in Pixel</li>\n</ul>"},{"type":"code","crDate":1695984324459,"chDate":1695986851655,"text":"ctx.beginPath();\nctx.rect(20,20,100,60);\nctx.rect(c.width - 120,c.height - 80,100,60);\nctx.fill();"},{"type":"image","crDate":1695984345018,"chDate":1695984345018,"filename":"3cd3d0fd8b99a9319adec4d02.png"},{"type":"subheader","crDate":1695986171463,"chDate":1695986467834,"text":"fillRect / strokeRect"},{"type":"paragraph","crDate":1695986183662,"chDate":1695986738447,"text":"Neben der rect()-Methode können auch die <i>fillRect()</i>- und die <i>strokeRect()</i>-Methode Rechtecke zeichnen. \nSie nehmen die gleichen Parameter an wie die rect()-Methode.\nIm Unterschied dazu benötigen diese weder beginPath() noch fill() oder stroke().\nDie fillRect()- und strokeRect()-Methoden werden übrigens viel schneller ausgeführt als rect()."},{"type":"code","crDate":1695986810113,"chDate":1695986813570,"text":"ctx.strokeRect(20, 20, 100, 60);\nctx.fillRect(c.width - 120, c.height - 80, 100, 60);"},{"type":"image","crDate":1695986816698,"chDate":1695986816698,"filename":"3cd3d0fd8b99a9319adec4d03.png"},{"type":"subheader","crDate":1696407424057,"chDate":1696407436155,"text":"Abgerundet"},{"type":"paragraph","crDate":1696407439376,"chDate":1696407659991,"text":"Um ein abgrundetes Rechteck zu zeichnen, kann die roundRect()-Methode verwendet werden.\nNeben den Parametern für Position und Abmessungen wird ein fünfter Paremeter für den Eckenradius erwartet."},{"type":"code","crDate":1696407600107,"chDate":1696407605627,"text":"ctx.beginPath();\nctx.roundRect(20, 20, 150, 100, 10);\nctx.roundRect(200, 20, 80, 100, 10);\nctx.fill();"},{"type":"image","crDate":1696407674158,"chDate":1696407674158,"filename":"f989d597f0d37b89086a12703.png"}]}