{"content":[{"type":"subheader","crDate":1692365833669,"chDate":1692365835114,"text":"Chaining"},{"type":"paragraph","crDate":1692365828316,"chDate":1692365864817,"text":"Um mehrere Verarbeitungsschritte voneinander abhängig zu machen, können auch mehrere then()-Methoden <i>verkettet</i> werden. Dann wird der Rückgabewert der vorigen then()-Methode als Parameter an die nächste then()-Methode übergeben. Dieser Rückgabewert kann durchaus ein Promise sein."},{"type":"code","crDate":1692365881303,"chDate":1692365883008,"text":"const myPromise = new Promise((resolve, reject) => {\n let z = Math.floor(Math.random() * 100);\n if (z < 50) resolve(z);\n else reject(z)\n});\n\nmyPromise.then(\n result => {\n  console.log('resolve', result);\n  return result *2;\n }\n).then(\n result => {\n  console.log('resolve', result);\n  return result *2;\n }\n).then(\n result => {\n  console.log('resolve', result);\n  return result *2;\n }\n).then(\n result => {\n  console.log('resolve', result);\n }\n).catch(\n err => console.log('reject', err)\n)"}]}