{"content":[{"type":"paragraph","crDate":1686726510478,"chDate":1686728358844,"text":"Destructuring bedeutet, dass Werte aus einer Struktur (Array oder Objekt) entnommen und in einfache Variablen übertragen werden können.\nLinks vom Gleichzeichen werden die Variablen in <i>{ }</i> geschrieben. Dabei ist zu beachten, dass die Variablennamen im Objekt als Attributnamen existieren.\nDas Destructuring erwartet ein Objekt und überträgt die Werte in die zur Verfügung stehenden Variablen.\nExistiert ein Variablenname nicht im Objekt, bleibt diese <i>undefined</i>.\nDestructuring erlaubt auch Default-Werte.\n"},{"type":"code","crDate":1686727242154,"chDate":1686728278995,"text":"const meinAuto = {\n marke: 'Hyundai',\n modell: 'i20',\n leistungKW: 62,\n klima: true\n}\n\nlet { marke, klima, farbe = 'Steingrau'  } = meinAuto;\n\nconsole.log(marke);  // -> Hyundai\nconsole.log(klima);  // -> true\nconsole.log(farbe);  // -> Steingrau\n// console.log(modell);  // -> Not defined"}]}