{"content":[{"type":"paragraph","crDate":1706539904040,"chDate":1706540054462,"text":"AI kann eine großartige Hilfe sein, um den Erfolg einer Webseite zu analysieren."},{"type":"subheader","crDate":1706539938965,"chDate":1706539944675,"text":"Heatmaps u.ä."},{"type":"paragraph","crDate":1706539947549,"chDate":1706540028533,"text":"<b>Eyequant</b>\nEyequant ist ein Tool, das mit Hilfe von AI eine Webseite darauf analysiert, wie ein Benutzer sie wahrnehmen würde. Dadurch werden groß angelegte Tests vereinfacht und das Ergebnis verbessert."},{"type":"links","crDate":1706539915574,"chDate":1706539915574,"links":[{"title":"Eyequant","url":"https://www.eyequant.com"}]}]}