{"content":[{"type":"paragraph","crDate":1758799768227,"chDate":1758799901955,"text":"Hier ein paar Einstellungen, die dabei helfen sollen, in einer Schulung das Lernen zu unterstützen.\nEinige davon dienen auch als Spickzettel für mich als Dozent 😉\nTipp: In den Settings befindet sich ein Suchfeld, um das Finden von Einstellungen zu erleichtern."},{"type":"subheader","crDate":1758799852178,"chDate":1758799856360,"text":"Textgröße"},{"type":"paragraph","crDate":1758799859236,"chDate":1758800329158,"text":"Unter <i>Menü</i> -> <i>File</i> -> <i>Settings</i> -> <i>Appearence</i> finden sich Einstellungen, um die Darstellung anzupassen. Insbesondere die Textgröße.\n<i>Accessibility</i> -> <i>Zoom</i> verändert die Schrift- und Icongröße in der gesamten App.\n<i>Accessibility</i> -> <i>Custom Font</i> erlaubt die Auswahl eines Fonts und dessen Größe für die UI, nicht den Code.\n"},{"type":"subheader","crDate":1758800437424,"chDate":1758800444725,"text":"Autovervollständigung"},{"type":"paragraph","crDate":1758800446964,"chDate":1758800774047,"text":"In der Praxis ist die Autovervollständigung sehr hilfreich. Sie erlaubt es, den Code sehr schnell zu gestalten.\nUm Programmiertechniken zu lernen, ist dies aber nicht hilfreich. Zum Lernen sollte die Hilfe also abgeschaltet werden.\nUnter <i>Menü</i> -> <i>File</i> -> <i>Settings</i> -> <i>Editor</i> -> <i>General</i> -> <i>Inline Completion</i> enthält zwei Checkboxen:\n<ul><li>Enable local Full Line completion suggestions</li>\n<li>Enable cloud completion suggestions</li></ul>\nHiermit werden die Hilfsfunktionen aktivier/deaktiviert."},{"type":"subheader","crDate":1758801104361,"chDate":1758801113070,"text":"Drag and Drop"},{"type":"paragraph","crDate":1758801115246,"chDate":1758801407668,"text":"Um einen vorhandenen Ordner zu öffnen, ist Drag'n'Drop eine sehr praktische Möglichkeit.\nUm diese zu nutzen, muss zunächst das aktuelle Projekt geschlossen werden über <i>Menü</i> -> <i>File</i> -> <i>Close Project</i>\nDann kann ein Ordner aus dem Dateimanager auf die Projektliste gezogen werden und sie werden als aktuelles Projekt geöffnet."},{"type":"subheader","crDate":1758801456782,"chDate":1758801463275,"text":"Snippets"},{"type":"paragraph","crDate":1758801466450,"chDate":1758801545955,"text":"Snippets heißen in Webstorm <i>Live-Templates</i> und werden <a href=\"/?id=b899pbl1e3c\">hier behandelt (click)</a>."},{"type":"subheader","crDate":1758801785831,"chDate":1758801792281,"text":"Erklären lassen"},{"type":"paragraph","crDate":1758801796167,"chDate":1758802108390,"text":"Es gibt einen sehr einfachen und praktischen Weg, um sich einzelne Codeabschnitte erklären zu lassen.\nWenn der Code markiert wurde, kann mit einem Rechtsklick darauf das Contextmenü geöffnet werden.\nHier wird <i>AI Actions</i> -> <i>Explain Code</i> ausgewählt. \nDadurch öffnet sich der AI Assistent und stellt automatisch eine Anfrage, um den markierten Code zu erklären."},{"type":"subheader","crDate":1758802135447,"chDate":1758802143205,"text":"Automatische Formatierung"},{"type":"paragraph","crDate":1758802145886,"chDate":1758802494810,"text":"Automatische Formatierung ist sehr hilfreich, um die Übersicht über den Code zu behalten. \nDiese wird standardmäßig mit dem Shortcut Ctrl+Alt+L aktiviert.\nFalls dies nicht funktioniert, kann es sein, dass bei der Einrichtung die Tastaturkürzelvon VSCode importiert wurden. In dem Fall erledigt das Kürzel Shift+Alt+F die Aufgabe.\nFalls auch das nicht funktioniert, kann die Operation über <i>Menü</i> -> <i>Code</i> -> <i>Reformal File</i> gestartet werden."},{"type":"subheader","crDate":1758802656204,"chDate":1758802663971,"text":"Automatisch speichern"},{"type":"paragraph","crDate":1758802665891,"chDate":1758803069219,"text":"Unter Umständen kann es stören, dass der Code automatisch gesichert wird. Zum Beispiel, wenn der Inhalt des Browser-Fensters noch benötigt wird, um Daten zu kopieren oder falls der Dozent eine Frage stellt, dessen Antwort nicht sofort sichtbar sein soll.\nIn dem Fall kann das automatische Speichern mittels\n<ul><li><i>Menü</i> -> <i>File</i> -> <i>Settings</i> -> <i>Appearence and Behaviour</i> -> <i>System Settings</i> -> <i>Autosave</i> -> <i>Save files if the IDE is idle for</i></li>\n<li><i>Menü</i> -> <i>File</i> -> <i>Settings</i> -> <i>Appearence and Behaviour</i> -> <i>System Settings</i> -> <i>Autosave</i> -> <i>Save files when switching ...</i></li></ul>\n(de-) aktiviert werden "}]}