{"content":[{"type":"paragraph","crDate":1755253494637,"chDate":1755253496806,"text":"Ein Befehlszeilenwerkzeug, mit dem Entwickler schnell und einfach ein neues React-Projekt einrichten können. Es ist ein offizielles Werkzeug von Facebook, dem Unternehmen hinter React, und bietet eine standardisierte und optimierte Konfiguration für die Entwicklung von React-Anwendungen.\nMit Create React App können Entwickler ohne großen Aufwand ein React-Projekt starten, ohne sich um die Einrichtung von Build-Tools oder Konfigurationsdateien kümmern zu müssen. Es erstellt automatisch eine vorkonfigurierte Projektstruktur und stellt ein Entwicklungsserver bereit, der Live-Reload und Fehlermeldungen unterstützt.\nLeider wird create-react-app seit 2023 nicht mehr weiterentwickelt.\nAufgrund der relativen Einfachheit einer mit diesem Tool erzeugten App ist create-react-app insbesondere für Anfänger:innen bis auf weiteres immer noch die beste Wahl und wird auch im Rahmen dieser Doku verwendet.."},{"type":"terminal","crDate":1755253510495,"chDate":1755253511770,"text":"npm i create-react-app\nnpx create-react-app myapp\ncd myapp\nnpm run start"}]}