{"content":[{"type":"paragraph","crDate":1688474296125,"chDate":1688475163955,"text":"Eine <i>static</i>-Methode wird nicht in die erzeugte Instanz eingehängt sondern bleibt in der Klasse liegen. \nSie dient dazu, klassenbezogene Methoden auszuführen ohne ein Objekt anlegen zu müssen.\nEine static-Methode wird mit dem Schlüsselwort <i>static</i> markiert."},{"type":"code","crDate":1688475289722,"chDate":1688475484204,"text":"class Person {\n  constructor(name, geb) {\n    this.name = name;\n    this.geb = geb;\n  }\n  static createRandom() {\n    return new Person(\n      'Max Mustermann',\n      Math.floor(Math.random() * 30 + 1990)\n    )\n  }\n}\n\nlet myPerson = Person.createRandom();\n\nconsole.log(myPerson);"}]}