{"content":[{"type":"paragraph","crDate":1684928063128,"chDate":1684930957368,"text":"Visual Studio Code (kurz: VSCode) ist der Standard-Editor im Javascript-Kursen bei alfatraining.\nDas hat viele gute Gründe. VSCode ist:\n<ul>\n<li>Quasi Open Source</li>\n<li>Flexibel</li>\n<li>Weit verbreitet</li>\n<li>Für alle gängigen Plattformen verfügbar</li>\n<li>Modern und wird ständig weiter entwickelt</li>\n</ul>\n\nFun Fact: VSCode ist mit einem Framework namens <a href=\"https://www.electronjs.org/\">Electron</a> auf Basis von HTML/CSS/Javascript enstanden. Es ist gewissermaßen weniger ein Programm sondern mehr eine komplexe Webseite, die sich verhält wie ein Programm."},{"type":"image","crDate":1684929370375,"chDate":1684929370375,"filename":"6662fa5e1c8937e3675c59200.PNG","subtext":"Übersicht über die Benutzeroberfläche von VSCode","width":"800"},{"type":"links","crDate":1684930921779,"chDate":1684930921779,"links":[{"title":"Offizielle Webseite","url":"https://code.visualstudio.com/"}]}]}