{"content":[{"type":"paragraph","crDate":1685447052467,"chDate":1685629034003,"text":"Eine Zeichenkette, d.h. eine Reihe hintereinanderliegender Zeichen, wird auch String genannt.\nSie dient dem Speichern von Texten oder codierten Informationen.\nEin String wird durch Anführungszeichen markiert. Dabei spielt es keine Rolle, ob einfache (') oder doppelte (\") Anführungszeichen sind.\nJeder String kennt die Anzahl der Zeichen und gibt diese bei Anfrage der length zurück."},{"type":"code","crDate":1685628720560,"chDate":1685629054040,"text":"let myString = 'Hello World';\n\nconsole.log(myString);  // -> Hello World\nconsole.log(typeof myString);  // -> string\nconsole.log(myString.length);  // -> 11"},{"type":"paragraph","crDate":1685629103508,"chDate":1685629595406,"text":"Mit Hilfe der eckigen Klammer [] kann auf die Indizes des String zugegriffen werden.\nDiese Indizes beginnen bei 0 und liefern immer ein einzelnes Zeichen zurück.\nStrings können auch mit for-of oder einer normalen for-Schleife iteriert werden."},{"type":"code","crDate":1685629598470,"chDate":1685629618253,"text":"let myString = 'Hello World';\n\nconsole.log(myString[0]);  \n\nfor ( let char of myString ){\n    console.log(char);\n}"}]}