{"content":[{"type":"paragraph","crDate":1686924124830,"chDate":1686924719593,"text":"Eine Factory ist eigentlich nur eine Funktion, die ein Objekt zurückgibt.\nDas ist eigentlich nichts besonderes, kann aber als Alternative für eine Klasse verwendet werden. \nAn die Funktion können die Werte gegeben werden, die in das Objekt geschrieben werden sollen."},{"type":"code","crDate":1686925164928,"chDate":1686925168737,"text":"const Auto = (marke, modell) => {\n return { marke, modell }\n}\n\nlet firstCar = Auto('Hyundai', 'i20');\nlet secondCar = Auto('VW', 'iq3');\nlet thirdCar = Auto('Toyota', 'C-HR');\n\nconsole.log(firstCar, secondCar, thirdCar);"}]}