{"content":[{"type":"paragraph","crDate":1707315015205,"chDate":1707315016099,"text":"Der Date-Constructor erlaubt den realtiv einfachen Umgang mit Zeiten und Daten (Plural von Datum). Der Date-Constructor kann vier Varianten von Parametern annehmen:\n<ul>\n<li><b>null</b>\nKein übergebener Parameter bedeutet, dass das Datum den Zeitpunkt des Anlegens des Objekts beschreibt.</li>\n<li><b>String</b>\nEin String, der das gewünschte Datum in amerikanischer Schreibweise beschreibt.</li>\n<li><b>Liste von Zahlen</b>\nDie Zahlen werden Interpretiert als: Jahr, Monat (beginnend bei 0), Tag, Stunde, Minute, Sekunde, Millisekunde </li>\n<li><b>Einzelne Number</b>\nDie Zahl wird interpretiert als Timestamp. D.h. die Anzahl der vergangenen Millisekunden seit dem 01.01.1970 GMT.</li>\n</ul>"},{"type":"code","crDate":1707315029993,"chDate":1707315030977,"text":"let myDate = new Date();\nconsole.log(myDate);  // -> Aktuelles Datum\n\nlet yourDate = new Date(2023, 3, 10, 15);\nconsole.log(yourDate);  // -> 10. April 2023, 15Uhr\n\nlet thirdDate = new Date('April 20, 2023 15:00:00');\nconsole.log(thirdDate);  // -> 20. April 2023 15Uhr\n\nlet otherDate = new Date(0);\nconsole.log(otherDate);  // -> 1.1.1970, 0Uhr"},{"type":"paragraph","crDate":1707315034624,"chDate":1707315305285,"text":"Aus dem Date-Objekt können mithilfe der Methoden verschiedene Informationen ausgelesen werden:\n<ul>\n<li><b>getFullYear()</b>\nDas Jahr in vierstelliger Schreibweise\n</li>\n<li><b>getHour()</b>\nDie Stunde. Die gleiche Methode gibt es auch month, date, minute, second, millisecond\n</li>\n<li><b>getHourUTC()</b>\nDie Stunde in <i>Unified Time Code</i> (\"Greenwich time\"). Die gleiche Methode gibt es auch month, date, minute, second, millisecond\n</li>\n<li><b>getDay()</b>\nDer Wochentag als Zahl, beginnend bei Sonntag (=0)\n</li>\n<li><b>getTime()</b>\nTimestamp (Millisekunden seit dem 01.01.1970 GMT)\n</li>\n</ul>"},{"type":"paragraph","crDate":1707315349824,"chDate":1707315477999,"text":"Die set-Methoden setzen das entsprechende Attribut auf den übergebenen Wert.\nFalls ein Wert angegeben wird, der nicht mehr in den Zeitrahmen passt (z.B. 35.Januar), so wird die Zeit in den nächsten Zeitrahmen angepasst (4.Februar)."},{"type":"code","crDate":1707315588174,"chDate":1707315604598,"text":"let myDate = new Date(2023, 3, 10, 15);\nconsole.log(myDate.getMonth()); // -> 3\nmyDate.setDate(40);        \nconsole.log(myDate.getMonth()); // -> 4"}]}