{"content":[{"type":"subheader","crDate":1688730158126,"chDate":1688730166902,"text":"jimp"},{"type":"paragraph","crDate":1688730170132,"chDate":1688730436104,"text":"<i>jimp</i> steht für Javascript Image Manipulation Program.\nEs erlaubt die Bearbeitung von Bildern direkt im Code. Bilder können skaliert, gespiegelt, rotiert, eingefärbt, etc. werden.\nAuf diese Weise können sehr einfach z.B. Thumbnails erstellt werden."},{"type":"links","crDate":1688730548051,"chDate":1688730548051,"links":[{"title":"NPM-Link","url":"https://www.npmjs.com/package/jimp"}]},{"type":"subheader","crDate":1688730798758,"chDate":1688730805189,"text":"lodash"},{"type":"paragraph","crDate":1688730809173,"chDate":1688730856752,"text":"Eine sehr beliebte Library mit vielen Funktionen, die das Programmieren erleichtern."},{"type":"links","crDate":1688730875175,"chDate":1688730875175,"links":[{"title":"NPM-Link","url":"https://www.npmjs.com/package/lodash"}]},{"type":"subheader","crDate":1688730981234,"chDate":1688730989391,"text":"Chalk"},{"type":"paragraph","crDate":1688730991576,"chDate":1688731074952,"text":"Einfärben der Ausgaben im Terminal"},{"type":"links","crDate":1688730997039,"chDate":1688730997039,"links":[{"title":"NPM-Link","url":"https://www.npmjs.com/package/chalk"}]},{"type":"subheader","crDate":1688731173610,"chDate":1688731176800,"text":"Moment"},{"type":"paragraph","crDate":1688731179249,"chDate":1688731231973,"text":"Besserer Umgang mit Zeit un Datum."},{"type":"links","crDate":1688731235573,"chDate":1688731235573,"links":[{"title":"NPM-Link","url":"https://www.npmjs.com/package/moment"}]},{"type":"subheader","crDate":1688731317062,"chDate":1688731320566,"text":"Nodemailer"},{"type":"paragraph","crDate":1688731322662,"chDate":1688731331608,"text":"E-Mails über Node versenden."},{"type":"links","crDate":1688731334901,"chDate":1688731334901,"links":[{"title":"NPM-Link","url":"https://www.npmjs.com/package/nodemailer"}]}]}