{"content":[{"type":"paragraph","crDate":1688473057892,"chDate":1688473732374,"text":"Eine Klasse ist eine Struktur, die es ermöglicht, ein Objekt auf einfache Weise zu erzeugen.\nUnter der Haube ist eine Klasse nur eine andere Schreibweise für einen Constructoren. Die Benutzung einer Klasse unterscheidet sich allerdings grundlegend von den Constructoren.\nIn einer Klasse werden Methoden definiert, die im Prototype des erzeugten Objektes eingehängt werden. \nOptional kann die Klasse auch eine Methode namens <i>constructor()</i> enthalten. Diese wird automatisch gefeuert, sobald das Objekt mit den Methoden bereits angelegt ist. Auf diese Weise kann bei der Erzeugung eines Objektes bereits auf dessen Methoden zurückgegriffen werden.\nIn der constructor()-Methode werden die Attribute des zu erzeugenden Objektes bestimmt und in das <i>this</i>-Objekt eingehängt."},{"type":"paragraph","crDate":1688562798374,"chDate":1688562976362,"text":"Um aus der Klasse nun ein Objekt zu erzeugen, wird sie mit dem <i>new</i>-Schlüsselwort aufgerufen."},{"type":"code","crDate":1688473997994,"chDate":1688474071869,"text":"class Person {\n constructor(name, geb) {\n  this.name = name;\n  this.geb = geb;\n }\n sayHello() {\n  console.log(`Hello, my name is ${this.name} and I am ${this.age()} years old.`);\n }\n age(){\n  return (new Date().getFullYear() - this.geb)\n }\n}\n\nconst person = new Person('class Person {\n  constructor(name, geb) {\n    this.name = name;\n    this.geb = geb;\n  }\n\n  sayHello() {\n    console.log(`Hello, my name is ${this.name} and I am ${this.age()} years old.`);\n  }\n\n  age(){\n    return (new Date().getFullYear() - this.geb)\n  }\n}\n\nconst person = new Person('Max Mustermann', 1990);\n\nperson.sayHello(); // -> Hello, my name is Max Mustermann and I am 33 years old."}]}