{"content":[{"type":"code","crDate":1692977283898,"chDate":1692977294569,"text":"// Express\nimport express from 'express';\nconst expressServer = express();\nexpressServer.use(express.static('public'));\n\n// http\nimport http from 'http';\nconst httpServer = http.Server(expressServer);\n\n// Websocket\nimport {Server} from 'socket.io';\nconst io = new Server(httpServer);\n\n// FUNKTIONEN\nconst init = () => {\n httpServer.listen(80, err => console.log(err || 'Server läuft'));\n}\n\nio.on('connect', socket => {\n console.log(socket.id);\n})\n\n// INIT\ninit();"}]}