{"content":[{"type":"paragraph","crDate":1691561676064,"chDate":1691566071528,"text":"Ein DOM-Element kann nur an einer Stelle in der Webseite stehen.\nDas Einhängen eines existierenden DOM-Elementes in ein anderes Parent-Element verschiebt also das Element."},{"type":"subheader","crDate":1691563185269,"chDate":1691563188795,"text":"append()"},{"type":"paragraph","crDate":1691563192724,"chDate":1691565013697,"text":"Jedes DOM-Element trägt die <i>append()</i>-Methode. Mit dieser kann ein Element an das Ende eines Parent-Element eingehängt werden.\nNeben einem DOM-Element kann der append()-Methode auch reiner Text übergeben werden.\nappend() kann auch mehrere Elemente gleichzeitig einhängen.\nDiese Methode hat keinen Rückgabewert.\n"},{"type":"code","crDate":1691563684136,"chDate":1691565248420,"text":"// Eltern-Element auswählen\nconst parent = document.createElement('ul');\ndocument.querySelector('#first').append(parent);\n\nconst moveThis = document.querySelector('#third ul > li:nth-of-type(1)');\nconst moveThat = document.querySelector('#third ul > li:nth-of-type(2)');\nconst moveMore = document.querySelector('#third ul > li:nth-of-type(3)');\n\nparent.append(moveThis, moveThat, moveMore);"},{"type":"paragraph","crDate":1691565858704,"chDate":1691565868151,"text":"Das gleiche, etwas kompakter:"},{"type":"code","crDate":1691565873448,"chDate":1691565875247,"text":"// Eltern-Element auswählen\nconst parent = document.createElement('ul');\ndocument.querySelector('#first').append(parent);\n\nconst moveThis = [...document.querySelectorAll('#third ul > li')];\n\nparent.append(...moveThis);"},{"type":"subheader","crDate":1691566119709,"chDate":1691566124365,"text":"prepend()"},{"type":"paragraph","crDate":1691566160083,"chDate":1691566383977,"text":"Die prepend()-Methode funktioniert genauso wie append(). Allerdings wird das Element an den Anfang des Parent-Elementes eingehängt."},{"type":"code","crDate":1691566459359,"chDate":1691567295954,"text":"const parent = document.createElement('ul');\ndocument.querySelector('#first').prepend(parent);\n\nconst moveThis = [...document.querySelectorAll('#third ul > li')];\n\nparent.prepend(...moveThis);"},{"type":"subheader","crDate":1691566828899,"chDate":1691566835753,"text":"insertBefore()"},{"type":"paragraph","crDate":1691566838738,"chDate":1691567477491,"text":"Die <i>insertBefore()</i>-Methode wird verwendet, um ein Element vor einem anderen Element in ein Dokument einzufügen. Sie nimmt zwei Parameter entgegen: das Element, das eingefügt werden soll, und das Element, vor dem das Element eingefügt werden soll (wir nennen es hier \"Ziel\").\nEtwas unverständlich ist dabei, dass die insertBefore()-Methode aus dem <i>Parent-Element des Zieles</i> heraus aufgerufen wird. Der einfachste Weg, dies zu machen ist, das parent-Element per <i>parentNode</i> zu suchen."},{"type":"code","crDate":1691567272434,"chDate":1691567289882,"text":"const moveToHere = document.querySelector('#second');\nconst moveMe = document.querySelector('#third');\n\nmoveToHere.parentNode.insertBefore(moveMe, moveToHere);"},{"type":"subheader","crDate":1691563696824,"chDate":1691563704046,"text":"appendChild()"},{"type":"paragraph","crDate":1691563708871,"chDate":1691564281654,"text":"Eine ältere Methode ist die <i>appendChild()</i>-Methode. Sie hängt ebenso wie die append()-Methode ein DOM-Element in ein anderes DOM-Element ein. \nSie ist allerdings etwas älter und weniger flexibel. "}]}