{"content":[{"type":"paragraph","crDate":1695815518121,"chDate":1695818944619,"text":"Um zu steuern, wie neue Formen und Bilder mit vorhandenem Inhalt kombiniert werden, kann der blendmode mit dem Attribut <i>globalCompositeOperation</i> eingestellt werden. Dieses Attribut versteht die folgenden Einstellungen."},{"type":"code","crDate":1695816775790,"chDate":1695819887760,"text":"const c = document.querySelector('canvas');\nlet ctx = c.getContext('2d');\n\nctx.globalCompositeOperation = 'source-over';\n\nctx.fillStyle = '#f00';\nctx.fillRect(100, 20, 200, 100);\nctx.fillStyle = '#0f0';\nctx.fillRect(250, 60, 200, 100);\nctx.fillStyle = '#00f';\nctx.fillRect(150, 80, 200, 100);"},{"type":"subheader","crDate":1695818638321,"chDate":1695818954272,"text":"source-over"},{"type":"paragraph","crDate":1695816622266,"chDate":1695818957242,"text":"Standardwert. Die neuen Elemente werden über dem bisherigen Inhalt gelegt."},{"type":"subheader","crDate":1695818961763,"chDate":1695818966291,"text":"destination-over"},{"type":"paragraph","crDate":1695818682083,"chDate":1695818968345,"text":"Die neuen Elemente werden unter dem bisherigen Inhalt gelegt."},{"type":"subheader","crDate":1695818972353,"chDate":1695818978448,"text":"source-in"},{"type":"paragraph","crDate":1695818751849,"chDate":1695818981064,"text":"Die neuen Elemente werden nur dort gezeichnet, wo sie den bisherigen Inhalt überlappen."},{"type":"subheader","crDate":1695818985505,"chDate":1695818990784,"text":"destination-in"},{"type":"paragraph","crDate":1695818777051,"chDate":1695818992754,"text":"Die neuen Elemente werden nur dort gezeichnet, wo sie nicht den bisherigen Inhalt überlappen."},{"type":"subheader","crDate":1695819007558,"chDate":1695819012037,"text":"source-out"},{"type":"paragraph","crDate":1695818800677,"chDate":1695819013867,"text":"Die neuen Elemente werden nur dort nicht gezeichnet, wo sie den bisherigen Inhalt überlappen."},{"type":"subheader","crDate":1695819018126,"chDate":1695819022722,"text":"destination-out"},{"type":"paragraph","crDate":1695818850146,"chDate":1695819024582,"text":"Die neuen Elemente werden nur dort nicht gezeichnet, wo sie nicht den bisherigen Inhalt überlappen."},{"type":"subheader","crDate":1695819029709,"chDate":1695819044594,"text":"xor"},{"type":"paragraph","crDate":1695819046323,"chDate":1695819054603,"text":"Die neuen Elemente werden nur dort gezeichnet, wo sie den bisherigen Inhalt nicht überlappen."},{"type":"subheader","crDate":1695819141318,"chDate":1695819143951,"text":"multiply"},{"type":"paragraph","crDate":1695819161067,"chDate":1695996304626,"text":"Die Werte der Farbkanäle des neuen und des bestehenden Inhalts werden miteinander multipliziert.\nDazu wird der Wert in einem Bereich zwischen 0 und 1 gemappt. D.h., 0 bleibt 0, 255 wird 1, 128 wird 0.5, etc.\n"},{"type":"subheader","crDate":1695819224598,"chDate":1695819226910,"text":"screen"},{"type":"paragraph","crDate":1695819229367,"chDate":1695996376108,"text":"Die Werte der Farbkanäle des neuen und des bestehenden Inhalts werden miteinander addiert.\nDazu wird der Wert in einem Bereich zwischen 0 und 1 gemappt. D.h., 0 bleibt 0, 255 wird 1, 128 wird 0.5, etc.\n"},{"type":"subheader","crDate":1695819287171,"chDate":1695819289531,"text":"overlay"},{"type":"paragraph","crDate":1695819309633,"chDate":1695819311241,"text":"Die neuen Elemente werden mit dem bisherigen Inhalt vermischt, um einen ausgewogenen Effekt zu erzielen"},{"type":"subheader","crDate":1695819286639,"chDate":1695819522144,"text":"darken"},{"type":"paragraph","crDate":1695819545427,"chDate":1695996340238,"text":"Die neuen Elemente werden mit dem bisherigen Inhalt vermischt, wenn sie dunkler als der bisherige Inhalt sind."},{"type":"subheader","crDate":1695819721683,"chDate":1695819723642,"text":"lighten"},{"type":"paragraph","crDate":1695819725988,"chDate":1695996331904,"text":"Die neuen Elemente werden mit dem bisherigen Inhalt vermischt, wenn sie heller als der bisherige Inhalt sind."},{"type":"subheader","crDate":1695819734914,"chDate":1695819740181,"text":"color-dodge"},{"type":"paragraph","crDate":1695819742042,"chDate":1695819749265,"text":"Die neuen Elemente werden mit dem bisherigen Inhalt vermischt, um einen helleren Effekt zu erzielen."},{"type":"subheader","crDate":1695819751426,"chDate":1695819757664,"text":"color-burn"},{"type":"paragraph","crDate":1695819760025,"chDate":1695819766961,"text":"Die neuen Elemente werden mit dem bisherigen Inhalt vermischt, um einen dunkleren Effekt zu erzielen."},{"type":"subheader","crDate":1695819776761,"chDate":1695819781855,"text":"hard-light"},{"type":"paragraph","crDate":1695819783527,"chDate":1695819792871,"text":"Die neuen Elemente werden mit dem bisherigen Inhalt vermischt, um einen ausgewogenen Effekt zu erzielen."},{"type":"subheader","crDate":1695819794432,"chDate":1695819803190,"text":"soft-light"},{"type":"paragraph","crDate":1695819804517,"chDate":1695819811302,"text":"Die neuen Elemente werden mit dem bisherigen Inhalt vermischt, um einen ausgewogenen Effekt zu erzielen."},{"type":"subheader","crDate":1695819813397,"chDate":1695819820236,"text":"difference"},{"type":"paragraph","crDate":1695819821884,"chDate":1695819832052,"text":"Die neuen Elemente werden mit dem bisherigen Inhalt vermischt, um einen Effekt zu erzielen, bei dem die helleren oder dunkleren Pixel des neuen Elements die Pixel des bisherigen Elements ersetzen."},{"type":"subheader","crDate":1695819838417,"chDate":1695819840556,"text":"exclusion"},{"type":"paragraph","crDate":1695819841715,"chDate":1695819854476,"text":"Die neuen Elemente werden mit dem bisherigen Inhalt vermischt, um einen Effekt zu erzielen, bei dem die helleren oder dunkleren Pixel des neuen Elements die Pixel des bisherigen Elements ersetzen."}]}