{"content":[{"type":"paragraph","crDate":1725947941661,"chDate":1725948238668,"text":"Das Erzeugen zufälliger Zahlen ist ein immer wiederkehrender Wunsch. Dazu empfiehlt sich eine Funktion, welche auf Basis von Minimal- und Maximalwerten eine zufällige, ganze Zahl zurückgibt."},{"type":"code","crDate":1725948057911,"chDate":1725948681006,"text":"const createNumber = (min, max) => \n Math.floor(Math.random() * (max - min + 1) + min);\n\nconst num = createNumber(10, 20);\n\nconsole.log(num);"},{"type":"paragraph","crDate":1725950103759,"chDate":1725950141840,"text":"Mit ein wenig mehr Aufwand kann diese Funktion erweitert werden, um auch die Anzahl der Nachkommastellen zu definieren."},{"type":"code","crDate":1725950151251,"chDate":1725950189952,"text":"const createNumber = (min = 0, max = 100, dec = 1) => {\n let multiplyer = 10 ** dec;\n let rnd = Math.random();\n rnd = rnd * (max - min + (1 / multiplyer)) + min;\n rnd = Math.floor(rnd * multiplyer) / multiplyer;\n return rnd\n};\n\nconst num = createNumber(10, 20, 2);\n\nconsole.log(num);"},{"type":"subheader","crDate":1725951196143,"chDate":1725951210928,"text":"Zufällige Farbe"},{"type":"paragraph","crDate":1725951193226,"chDate":1725951310554,"text":"Auf Basis der Zufallszahl können auch andere Zufallswerte erzeugt werden., Hier eine Funktion, die einen zufälligen Farbcode erzeugt.\nEs ist zu beachten, dass die Funktion Named Parameters verwendet."},{"type":"code","crDate":1725951214870,"chDate":1725951241611,"text":"const createNumber = (min, max) => ~~(Math.random() * (max - min + 1) + min);\n\nconst createColor = ({\n minHue = 0, maxHue = 360,\n minSat = 0, maxSat = 100,\n minLight = 50, maxLight = 50,\n minAlpha = 1, maxAlpha = 1\n} = {}) => {\n let color = 'hsl(';\n color += `${createNumber(minHue, maxHue)},`;\n color += `${createNumber(minSat, maxSat)}%,`\n color += `${createNumber(minLight, maxLight)}%,`\n color += `${Math.random() * (maxAlpha - minAlpha) + minAlpha})`\n return color;\n}\n\nlet myColor = createColor();\nconsole.log(myColor);\n\n// Grüntöne mit wenig Sättigung\nmyColor = createColor({minHue: 100, maxHue:140, minSat: 20, maxSat: 40});\nconsole.log(myColor);\n\n// Wechselnde Farben mit 20% Deckung\nmyColor = createColor({minAlpha: .2, maxAlpha: .2});\nconsole.log(myColor);"}]}