{"content":[{"type":"paragraph","crDate":1689163954966,"chDate":1689166767073,"text":"Routen und Middlewares bekommen als ersten Parameter ein Objekt übergeben, das viele Informationen bzgl. der Anfrage enthält.\nDiese wichtigsten sind:\n<ul>\n<li>url: Abgefragte URL inklusive der Parameter</li>\n<li>method: Methode der Anfrage</li>\n<li>query: Parameter der Abfrage</li>\n<li>params: URL-Parameter der Route</li>\n<li>ip: IP-Adresse der Abfrage</li>\n</ul>\nDiese Attribute können in Middleware und Routen auf belienige Weise verwendet werden."},{"type":"subheader","crDate":1689166737683,"chDate":1689166742603,"text":"Post-Parameter"},{"type":"paragraph","crDate":1689166772880,"chDate":1689168009684,"text":"Falls die Anfrage nicht mit der GET-Methode übergeben wurde, muss die übergebene Information mittels einer Middleware ausgelesen werden.\nJSON-Daten werden mit der <i>express.json()</i>-Methode ausgelesen und in das <i>body</i>-Attribut geschrieben.\nURLencoded Daten werden mit <i>express.urlencoded({ extended: true })</i> in das <i>body</i>-Attribut geschrieben."},{"type":"code","crDate":1689167391859,"chDate":1689167856534,"text":"import express from 'express';\nconst server = express();\nserver.use(express.json())\n\nserver.use('/', (req, res) => {\n console.log(req.body);\n res.send('Hallo Welt')\n});\n\nserver.listen(8000, err => console.log(err || 'Server läuft'));"},{"type":"code","crDate":1689167773781,"chDate":1689167860566,"text":"import express from 'express';\nconst server = express();\nserver.use(express.urlencoded({ extended: true }))\n\nserver.use('/', (req, res) => {\n console.log(req.body);\n res.send('Hallo Welt')\n});\n\nserver.listen(8000, err => console.log(err || 'Server läuft'));\n"}]}