{"content":[{"type":"paragraph","crDate":1685447100119,"chDate":1685964690800,"text":"Boolean kann nur eine von zwei möglichen Werten annehmen: True oder False. \nDamit lassen sich Logik, bedingte Anweisungen und Schleifen umsetzen.\nEin Boolean kann als Literal angelegt werden oder als Rückgabe einer logischen Operation kommen."},{"type":"code","crDate":1685964905651,"chDate":1685965194547,"text":"let myBoolean = true;\nconsole.log(myBoolean);  // -> true\n\nmyBoolean = 'Hallo' == 'hallo';\nconsole.log(myBoolean);  // -> false\n\nmyBoolean = Math.random() > .5;\nconsole.log(myBoolean);  // -> Zufällig true oder false"}]}